iteration,rank,pp_stage,pp_lane,predecessor_node_id,predicted_optimizer_ready_ns,next_node_contract,observed_backward_done_ns,observed_first_rs_start_ns,measured_tail_launch_lag_ns,predicted_first_rs_ready_ns
55,0,0,0,rank0:B3,18252367772,first_optimizer_collective_or_local_tail,1785477764772970005,1785477764789544563,16574558,18268942330
55,1,0,1,rank1:B3,18248205129,first_optimizer_collective_or_local_tail,1785477764773209724,1785477764789733123,16523399,18264728528
55,2,0,2,rank2:B3,18256748090,first_optimizer_collective_or_local_tail,1785477764772950025,1785477764789367105,16417080,18273165170
55,3,0,3,rank3:B3,18252351069,first_optimizer_collective_or_local_tail,1785477764772885794,1785477764789484959,16599165,18268950234
55,4,0,4,rank4:B3,18261151899,first_optimizer_collective_or_local_tail,1785477764772393268,1785477764788715384,16322116,18277474015
55,5,0,5,rank5:B3,18263536700,first_optimizer_collective_or_local_tail,1785477764772212091,1785477764788594100,16382009,18279918709
55,6,0,6,rank6:B3,18251526806,first_optimizer_collective_or_local_tail,1785477764772600357,1785477764789040579,16440222,18267967028
55,7,0,7,rank7:B3,18249038743,first_optimizer_collective_or_local_tail,1785477764772602594,1785477764788968258,16365664,18265404407
55,8,0,8,rank8:B3,18396605372,first_optimizer_collective_or_local_tail,1785477764894733458,1785477764911105030,16371572,18412976944
55,9,0,9,rank9:B3,18418651924,first_optimizer_collective_or_local_tail,1785477764893971529,1785477764910654349,16682820,18435334744
55,10,0,10,rank10:B3,18416191119,first_optimizer_collective_or_local_tail,1785477764893323371,1785477764909791349,16467978,18432659097
55,11,0,11,rank11:B3,18417224400,first_optimizer_collective_or_local_tail,1785477764893535045,1785477764910284837,16749792,18433974192
55,12,0,12,rank12:B3,18417392662,first_optimizer_collective_or_local_tail,1785477764893122814,1785477764909802355,16679541,18434072203
55,13,0,13,rank13:B3,18417961461,first_optimizer_collective_or_local_tail,1785477764892913799,1785477764909363300,16449501,18434410962
55,14,0,14,rank14:B3,18409223428,first_optimizer_collective_or_local_tail,1785477764894766641,1785477764911497271,16730630,18425954058
55,15,0,15,rank15:B3,18408932746,first_optimizer_collective_or_local_tail,1785477764894903349,1785477764911530568,16627219,18425559965
55,16,1,0,rank16:B3,17842033390,first_optimizer_collective_or_local_tail,1785477764269539444,1785477764375662000,106122556,17948155946
55,17,1,1,rank17:B3,17837478597,first_optimizer_collective_or_local_tail,1785477764269294727,1785477764375545415,106250688,17943729285
55,18,1,2,rank18:B3,17846343311,first_optimizer_collective_or_local_tail,1785477764268935923,1785477764375104210,106168287,17952511598
55,19,1,3,rank19:B3,17842074475,first_optimizer_collective_or_local_tail,1785477764268853498,1785477764375834789,106981291,17949055766
55,20,1,4,rank20:B3,17850874284,first_optimizer_collective_or_local_tail,1785477764269078015,1785477764374925690,105847675,17956721959
55,21,1,5,rank21:B3,17853452715,first_optimizer_collective_or_local_tail,1785477764268888899,1785477764374804854,105915955,17959368670
55,22,1,6,rank22:B3,17842458540,first_optimizer_collective_or_local_tail,1785477764268921927,1785477764376400000,107478073,17949936613
55,23,1,7,rank23:B3,17840039828,first_optimizer_collective_or_local_tail,1785477764269372014,1785477764376254916,106882902,17946922730
55,24,1,8,rank24:B3,17984143123,first_optimizer_collective_or_local_tail,1785477764388798141,1785477764495537813,106739672,18090882795
55,25,1,9,rank25:B3,18007260436,first_optimizer_collective_or_local_tail,1785477764391477661,1785477764495891676,104414015,18111674451
55,26,1,10,rank26:B3,18003716861,first_optimizer_collective_or_local_tail,1785477764387139946,1785477764494707136,107567190,18111284051
55,27,1,11,rank27:B3,18004163389,first_optimizer_collective_or_local_tail,1785477764386961998,1785477764493422956,106460958,18110624347
55,28,1,12,rank28:B3,18004609255,first_optimizer_collective_or_local_tail,1785477764386928289,1785477764493708504,106780215,18111389470
55,29,1,13,rank29:B3,18005688509,first_optimizer_collective_or_local_tail,1785477764387680778,1785477764493766302,106085524,18111774033
55,30,1,14,rank30:B3,17996147553,first_optimizer_collective_or_local_tail,1785477764387427554,1785477764495365149,107937595,18104085148
55,31,1,15,rank31:B3,17995850924,first_optimizer_collective_or_local_tail,1785477764388920722,1785477764495277034,106356312,18102207236
55,32,2,0,rank32:B3,17096357526,first_optimizer_collective_or_local_tail,1785477763429042068,1785477763554181538,125139470,17221496996
55,33,2,1,rank33:B3,17091663907,first_optimizer_collective_or_local_tail,1785477763429399931,1785477763553956732,124556801,17216220708
55,34,2,2,rank34:B3,17101648053,first_optimizer_collective_or_local_tail,1785477763428994267,1785477763553952293,124958026,17226606079
55,35,2,3,rank35:B3,17095561334,first_optimizer_collective_or_local_tail,1785477763428769253,1785477763554588307,125819054,17221380388
55,36,2,4,rank36:B3,17101957151,first_optimizer_collective_or_local_tail,1785477763429317632,1785477763552431370,123113738,17225070889
55,37,2,5,rank37:B3,17106020173,first_optimizer_collective_or_local_tail,1785477763428976253,1785477763552720635,123744382,17229764555
55,38,2,6,rank38:B3,17097528375,first_optimizer_collective_or_local_tail,1785477763428831093,1785477763554431598,125600505,17223128880
55,39,2,7,rank39:B3,17093147549,first_optimizer_collective_or_local_tail,1785477763428713759,1785477763554226171,125512412,17218659961
55,40,2,8,rank40:B3,17250981396,first_optimizer_collective_or_local_tail,1785477763562135045,1785477763668506713,106371668,17357353064
55,41,2,9,rank41:B3,17271368135,first_optimizer_collective_or_local_tail,1785477763562991348,1785477763669016426,106025078,17377393213
55,42,2,10,rank42:B3,17272533463,first_optimizer_collective_or_local_tail,1785477763561968364,1785477763668759045,106790681,17379324144
55,43,2,11,rank43:B3,17273198476,first_optimizer_collective_or_local_tail,1785477763562700415,1785477763668845457,106145042,17379343518
55,44,2,12,rank44:B3,17273854589,first_optimizer_collective_or_local_tail,1785477763562769837,1785477763669281489,106511652,17380366241
55,45,2,13,rank45:B3,17274562245,first_optimizer_collective_or_local_tail,1785477763561865909,1785477763669752962,107887053,17382449298
55,46,2,14,rank46:B3,17265051404,first_optimizer_collective_or_local_tail,1785477763562409852,1785477763669084477,106674625,17371726029
55,47,2,15,rank47:B3,17263477618,first_optimizer_collective_or_local_tail,1785477763562165112,1785477763669414636,107249524,17370727142
55,48,3,0,rank48:B3,16389634276,first_optimizer_collective_or_local_tail,1785477762628967181,1785477762735531346,106564165,16496198441
55,49,3,1,rank49:B3,16384630678,first_optimizer_collective_or_local_tail,1785477762628738548,1785477762735572265,106833717,16491464395
55,50,3,2,rank50:B3,16393676321,first_optimizer_collective_or_local_tail,1785477762627901161,1785477762734581494,106680333,16500356654
55,51,3,3,rank51:B3,16388145698,first_optimizer_collective_or_local_tail,1785477762627540351,1785477762734479230,106938879,16495084577
55,52,3,4,rank52:B3,16394418198,first_optimizer_collective_or_local_tail,1785477762627849902,1785477762735132739,107282837,16501701035
55,53,3,5,rank53:B3,16398290319,first_optimizer_collective_or_local_tail,1785477762628691482,1785477762735180370,106488888,16504779207
55,54,3,6,rank54:B3,16390088443,first_optimizer_collective_or_local_tail,1785477762628416107,1785477762735053334,106637227,16496725670
55,55,3,7,rank55:B3,16385644078,first_optimizer_collective_or_local_tail,1785477762627652032,1785477762735767405,108115373,16493759451
55,56,3,8,rank56:B3,16540825291,first_optimizer_collective_or_local_tail,1785477762759788126,1785477762865079135,105291009,16646116300
55,57,3,9,rank57:B3,16560299988,first_optimizer_collective_or_local_tail,1785477762758561848,1785477762864964857,106403009,16666702997
55,58,3,10,rank58:B3,16562519044,first_optimizer_collective_or_local_tail,1785477762759247089,1785477762865018299,105771210,16668290254
55,59,3,11,rank59:B3,16562889901,first_optimizer_collective_or_local_tail,1785477762758622210,1785477762865412785,106790575,16669680476
55,60,3,12,rank60:B3,16563286740,first_optimizer_collective_or_local_tail,1785477762759933176,1785477762865537383,105604207,16668890947
55,61,3,13,rank61:B3,16565044532,first_optimizer_collective_or_local_tail,1785477762758870825,1785477762865729728,106858903,16671903435
55,62,3,14,rank62:B3,16555166846,first_optimizer_collective_or_local_tail,1785477762759057440,1785477762865611416,106553976,16661720822
55,63,3,15,rank63:B3,16553778723,first_optimizer_collective_or_local_tail,1785477762759022215,1785477762865667312,106645097,16660423820
55,64,4,0,rank64:B3,15636602268,first_optimizer_collective_or_local_tail,1785477761783949946,1785477761918737806,134787860,15771390128
55,65,4,1,rank65:B3,15632897738,first_optimizer_collective_or_local_tail,1785477761783724642,1785477761918543286,134818644,15767716382
55,66,4,2,rank66:B3,15643428193,first_optimizer_collective_or_local_tail,1785477761784000526,1785477761918511228,134510702,15777938895
55,67,4,3,rank67:B3,15639169646,first_optimizer_collective_or_local_tail,1785477761785068779,1785477761918891866,133823087,15772992733
55,68,4,4,rank68:B3,15644015465,first_optimizer_collective_or_local_tail,1785477761783531263,1785477761918360591,134829328,15778844793
55,69,4,5,rank69:B3,15647007537,first_optimizer_collective_or_local_tail,1785477761784661198,1785477761918236118,133574920,15780582457
55,70,4,6,rank70:B3,15640475721,first_optimizer_collective_or_local_tail,1785477761784001966,1785477761920085473,136083507,15776559228
55,71,4,7,rank71:B3,15636756489,first_optimizer_collective_or_local_tail,1785477761783921820,1785477761919784541,135862721,15772619210
55,72,4,8,rank72:B3,15842786448,first_optimizer_collective_or_local_tail,1785477761968262521,1785477762075080914,106818393,15949604841
55,73,4,9,rank73:B3,15863302054,first_optimizer_collective_or_local_tail,1785477761968213298,1785477762074882617,106669319,15969971373
55,74,4,10,rank74:B3,15864677714,first_optimizer_collective_or_local_tail,1785477761967711095,1785477762074427238,106716143,15971393857
55,75,4,11,rank75:B3,15865725305,first_optimizer_collective_or_local_tail,1785477761967633716,1785477762074192120,106558404,15972283709
55,76,4,12,rank76:B3,15865063049,first_optimizer_collective_or_local_tail,1785477761967992908,1785477762074724190,106731282,15971794331
55,77,4,13,rank77:B3,15867644894,first_optimizer_collective_or_local_tail,1785477761967951084,1785477762074364583,106413499,15974058393
55,78,4,14,rank78:B3,15857832054,first_optimizer_collective_or_local_tail,1785477761968004914,1785477762074523852,106518938,15964350992
55,79,4,15,rank79:B3,15856852368,first_optimizer_collective_or_local_tail,1785477761968866545,1785477762074855817,105989272,15962841640
55,80,5,0,rank80:B3,14930297613,first_optimizer_collective_or_local_tail,1785477760982297642,1785477761099146055,116848413,15047146026
55,81,5,1,rank81:B3,14925697167,first_optimizer_collective_or_local_tail,1785477760981782014,1785477761096977652,115195638,15040892805
55,82,5,2,rank82:B3,14934525909,first_optimizer_collective_or_local_tail,1785477760981612412,1785477761096308060,114695648,15049221557
55,83,5,3,rank83:B3,14928330551,first_optimizer_collective_or_local_tail,1785477760981893066,1785477761096860220,114967154,15043297705
55,84,5,4,rank84:B3,14935632798,first_optimizer_collective_or_local_tail,1785477760981673972,1785477761095825794,114151822,15049784620
55,85,5,5,rank85:B3,14938091213,first_optimizer_collective_or_local_tail,1785477760982414557,1785477761095609523,113194966,15051286179
55,86,5,6,rank86:B3,14932396233,first_optimizer_collective_or_local_tail,1785477760981688637,1785477761096248624,114559987,15046956220
55,87,5,7,rank87:B3,14929007375,first_optimizer_collective_or_local_tail,1785477760982220747,1785477761096867170,114646423,15043653798
55,88,5,8,rank88:B3,15138605179,first_optimizer_collective_or_local_tail,1785477761170113291,1785477761276804757,106691466,15245296645
55,89,5,9,rank89:B3,15159142816,first_optimizer_collective_or_local_tail,1785477761171427010,1785477761276993300,105566290,15264709106
55,90,5,10,rank90:B3,15160565737,first_optimizer_collective_or_local_tail,1785477761170248551,1785477761276703618,106455067,15267020804
55,91,5,11,rank91:B3,15161598817,first_optimizer_collective_or_local_tail,1785477761170129242,1785477761276121527,105992285,15267591102
55,92,5,12,rank92:B3,15161287314,first_optimizer_collective_or_local_tail,1785477761170068420,1785477761277103348,107034928,15268322242
55,93,5,13,rank93:B3,15163594674,first_optimizer_collective_or_local_tail,1785477761170080119,1785477761276728842,106648723,15270243397
55,94,5,14,rank94:B3,15153861900,first_optimizer_collective_or_local_tail,1785477761170724109,1785477761276907181,106183072,15260044972
55,95,5,15,rank95:B3,15151793187,first_optimizer_collective_or_local_tail,1785477761170145500,1785477761276533306,106387806,15258180993
55,96,6,0,rank96:B3,14218754952,first_optimizer_collective_or_local_tail,1785477760175889677,1785477760305299233,129409556,14348164508
55,97,6,1,rank97:B3,14213409179,first_optimizer_collective_or_local_tail,1785477760175716787,1785477760304391256,128674469,14342083648
55,98,6,2,rank98:B3,14222937308,first_optimizer_collective_or_local_tail,1785477760175986558,1785477760304445348,128458790,14351396098
55,99,6,3,rank99:B3,14216538202,first_optimizer_collective_or_local_tail,1785477760176105232,1785477760304224397,128119165,14344657367
55,100,6,4,rank100:B3,14224142487,first_optimizer_collective_or_local_tail,1785477760176204886,1785477760304652390,128447504,14352589991
55,101,6,5,rank101:B3,14225988902,first_optimizer_collective_or_local_tail,1785477760176861855,1785477760304761381,127899526,14353888428
55,102,6,6,rank102:B3,14221079861,first_optimizer_collective_or_local_tail,1785477760176112467,1785477760304590902,128478435,14349558296
55,103,6,7,rank103:B3,14215817147,first_optimizer_collective_or_local_tail,1785477760175806072,1785477760305169111,129363039,14345180186
55,104,6,8,rank104:B3,14445928799,first_optimizer_collective_or_local_tail,1785477760382928238,1785477760490397274,107469036,14553397835
55,105,6,9,rank105:B3,14465080716,first_optimizer_collective_or_local_tail,1785477760383818542,1785477760490374749,106556207,14571636923
55,106,6,10,rank106:B3,14467451546,first_optimizer_collective_or_local_tail,1785477760383145375,1785477760489780623,106635248,14574086794
55,107,6,11,rank107:B3,14468586963,first_optimizer_collective_or_local_tail,1785477760383269213,1785477760489924669,106655456,14575242419
55,108,6,12,rank108:B3,14469318205,first_optimizer_collective_or_local_tail,1785477760383543090,1785477760491116487,107573397,14576891602
55,109,6,13,rank109:B3,14470918071,first_optimizer_collective_or_local_tail,1785477760384883421,1785477760490010300,105126879,14576044950
55,110,6,14,rank110:B3,14461340421,first_optimizer_collective_or_local_tail,1785477760383862709,1785477760491001110,107138401,14568478822
55,111,6,15,rank111:B3,14460168922,first_optimizer_collective_or_local_tail,1785477760385215107,1785477760491316133,106101026,14566269948
55,112,7,0,rank112:B3,13514629476,first_optimizer_collective_or_local_tail,1785477759377716238,1785477759494614651,116898413,13631527889
55,113,7,1,rank113:B3,13509646804,first_optimizer_collective_or_local_tail,1785477759377483312,1785477759494678289,117194977,13626841781
55,114,7,2,rank114:B3,13517977700,first_optimizer_collective_or_local_tail,1785477759377725613,1785477759494777943,117052330,13635030030
55,115,7,3,rank115:B3,13512049122,first_optimizer_collective_or_local_tail,1785477759377760403,1785477759494778857,117018454,13629067576
55,116,7,4,rank116:B3,13519166013,first_optimizer_collective_or_local_tail,1785477759377892671,1785477759493127832,115235161,13634401174
55,117,7,5,rank117:B3,13519005514,first_optimizer_collective_or_local_tail,1785477759377846687,1785477759493313891,115467204,13634472718
55,118,7,6,rank118:B3,13513713716,first_optimizer_collective_or_local_tail,1785477759379930356,1785477759493565996,113635640,13627349356
55,119,7,7,rank119:B3,13512863208,first_optimizer_collective_or_local_tail,1785477759378509561,1785477759494405156,115895595,13628758803
55,120,7,8,rank120:B3,13746528385,first_optimizer_collective_or_local_tail,1785477759587993407,1785477759696276415,108283008,13854811393
55,121,7,9,rank121:B3,13764597480,first_optimizer_collective_or_local_tail,1785477759588811772,1785477759696316041,107504269,13872101749
55,122,7,10,rank122:B3,13766380613,first_optimizer_collective_or_local_tail,1785477759588670517,1785477759694902408,106231891,13872612504
55,123,7,11,rank123:B3,13768272341,first_optimizer_collective_or_local_tail,1785477759589097934,1785477759695912440,106814506,13875086847
55,124,7,12,rank124:B3,13767458267,first_optimizer_collective_or_local_tail,1785477759588368217,1785477759694557806,106189589,13873647856
55,125,7,13,rank125:B3,13767635546,first_optimizer_collective_or_local_tail,1785477759588444774,1785477759694697331,106252557,13873888103
55,126,7,14,rank126:B3,13760016052,first_optimizer_collective_or_local_tail,1785477759589057467,1785477759695797715,106740248,13866756300
55,127,7,15,rank127:B3,13757939244,first_optimizer_collective_or_local_tail,1785477759588534466,1785477759696041721,107507255,13865446499
55,128,8,0,rank128:B3,12829982062,first_optimizer_collective_or_local_tail,1785477758599591196,1785477758705816027,106224831,12936206893
55,129,8,1,rank129:B3,12825047151,first_optimizer_collective_or_local_tail,1785477758600259544,1785477758705986927,105727383,12930774534
55,130,8,2,rank130:B3,12834056673,first_optimizer_collective_or_local_tail,1785477758601563627,1785477758706666118,105102491,12939159164
55,131,8,3,rank131:B3,12828019181,first_optimizer_collective_or_local_tail,1785477758599332708,1785477758706578795,107246087,12935265268
55,132,8,4,rank132:B3,12834102074,first_optimizer_collective_or_local_tail,1785477758599117030,1785477758705465206,106348176,12940450250
55,133,8,5,rank133:B3,12834065058,first_optimizer_collective_or_local_tail,1785477758600005884,1785477758705965701,105959817,12940024875
55,134,8,6,rank134:B3,12826165930,first_optimizer_collective_or_local_tail,1785477758599070563,1785477758704979238,105908675,12932074605
55,135,8,7,rank135:B3,12826951236,first_optimizer_collective_or_local_tail,1785477758599926018,1785477758705539020,105613002,12932564238
55,136,8,8,rank136:B3,13060696037,first_optimizer_collective_or_local_tail,1785477758809177907,1785477758914810095,105632188,13166328225
55,137,8,9,rank137:B3,13078259226,first_optimizer_collective_or_local_tail,1785477758808955543,1785477758915402967,106447424,13184706650
55,138,8,10,rank138:B3,13079824897,first_optimizer_collective_or_local_tail,1785477758808960005,1785477758914888506,105928501,13185753398
55,139,8,11,rank139:B3,13081944364,first_optimizer_collective_or_local_tail,1785477758808931391,1785477758915735809,106804418,13188748782
55,140,8,12,rank140:B3,13081599829,first_optimizer_collective_or_local_tail,1785477758808754636,1785477758915232515,106477879,13188077708
55,141,8,13,rank141:B3,13081698579,first_optimizer_collective_or_local_tail,1785477758809218462,1785477758916011147,106792685,13188491264
55,142,8,14,rank142:B3,13074752627,first_optimizer_collective_or_local_tail,1785477758808718954,1785477758916665278,107946324,13182698951
55,143,8,15,rank143:B3,13073230032,first_optimizer_collective_or_local_tail,1785477758809077090,1785477758916495967,107418877,13180648909
55,144,9,0,rank144:B3,12144151412,first_optimizer_collective_or_local_tail,1785477757819984424,1785477757926694711,106710287,12250861699
55,145,9,1,rank145:B3,12138463288,first_optimizer_collective_or_local_tail,1785477757819539294,1785477757926396660,106857366,12245320654
55,146,9,2,rank146:B3,12145840620,first_optimizer_collective_or_local_tail,1785477757819591394,1785477757926235389,106643995,12252484615
55,147,9,3,rank147:B3,12141911498,first_optimizer_collective_or_local_tail,1785477757819710941,1785477757926224270,106513329,12248424827
55,148,9,4,rank148:B3,12148267908,first_optimizer_collective_or_local_tail,1785477757819816198,1785477757926156070,106339872,12254607780
55,149,9,5,rank149:B3,12147400841,first_optimizer_collective_or_local_tail,1785477757820254917,1785477757926172605,105917688,12253318529
55,150,9,6,rank150:B3,12141300117,first_optimizer_collective_or_local_tail,1785477757820450157,1785477757927312288,106862131,12248162248
55,151,9,7,rank151:B3,12141622910,first_optimizer_collective_or_local_tail,1785477757820436307,1785477757927732733,107296426,12248919336
55,152,9,8,rank152:B3,12336550351,first_optimizer_collective_or_local_tail,1785477757988863695,1785477758097967337,109103642,12445653993
55,153,9,9,rank153:B3,12354389004,first_optimizer_collective_or_local_tail,1785477757991014702,1785477758098290469,107275767,12461664771
55,154,9,10,rank154:B3,12352850799,first_optimizer_collective_or_local_tail,1785477757989021815,1785477758094901772,105879957,12458730756
55,155,9,11,rank155:B3,12355039854,first_optimizer_collective_or_local_tail,1785477757988164055,1785477758094870135,106706080,12461745934
55,156,9,12,rank156:B3,12354705072,first_optimizer_collective_or_local_tail,1785477757988609012,1785477758095160387,106551375,12461256447
55,157,9,13,rank157:B3,12354614659,first_optimizer_collective_or_local_tail,1785477757989289495,1785477758094765516,105476021,12460090680
55,158,9,14,rank158:B3,12348810415,first_optimizer_collective_or_local_tail,1785477757988374785,1785477758096155176,107780391,12456590806
55,159,9,15,rank159:B3,12346741048,first_optimizer_collective_or_local_tail,1785477757988342534,1785477758095530344,107187810,12453928858
55,160,10,0,rank160:B3,11420237263,first_optimizer_collective_or_local_tail,1785477757001885837,1785477757130724133,128838296,11549075559
55,161,10,1,rank161:B3,11415515981,first_optimizer_collective_or_local_tail,1785477757002137293,1785477757130210624,128073331,11543589312
55,162,10,2,rank162:B3,11422128472,first_optimizer_collective_or_local_tail,1785477757001800714,1785477757130045311,128244597,11550373069
55,163,10,3,rank163:B3,11418535317,first_optimizer_collective_or_local_tail,1785477757001897950,1785477757130776359,128878409,11547413726
55,164,10,4,rank164:B3,11423659644,first_optimizer_collective_or_local_tail,1785477757002532102,1785477757129937718,127405616,11551065260
55,165,10,5,rank165:B3,11422620764,first_optimizer_collective_or_local_tail,1785477757002236032,1785477757129591738,127355706,11549976470
55,166,10,6,rank166:B3,11417276996,first_optimizer_collective_or_local_tail,1785477757002106551,1785477757130344305,128237754,11545514750
55,167,10,7,rank167:B3,11417237814,first_optimizer_collective_or_local_tail,1785477757002160137,1785477757130312892,128152755,11545390569
55,168,10,8,rank168:B3,11611049321,first_optimizer_collective_or_local_tail,1785477757170498020,1785477757278808101,108310081,11719359402
55,169,10,9,rank169:B3,11614025709,first_optimizer_collective_or_local_tail,1785477757170801318,1785477757280206923,109405605,11723431314
55,170,10,10,rank170:B3,11627270740,first_optimizer_collective_or_local_tail,1785477757171001424,1785477757280132175,109130751,11736401491
55,171,10,11,rank171:B3,11634345266,first_optimizer_collective_or_local_tail,1785477757172044524,1785477757280422242,108377718,11742722984
55,172,10,12,rank172:B3,11630120527,first_optimizer_collective_or_local_tail,1785477757171049838,1785477757280419019,109369181,11739489708
55,173,10,13,rank173:B3,11632079275,first_optimizer_collective_or_local_tail,1785477757171421959,1785477757280443307,109021348,11741100623
55,174,10,14,rank174:B3,11625758053,first_optimizer_collective_or_local_tail,1785477757171323768,1785477757279251297,107927529,11733685582
55,175,10,15,rank175:B3,11620730348,first_optimizer_collective_or_local_tail,1785477757170896675,1785477757280104303,109207628,11729937976
55,176,11,0,rank176:B3,10736274215,first_optimizer_collective_or_local_tail,1785477756224386230,1785477756330923378,106537148,10842811363
55,177,11,1,rank177:B3,10728554280,first_optimizer_collective_or_local_tail,1785477756221494500,1785477756330997535,109503035,10838057315
55,178,11,2,rank178:B3,10736990554,first_optimizer_collective_or_local_tail,1785477756223554241,1785477756330737888,107183647,10844174201
55,179,11,3,rank179:B3,10731320884,first_optimizer_collective_or_local_tail,1785477756221362527,1785477756330939479,109576952,10840897836
55,180,11,4,rank180:B3,10736564687,first_optimizer_collective_or_local_tail,1785477756222713310,1785477756330210357,107497047,10844061734
55,181,11,5,rank181:B3,10735998310,first_optimizer_collective_or_local_tail,1785477756222719516,1785477756330087989,107368473,10843366783
55,182,11,6,rank182:B3,10729022215,first_optimizer_collective_or_local_tail,1785477756221500638,1785477756331998436,110497798,10839520013
55,183,11,7,rank183:B3,10730817579,first_optimizer_collective_or_local_tail,1785477756222138750,1785477756331840372,109701622,10840519201
55,184,11,8,rank184:B3,10922602737,first_optimizer_collective_or_local_tail,1785477756388386976,1785477756495019146,106632170,11029234907
55,185,11,9,rank185:B3,10925683856,first_optimizer_collective_or_local_tail,1785477756389178532,1785477756495417975,106239443,11031923299
55,186,11,10,rank186:B3,10938101545,first_optimizer_collective_or_local_tail,1785477756389439284,1785477756494754004,105314720,11043416265
55,187,11,11,rank187:B3,10944264882,first_optimizer_collective_or_local_tail,1785477756388454725,1785477756494955721,106500996,11050765878
55,188,11,12,rank188:B3,10940087932,first_optimizer_collective_or_local_tail,1785477756388022230,1785477756494286969,106264739,11046352671
55,189,11,13,rank189:B3,10941982998,first_optimizer_collective_or_local_tail,1785477756388216876,1785477756494138330,105921454,11047904452
55,190,11,14,rank190:B3,10937044881,first_optimizer_collective_or_local_tail,1785477756389175401,1785477756495489418,106314017,11043358898
55,191,11,15,rank191:B3,10932508843,first_optimizer_collective_or_local_tail,1785477756388367327,1785477756495984771,107617444,11040126287
55,192,12,0,rank192:B3,10045962920,first_optimizer_collective_or_local_tail,1785477755443021271,1785477755553222978,110201707,10156164627
55,193,12,1,rank193:B3,10044762333,first_optimizer_collective_or_local_tail,1785477755444108513,1785477755553114813,109006300,10153768633
55,194,12,2,rank194:B3,10049129657,first_optimizer_collective_or_local_tail,1785477755443267650,1785477755554370092,111102442,10160232099
55,195,12,3,rank195:B3,10047400195,first_optimizer_collective_or_local_tail,1785477755443539043,1785477755554745858,111206815,10158607010
55,196,12,4,rank196:B3,10047666261,first_optimizer_collective_or_local_tail,1785477755443197530,1785477755553219218,110021688,10157687949
55,197,12,5,rank197:B3,10049739049,first_optimizer_collective_or_local_tail,1785477755443151861,1785477755552806980,109655119,10159394168
55,198,12,6,rank198:B3,10043332453,first_optimizer_collective_or_local_tail,1785477755442936684,1785477755553870178,110933494,10154265947
55,199,12,7,rank199:B3,10047122751,first_optimizer_collective_or_local_tail,1785477755444830487,1785477755554298351,109467864,10156590615
55,200,12,8,rank200:B3,10233134776,first_optimizer_collective_or_local_tail,1785477755604582880,1785477755711728971,107146091,10340280867
55,201,12,9,rank201:B3,10235687563,first_optimizer_collective_or_local_tail,1785477755604562665,1785477755711995079,107432414,10343119977
55,202,12,10,rank202:B3,10246849465,first_optimizer_collective_or_local_tail,1785477755605096581,1785477755711149330,106052749,10352902214
55,203,12,11,rank203:B3,10253767203,first_optimizer_collective_or_local_tail,1785477755605877678,1785477755710802814,104925136,10358692339
55,204,12,12,rank204:B3,10249078696,first_optimizer_collective_or_local_tail,1785477755604681268,1785477755710055268,105374000,10354452696
55,205,12,13,rank205:B3,10251018674,first_optimizer_collective_or_local_tail,1785477755604644444,1785477755710295116,105650672,10356669346
55,206,12,14,rank206:B3,10246139271,first_optimizer_collective_or_local_tail,1785477755606095784,1785477755711114858,105019074,10351158345
55,207,12,15,rank207:B3,10242901821,first_optimizer_collective_or_local_tail,1785477755604650261,1785477755711582664,106932403,10349834224
55,208,13,0,rank208:B3,9363586690,first_optimizer_collective_or_local_tail,1785477754666075458,1785477754773589591,107514133,9471100823
55,209,13,1,rank209:B3,9361187486,first_optimizer_collective_or_local_tail,1785477754666506453,1785477754773075201,106568748,9467756234
55,210,13,2,rank210:B3,9366446630,first_optimizer_collective_or_local_tail,1785477754668057664,1785477754773378248,105320584,9471767214
55,211,13,3,rank211:B3,9363413468,first_optimizer_collective_or_local_tail,1785477754665894681,1785477754773158525,107263844,9470677312
55,212,13,4,rank212:B3,9364764353,first_optimizer_collective_or_local_tail,1785477754666748297,1785477754773315175,106566878,9471331231
55,213,13,5,rank213:B3,9366578532,first_optimizer_collective_or_local_tail,1785477754666752106,1785477754772841744,106089638,9472668170
55,214,13,6,rank214:B3,9360851392,first_optimizer_collective_or_local_tail,1785477754665650978,1785477754773307374,107656396,9468507788
55,215,13,7,rank215:B3,9360846972,first_optimizer_collective_or_local_tail,1785477754665792558,1785477754773228711,107436153,9468283125
55,216,13,8,rank216:B3,9553031705,first_optimizer_collective_or_local_tail,1785477754830953915,1785477754937526286,106572371,9659604076
55,217,13,9,rank217:B3,9555823101,first_optimizer_collective_or_local_tail,1785477754830940277,1785477754937408094,106467817,9662290918
55,218,13,10,rank218:B3,9566111193,first_optimizer_collective_or_local_tail,1785477754830937626,1785477754937152703,106215077,9672326270
55,219,13,11,rank219:B3,9572193022,first_optimizer_collective_or_local_tail,1785477754831244976,1785477754937480443,106235467,9678428489
55,220,13,12,rank220:B3,9568847054,first_optimizer_collective_or_local_tail,1785477754830534430,1785477754937187851,106653421,9675500475
55,221,13,13,rank221:B3,9570759524,first_optimizer_collective_or_local_tail,1785477754830843353,1785477754937250247,106406894,9677166418
55,222,13,14,rank222:B3,9564030893,first_optimizer_collective_or_local_tail,1785477754830956009,1785477754936803614,105847605,9669878498
55,223,13,15,rank223:B3,9562218366,first_optimizer_collective_or_local_tail,1785477754830796368,1785477754936840437,106044069,9668262435
55,224,14,0,rank224:B3,8672169781,first_optimizer_collective_or_local_tail,1785477753881986800,1785477753993809290,111822490,8783992271
55,225,14,1,rank225:B3,8669446030,first_optimizer_collective_or_local_tail,1785477753881871495,1785477753992553001,110681506,8780127536
55,226,14,2,rank226:B3,8673609218,first_optimizer_collective_or_local_tail,1785477753881897098,1785477753994488836,112591738,8786200956
55,227,14,3,rank227:B3,8674123626,first_optimizer_collective_or_local_tail,1785477753882421663,1785477753993350283,110928620,8785052246
55,228,14,4,rank228:B3,8676128566,first_optimizer_collective_or_local_tail,1785477753884502159,1785477753993537303,109035144,8785163710
55,229,14,5,rank229:B3,8674659429,first_optimizer_collective_or_local_tail,1785477753881761675,1785477753993072387,111310712,8785970141
55,230,14,6,rank230:B3,8671239604,first_optimizer_collective_or_local_tail,1785477753881951687,1785477753993449823,111498136,8782737740
55,231,14,7,rank231:B3,8671335327,first_optimizer_collective_or_local_tail,1785477753881845662,1785477753994106627,112260965,8783596292
55,232,14,8,rank232:B3,8865545839,first_optimizer_collective_or_local_tail,1785477754049748107,1785477754156351875,106603768,8972149607
55,233,14,9,rank233:B3,8868416065,first_optimizer_collective_or_local_tail,1785477754049338729,1785477754156868788,107530059,8975946124
55,234,14,10,rank234:B3,8879600259,first_optimizer_collective_or_local_tail,1785477754050017964,1785477754157473896,107455932,8987056191
55,235,14,11,rank235:B3,8885249373,first_optimizer_collective_or_local_tail,1785477754052013191,1785477754157268403,105255212,8990504585
55,236,14,12,rank236:B3,8881783450,first_optimizer_collective_or_local_tail,1785477754049533122,1785477754156381981,106848859,8988632309
55,237,14,13,rank237:B3,8883094125,first_optimizer_collective_or_local_tail,1785477754051044859,1785477754156000593,104955734,8988049859
55,238,14,14,rank238:B3,8877156861,first_optimizer_collective_or_local_tail,1785477754049632334,1785477754156996178,107363844,8984520705
55,239,14,15,rank239:B3,8875581533,first_optimizer_collective_or_local_tail,1785477754049064375,1785477754157226243,108161868,8983743401
55,240,15,0,rank240:B3,7855249654,first_optimizer_collective_or_local_tail,1785477752965064571,1785477753206825376,241760805,8097010459
55,241,15,1,rank241:B3,7850905786,first_optimizer_collective_or_local_tail,1785477752963574286,1785477753206401997,242827711,8093733497
55,242,15,2,rank242:B3,7855850570,first_optimizer_collective_or_local_tail,1785477752965700255,1785477753205809133,240108878,8095959448
55,243,15,3,rank243:B3,7853732607,first_optimizer_collective_or_local_tail,1785477752964100507,1785477753205686340,241585833,8095318440
55,244,15,4,rank244:B3,7853967645,first_optimizer_collective_or_local_tail,1785477752964342244,1785477753205607533,241265289,8095232934
55,245,15,5,rank245:B3,7856225993,first_optimizer_collective_or_local_tail,1785477752965250752,1785477753205095107,239844355,8096070348
55,246,15,6,rank246:B3,7852592463,first_optimizer_collective_or_local_tail,1785477752964660680,1785477753205565559,240904879,8093497342
55,247,15,7,rank247:B3,7852055271,first_optimizer_collective_or_local_tail,1785477752963799292,1785477753206099438,242300146,8094355417
55,248,15,8,rank248:B3,7994363310,first_optimizer_collective_or_local_tail,1785477753084157988,1785477753365186531,281028543,8275391853
55,249,15,9,rank249:B3,8007931689,first_optimizer_collective_or_local_tail,1785477753084316184,1785477753374142765,289826581,8297758270
55,250,15,10,rank250:B3,8012740070,first_optimizer_collective_or_local_tail,1785477753084430664,1785477753364760623,280329959,8293070029
55,251,15,11,rank251:B3,8016453659,first_optimizer_collective_or_local_tail,1785477753086685008,1785477753365251549,278566541,8295020200
55,252,15,12,rank252:B3,8014300719,first_optimizer_collective_or_local_tail,1785477753084208341,1785477753366079666,281871325,8296172044
55,253,15,13,rank253:B3,8015735515,first_optimizer_collective_or_local_tail,1785477753084479105,1785477753366036632,281557527,8297293042
55,254,15,14,rank254:B3,8010453223,first_optimizer_collective_or_local_tail,1785477753084624463,1785477753366427705,281803242,8292256465
55,255,15,15,rank255:B3,8010845046,first_optimizer_collective_or_local_tail,1785477753084243014,1785477753365868101,281625087,8292470133
