iteration,rank,pp_stage,pp_lane,compute_ns,pipeline_wait_ns,predicted_first_compute_ns,predicted_backward_done_ns,front_envelope_ns,wait_share_pct,observed_first_compute_ns,observed_backward_done_ns,observed_front_envelope_ns,observed_local_gap_ns,unmodeled_local_gap_ns
55,0,0,0,2272693267,15979674505,0,18252367772,18252367772,87.54850167721024,1785477744809471652,1785477764772970005,19963498353,17690805086,1711130581
55,16,1,0,4201856989,13640176401,166301598,17842033390,17675731792,77.16894871177846,1785477744976391381,1785477764269539444,19293148063,15091291074,1451114673
55,32,2,0,4255943712,12840413814,496727493,17096357526,16599630033,77.35361443883573,1785477745308179664,1785477763429042068,18120862404,13864918692,1024504878
55,48,3,0,4136890835,12252743441,821904255,16389634276,15567730021,78.70603758204781,1785477745633857415,1785477762628967181,16995109766,12858218931,605475490
55,64,4,0,4065321972,11571280296,1143943637,15636602268,14492658631,79.84235736601751,1785477745956555523,1785477761783949946,15827394423,11762072451,190792155
55,80,5,0,4101043842,10829253771,1484041816,14930297613,13446255797,80.53731785629215,1785477746297383208,1785477760982297642,14684914434,10583870592,-245383179
55,96,6,0,4072093833,10146661119,1803811879,14218754952,12414943073,81.72942122519227,1785477746617977539,1785477760175889677,13557912138,9485818305,-660842814
55,112,7,0,4009306397,9505323079,2126485508,13514629476,11388143968,83.46683274912388,1785477746941603193,1785477759377716238,12436113045,8426806648,-1078516431
55,128,8,0,4000099014,8829883048,2448157670,12829982062,10381824392,85.05136202076496,1785477747264238644,1785477758599591196,11335352552,7335253538,-1494629510
55,144,9,0,4074625083,8069526329,2765955128,12144151412,9378196284,86.04561138016804,1785477747582875676,1785477757819984424,10237108748,6162483665,-1907042664
55,160,10,0,4012734376,7407502887,3091002695,11420237263,8329234568,88.93377688579943,1785477747908640924,1785477757001885837,9093244913,5080510537,-2326992350
55,176,11,0,3968392686,6767881529,3416338704,10736274215,7319935511,92.45821249148435,1785477748234843780,1785477756224386230,7989542450,4021149764,-2746731765
55,192,12,0,3961465718,6084497202,3732629871,10045962920,6313333049,96.37535600887955,1785477748551826000,1785477755443021271,6891195271,2929729553,-3154767649
55,208,13,0,3996504997,5367081693,4050515255,9363586690,5313071435,101.01655433511031,1785477748871178783,1785477754666075458,5794896675,1798391678,-3568690015
55,224,14,0,4000753247,4671416534,4370289050,8672169781,4301880731,108.59009875232174,1785477749193202517,1785477753881986800,4688784283,688031036,-3983385498
55,240,15,0,2237871028,5617378626,4690260516,7855249654,3164989138,177.48492588981517,1785477749514455825,1785477752965064571,3450608746,1212737718,-4404640908
55,1,0,1,2276364746,15971840383,0,18248205129,18248205129,87.52554166336937,1785477744808791856,1785477764773209724,19964417868,17688053122,1716212739
55,17,1,1,4203072061,13634406536,167066389,17837478597,17670412208,77.15952732459313,1785477744976350903,1785477764269294727,19292943824,15089871763,1455465227
55,33,2,1,4259272823,12832391084,497293760,17091663907,16594370147,77.3297869718779,1785477745307046260,1785477763429399931,18122353671,13863080848,1030689764
55,49,3,1,4135559132,12249071546,823299963,16384630678,15561330715,78.71480768796192,1785477745633602672,1785477762628738548,16995135876,12859576744,610505198
55,65,4,1,4067053204,11565844534,1145413900,15632897738,14487483838,79.83335590451756,1785477745956429659,1785477761783724642,15827294983,11760241779,194397245
55,81,5,1,4101489712,10824207455,1485480351,14925697167,13440216816,80.5359586321126,1785477746297349262,1785477760981782014,14684432752,10582943040,-241264415
55,97,6,1,4071771439,10141637740,1805296299,14213409179,12408112880,81.7339255217994,1785477746618547771,1785477760175716787,13557169016,9485397577,-656240163
55,113,7,1,4007852790,9501794014,2127627972,13509646804,11382018832,83.48074409511749,1785477746941712669,1785477759377483312,12435770643,8427917853,-1073876161
55,129,8,1,4000867973,8824179178,2449051932,12825047151,10375995219,85.04417158791291,1785477747263797396,1785477758600259544,11336462148,7335594175,-1488585003
55,145,9,1,4075490989,8062972299,2766907605,12138463288,9371555683,86.03664718789678,1785477747582169268,1785477757819539294,10237370026,6161879037,-1901093262
55,161,10,1,4013218329,7402297652,3092508288,11415515981,8323007693,88.93777255817803,1785477747908734291,1785477757002137293,9093403002,5080184673,-2322112979
55,177,11,1,3960379076,6768175204,3417950899,10728554280,7310603381,92.58025434111565,1785477748234935105,1785477756221494500,7986559395,4026180319,-2741994885
55,193,12,1,3962257889,6082504444,3733976315,10044762333,6310786018,96.38267605098824,1785477748552046036,1785477755444108513,6892062477,2929804588,-3152699856
55,209,13,1,3996003293,5365184193,4051651779,9361187486,5309535707,101.04808572860023,1785477748870671991,1785477754666506453,5795834462,1799831169,-3565353024
55,225,14,1,3999396686,4670049344,4371901075,8669446030,4297544955,108.66784159096714,1785477749191962760,1785477753881871495,4689908735,690512049,-3979537295
55,241,15,1,2231246844,5619658942,4692885659,7850905786,3158020127,177.9488007043978,1785477749514007286,1785477752963574286,3449567000,1218320156,-4401338786
55,2,0,2,2271168044,15985580046,0,18256748090,18256748090,87.55984344635824,1785477744808224865,1785477764772950025,19964725160,17693557116,1707977070
55,18,1,2,4205791206,13640552105,167830877,17846343311,17678512434,77.15893605825093,1785477744976304998,1785477764268935923,19292630925,15086839719,1446287614
55,34,2,2,4258474983,12843173070,498444336,17101648053,16603203717,77.35358361500974,1785477745307430465,1785477763428994267,18121563802,13863088819,1019915749
55,50,3,2,4135115701,12258560620,824264334,16393676321,15569411987,78.73489782552826,1785477745633711434,1785477762627901161,16994189727,12859074026,600513406
55,66,4,2,4068439477,11574988716,1146436872,15643428193,14496991321,79.84407564094174,1785477745956572879,1785477761784000526,15827427647,11758988170,183999454
55,82,5,2,4101896359,10832629550,1486518536,14934525909,13448007373,80.55193047967107,1785477746297360755,1785477760981612412,14684251657,10582355298,-250274252
55,98,6,2,4080556349,10142380959,1806246492,14222937308,12416690816,81.68344617175012,1785477746617925771,1785477760175986558,13558060787,9477504438,-664876521
55,114,7,2,4011006187,9506971513,2128971407,13517977700,11389006293,83.47498691649024,1785477746941498233,1785477759377725613,12436227380,8425221193,-1081750320
55,130,8,2,4004690492,8829366181,2450641080,12834056673,10383415593,85.03335055713589,1785477747263830878,1785477758601563627,11337732749,7333042257,-1496323924
55,146,9,2,4075548432,8070292188,2768824577,12145840620,9377016043,86.06460894374307,1785477747582671267,1785477757819591394,10236920127,6161371695,-1908920493
55,162,10,2,4011187356,7410941116,3094004498,11422128472,8328123974,88.98692117380337,1785477747908858374,1785477757001800714,9092942340,5081754984,-2329186132
55,178,11,2,3967630583,6769359971,3419170580,10736990554,7317819974,92.50514490724476,1785477748235681295,1785477756223554241,7987872946,4020242363,-2749117608
55,194,12,2,3955626422,6093503235,3734661329,10049129657,6314468328,96.50065402941078,1785477748552417781,1785477755443267650,6890849869,2935223447,-3158279788
55,210,13,2,3999819487,5366627143,4051967190,9366446630,5314479440,100.98123821135717,1785477748871044057,1785477754668057664,5797013607,1797194120,-3569433023
55,226,14,2,4003020920,4670588298,4371954201,8673609218,4301655017,108.57654273859684,1785477749192631707,1785477753881897098,4689265391,686244471,-3984343827
55,242,15,2,2238585264,5617265306,4692367330,7855850570,3163483240,177.5658310742307,1785477749514299036,1785477752965700255,3451401219,1212815955,-4404449351
55,3,0,3,2268067603,15984283466,0,18252351069,18252351069,87.57383312195813,1785477744811134701,1785477764772885794,19961751093,17693683490,1709400024
55,19,1,3,4201511244,13640563231,164863026,17842074475,17677211449,77.16467764360904,1785477744976436705,1785477764268853498,19292416793,15090905549,1450342318
55,35,2,3,4256541215,12839020119,495142478,17095561334,16600418856,77.34154318858953,1785477745307316603,1785477763428769253,18121452650,13864911435,1025891316
55,51,3,3,4135042165,12253103533,821069805,16388145698,15567075893,78.71165797110179,1785477745633800812,1785477762627540351,16993739539,12858697374,605593841
55,67,4,3,4072446126,11566723520,1143093393,15639169646,14496076253,79.79209903511813,1785477745956488572,1785477761785068779,15828580207,11756134081,189410561
55,83,5,3,4105536807,10822793744,1483294885,14928330551,13445035666,80.49657890732739,1785477746297474361,1785477760981893066,14684418705,10578881898,-243911846
55,99,6,3,4073480382,10143057820,1802956574,14216538202,12413581628,81.70935773380165,1785477746618053253,1785477760176105232,13558051979,9484571597,-658486223
55,115,7,3,4007710551,9504338571,2125556865,13512049122,11386492257,83.47029406845712,1785477746941473511,1785477759377760403,12436286892,8428576341,-1075762230
55,131,8,3,4001434887,8826584294,2447235992,12828019181,10380783189,85.02811525196955,1785477747263813833,1785477758599332708,11335518875,7334083988,-1492500306
55,147,9,3,4075723183,8066188315,2765251829,12141911498,9376659669,86.02411306093869,1785477747582443618,1785477757819710941,10237267323,6161544140,-1904644175
55,163,10,3,4009374020,7409161297,3090693898,11418535317,8327841419,88.96856849478392,1785477747908794974,1785477757001897950,9093102976,5083728956,-2325432341
55,179,11,3,3962053757,6769267127,3416092776,10731320884,7315228108,92.53665131230929,1785477748235317517,1785477756221362527,7986045010,4023991253,-2745275874
55,195,12,3,3961392358,6086007837,3732015423,10047400195,6315384772,96.36796579652645,1785477748552228575,1785477755443539043,6891310468,2929918110,-3156089727
55,211,13,3,3993426888,5369986580,4049498663,9363413468,5313914805,101.05518769226862,1785477748871109904,1785477754665894681,5794784777,1801357889,-3568628691
55,227,14,3,4005811294,4668312332,4369399518,8674123626,4304724108,108.44626077950731,1785477749192091137,1785477753882421663,4690330526,684519232,-3983793100
55,243,15,3,2236410210,5617322397,4690277341,7853732607,3163455266,177.56920596834513,1785477749514549051,1785477752964100507,3449551456,1213141246,-4404181151
55,4,0,4,2274206134,15986945765,0,18261151899,18261151899,87.5462065778855,1785477744808924105,1785477764772393268,19963469163,17689263029,1702317264
55,20,1,4,4207663768,13643210516,167087459,17850874284,17683786825,77.15095556745946,1785477744976489727,1785477764269078015,19292588288,15084924520,1441714004
55,36,2,4,4258997829,12842959322,497476173,17101957151,16604480978,77.3463460798094,1785477745307243287,1785477763429317632,18122074345,13863076516,1020117194
55,52,3,4,4136715050,12257703148,823595918,16394418198,15570822280,78.72225966989843,1785477745633964170,1785477762627849902,16993885732,12857170682,599467534
55,68,4,4,4067224227,11576791238,1145524087,15644015465,14498491378,79.84824721533866,1785477745956467499,1785477761783531263,15827063764,11759839537,183048299
55,84,5,4,4104823598,10830809200,1485768972,14935632798,13449863826,80.52727774881191,1785477746297507305,1785477760981673972,14684166667,10579343069,-251466131
55,100,6,4,4076560185,10147582302,1805401412,14224142487,12418741075,81.71184374258323,1785477746618151804,1785477760176204886,13558053082,9481492897,-666089405
55,116,7,4,4013706781,9505459232,2128053519,13519166013,11391112494,83.44627653362897,1785477746941492735,1785477759377892671,12436399936,8422693155,-1082766077
55,132,8,4,4003602747,8830499327,2449718872,12834102074,10384383202,85.03633923389184,1785477747263856869,1785477758599117030,11335260161,7331657414,-1498841913
55,148,9,4,4076489844,8071778064,2767784803,12148267908,9380483105,86.04863921877934,1785477747582384952,1785477757819816198,10237431246,6160941402,-1910836662
55,164,10,4,4014288322,7409371322,3093260734,11423659644,8330398910,88.94377570689468,1785477747909037355,1785477757002532102,9093494747,5079206425,-2330164897
55,180,11,4,3968660306,6767904381,3418325498,10736564687,7318239189,92.47995598685534,1785477748235165441,1785477756222713310,7987547869,4018887563,-2749016818
55,196,12,4,3959394024,6088272237,3734271608,10047666261,6313394653,96.43420967049752,1785477748552230506,1785477755443197530,6890967024,2931573000,-3156699237
55,212,13,4,3992238902,5372525451,4051775523,9364764353,5312988830,101.12058622566312,1785477748871503782,1785477754666748297,5795244515,1803005613,-3569519838
55,228,14,4,4005343979,4670784587,4371422591,8676128566,4304705975,108.50414904353602,1785477749192640378,1785477753884502159,4691861781,686517802,-3984266785
55,244,15,4,2236755626,5617212019,4691756167,7853967645,3162211478,177.63555847165262,1785477749514252996,1785477752964342244,3450089248,1213333622,-4403878397
55,5,0,5,2272266691,15991270009,0,18263536700,18263536700,87.55845196730161,1785477744808609781,1785477764772212091,19963602310,17691335619,1700065610
55,21,1,5,4207019380,13646433335,167353488,17853452715,17686099227,77.15909064994415,1785477744976576016,1785477764268888899,19292312883,15085293503,1438860168
55,37,2,5,4261513996,12844506177,497519075,17106020173,16608501098,77.33693788024459,1785477745306974194,1785477763428976253,18122002059,13860488063,1015981886
55,53,3,5,4140459480,12257830839,823929928,16398290319,15574360391,78.70519579143338,1785477745633998366,1785477762628691482,16994693116,12854233636,596402797
55,69,4,5,4065318273,11581689264,1145890914,15647007537,14501116623,79.86756858179086,1785477745957283263,1785477761784661198,15827377935,11762059662,180370398
55,85,5,5,4104898517,10833192696,1485359435,14938091213,13452731778,80.52782791459592,1785477746298167289,1785477760982414557,14684247268,10579348751,-253843945
55,101,6,5,4079732686,10146256216,1804328884,14225988902,12421660018,81.6819668329132,1785477746617877056,1785477760176861855,13558984799,9479252113,-667004103
55,117,7,5,4013545691,9505459823,2127271438,13519005514,11391734076,83.44172853390262,1785477746941770441,1785477759377846687,12436076246,8422530555,-1082929268
55,133,8,5,4002385858,8831679200,2448715908,12834065058,10385349150,85.03979088656831,1785477747263959223,1785477758600005884,11336046661,7333660803,-1498018397
55,149,9,5,4077560120,8069840721,2766734338,12147400841,9380666503,86.02630440405498,1785477747582618185,1785477757820254917,10237636732,6160076612,-1909764109
55,165,10,5,4012764880,7409855884,3092071016,11422620764,8330549748,88.94798192374951,1785477747909555515,1785477757002236032,9092680517,5079915637,-2329940247
55,181,11,5,3965788170,6770210140,3416735072,10735998310,7319263238,92.49851958938385,1785477748235111049,1785477756222719516,7987608467,4021820297,-2748389843
55,197,12,5,3960058357,6089680692,3732796492,10049739049,6316942557,96.40234396704837,1785477748552041293,1785477755443151861,6891110568,2931052211,-3158628481
55,213,13,5,3998841035,5367737497,4050893745,9366578532,5315684787,100.97922868051356,1785477748871131345,1785477754666752106,5795620761,1796779726,-3570957771
55,229,14,5,4003444721,4671214708,4370771436,8674659429,4303887993,108.53476474288907,1785477749192748647,1785477753881761675,4689013028,685568307,-3985646401
55,245,15,5,2237851986,5618374007,4691085823,7856225993,3165140170,177.50790502905278,1785477749514791937,1785477752965250752,3450458815,1212606829,-4405767178
55,6,0,6,2272336892,15979189914,0,18251526806,18251526806,87.54988053244405,1785477744808565246,1785477764772600357,19964035111,17691698219,1712508305
55,22,1,6,4202124388,13640334152,167397838,17842458540,17675060702,77.17277118293882,1785477744976427566,1785477764268921927,19292494361,15090369973,1450035821
55,38,2,6,4259849560,12837678815,497929442,17097528375,16599598933,77.3372830681993,1785477745307364075,1785477763428831093,18121467018,13861617458,1023938643
55,54,3,6,4134656478,12255431965,823945619,16390088443,15566142824,78.73133443247404,1785477745633942755,1785477762628416107,16994473352,12859816874,604384909
55,70,4,6,4067001782,11573473939,1145866058,15640475721,14494609663,79.84674446627767,1785477745956602684,1785477761784001966,15827399282,11760397500,186923561
55,86,5,6,4103997632,10828398601,1485974044,14932396233,13446422189,80.5299614187207,1785477746297497414,1785477760981688637,14684191223,10580193591,-248205010
55,102,6,6,4078841959,10142237902,1805569019,14221079861,12415510842,81.69005714763001,1785477746618341903,1785477760176112467,13557770564,9478928605,-663309297
55,118,7,6,4016634729,9497078987,2128040929,13513713716,11385672787,83.41254104758421,1785477746941546308,1785477759379930356,12438384048,8421749319,-1075329668
55,134,8,6,4000265756,8825900174,2449721991,12826165930,10376443939,85.05707953403709,1785477747263824617,1785477758599070563,11335245946,7334980190,-1490919984
55,150,9,6,4072276715,8069023402,2767824881,12141300117,9373475236,86.08358371727392,1785477747583738664,1785477757820450157,10236711493,6164434778,-1904588624
55,166,10,6,4010922886,7406354110,3092158528,11417276996,8325118468,88.9639485428161,1785477747909047545,1785477757002106551,9093059006,5082136120,-2324217990
55,182,11,6,3962569008,6766453207,3417353798,10729022215,7311668417,92.5432175133606,1785477748235638291,1785477756221500638,7985862347,4023293339,-2743159868
55,198,12,6,3959927913,6083404540,3733005126,10043332453,6310327327,96.40394586142837,1785477748552099641,1785477755442936684,6890837043,2930909130,-3152495410
55,214,13,6,3994485364,5366366028,4050635289,9360851392,5310216103,101.0573943491354,1785477748871523379,1785477754665650978,5794127599,1799642235,-3566723793
55,230,14,6,4002667606,4668571998,4370192264,8671239604,4301047340,108.54500378505483,1785477749192420802,1785477753881951687,4689530885,686863279,-3981708719
55,246,15,6,2239319982,5613272481,4690733685,7852592463,3161858778,177.53077778352312,1785477749514650031,1785477752964660680,3450010649,1210690667,-4402581814
55,7,0,7,2273398840,15975639903,0,18249038743,18249038743,87.54236389096366,1785477744808446696,1785477764772602594,19964155898,17690757058,1715117155
55,23,1,7,4201417172,13638622656,167535389,17840039828,17672504439,77.1742494284061,1785477744976225627,1785477764269372014,19293146387,15091729215,1453106559
55,39,2,7,4260633579,12832513970,498182194,17093147549,16594965355,77.32775390298487,1785477745307404992,1785477763428713759,18121308767,13860675188,1028161218
55,55,3,7,4132383120,12253260958,824040902,16385644078,15561603176,78.74035097423435,1785477745634340520,1785477762627652032,16993311512,12860928392,607667434
55,71,4,7,4067772561,11568983928,1145636408,15636756489,14491120081,79.83498765681092,1785477745956597397,1785477761783921820,15827324423,11759551862,190567934
55,87,5,7,4101228369,10827779006,1485884878,14929007375,13443122497,80.54511895146648,1785477746297668534,1785477760982220747,14684552213,10583323844,-244455162
55,103,6,7,4072018136,10143799011,1805340464,14215817147,12410476683,81.73577268708044,1785477746618062670,1785477760175806072,13557743402,9485725266,-658073745
55,119,7,7,4009127500,9503735708,2128087114,13512863208,11384776094,83.47758119730308,1785477746942215031,1785477759378509561,12436294530,8427167030,-1076568678
55,135,8,7,3999355658,8827595578,2449063381,12826951236,10377887855,85.06158190702476,1785477747263902503,1785477758599926018,11336023515,7336667857,-1490927721
55,151,9,7,4074998694,8066624216,2767076841,12141622910,9374546069,86.04815802948507,1785477747582655968,1785477757820436307,10237780339,6162781645,-1903842571
55,167,10,7,4009693834,7407543980,3092512857,11417237814,8324724957,88.98244708699029,1785477747908832831,1785477757002160137,9093327306,5083633472,-2323910508
55,183,11,7,3962710392,6768107187,3417716264,10730817579,7313101315,92.54770165863619,1785477748234996040,1785477756222138750,7987142710,4024432318,-2743674869
55,199,12,7,3962417440,6084705311,3733972285,10047122751,6313150466,96.38143972284027,1785477748552224392,1785477755444830487,6892606095,2930188655,-3154516656
55,215,13,7,3991896199,5368950773,4051487959,9360846972,5309359013,101.1223908546039,1785477748871212454,1785477754665792558,5794580104,1802683905,-3566266868
55,231,14,7,4002279521,4669055806,4371199657,8671335327,4300135670,108.5792673606505,1785477749192218789,1785477753881845662,4689626873,687347352,-3981708454
55,247,15,7,2233024535,5619030736,4692037823,7852055271,3160017448,177.81644653754455,1785477749514945801,1785477752963799292,3448853491,1215828956,-4403201780
55,8,0,8,2278110920,16118494452,0,18396605372,18396605372,87.61667778411265,1785477744808618037,1785477764894733458,20086115421,17808004501,1689510049
55,24,1,8,4203201343,13780941780,165235062,17984143123,17818908061,77.33886797565424,1785477744974341612,1785477764388798141,19414456529,15211255186,1430313406
55,40,2,8,4206366389,13044615007,494025453,17250981396,16756955943,77.84597066061522,1785477745304491921,1785477763562135045,18257643124,14051276735,1006661728
55,56,3,8,4218552176,12322273115,841801869,16540825291,15699023422,78.49069833052192,1785477745669466036,1785477762759788126,17090322090,12871769914,549496799
55,72,4,8,4081527071,11761259377,1237478557,15842786448,14605307891,80.52729504078073,1785477746066116466,1785477761968262521,15902146055,11820618984,59359607
55,88,5,8,4166886591,10971718588,1560420522,15138605179,13578184657,80.8040166278319,1785477746390149458,1785477761170113291,14779963833,10613077242,-358641346
55,104,6,8,4067203477,10378725322,1879755423,14445928799,12566173376,82.59256825011039,1785477746710492490,1785477760382928238,13672435748,9605232271,-773493051
55,120,7,8,3993521822,9753006563,2200516170,13746528385,11546012215,84.47077987956207,1785477747031877784,1785477759587993407,12556115623,8562593801,-1190412762
55,136,8,8,4098812049,8961883988,2527884688,13060696037,10532811349,85.08539354833175,1785477747359993409,1785477758809177907,11449184498,7350372449,-1611511539
55,152,9,8,4118758949,8217791402,2847829059,12336550351,9488721292,86.60588870840238,1785477747680492108,1785477757988863695,10308371587,6189612638,-2028178764
55,168,10,8,4126698994,7484350327,3175014375,11611049321,8436034946,88.7188160659381,1785477748008230559,1785477757170498020,9162267461,5035568467,-2448781860
55,184,11,8,3950894957,6971707780,3493111188,10922602737,7429491549,93.83828939058935,1785477748327177706,1785477756388386976,8061209270,4110314313,-2861393467
55,200,12,8,3959390353,6273744423,3810917257,10233134776,6422217519,97.68813349032877,1785477748646732691,1785477755604582880,6957850189,2998459836,-3275284587
55,216,13,8,4156495812,5396535893,4127152100,9553031705,5425879605,99.4591897694715,1785477748964290944,1785477754830953915,5866662971,1710167159,-3686368734
55,232,14,8,4076874372,4788671467,4446997479,8865545839,4418548360,108.37657703038018,1785477749285173679,1785477754049748107,4764574428,687700056,-4100971411
55,248,15,8,2264467015,5729896295,4773777418,7994363310,3220585892,177.91471760567472,1785477749613503213,1785477753084157988,3470654775,1206187760,-4523708535
55,9,0,9,2294282217,16124369707,0,18418651924,18418651924,87.54370175153542,1785477744808590481,1785477764893971529,20085381048,17791098831,1666729124
55,25,1,9,4224526946,13782733490,165297371,18007260436,17841963065,77.24897445302497,1785477744974295257,1785477764391477661,19417182404,15192655458,1409921968
55,41,2,9,4228960771,13042407364,494048306,17271368135,16777319829,77.73832469627172,1785477745303660793,1785477763562991348,18259330555,14030369784,987962420
55,57,3,9,4230649220,12329650768,842780194,16560299988,15717519794,78.44526954377825,1785477745652988057,1785477762758561848,17105573791,12874924571,545273803
55,73,4,9,4082180622,11781121432,1254780469,15863302054,14608521585,80.6455421477888,1785477746065534496,1785477761968213298,15902678802,11820498180,39376748
55,89,5,9,4172581775,10986561041,1578097405,15159142816,13581045411,80.89628381701316,1785477746389913058,1785477761171427010,14781513952,10608932177,-377628864
55,105,6,9,4070710107,10394370609,1897784636,14465080716,12567296080,82.70968188250086,1785477746710640587,1785477760383818542,13673177955,9602467848,-791902761
55,121,7,9,3989689298,9774908182,2218417096,13764597480,11546180384,84.65923670779887,1785477747031893354,1785477759588811772,12556918418,8567229120,-1207679062
55,137,8,9,4097015110,8981244116,2545821663,13078259226,10532437563,85.27222746186243,1785477747359936189,1785477758808955543,11449019354,7352004244,-1629239872
55,153,9,9,4127354417,8227034587,2865778671,12354389004,9488610333,86.70431494470351,1785477747680570574,1785477757991014702,10310444128,6183089711,-2043944876
55,169,10,9,4126225418,7487800291,3192913820,11614025709,8421111889,88.91700276279276,1785477748009071943,1785477757170801318,9161729375,5035503957,-2452296334
55,185,11,9,3954771000,6970912856,3510624996,10925683856,7415058860,94.01021606995039,1785477748328667340,1785477756389178532,8060511192,4105740192,-2865172664
55,201,12,9,3959932643,6275754920,3826972240,10235687563,6408715323,97.92531893993133,1785477748645816231,1785477755604562665,6958746434,2998813791,-3276941129
55,217,13,9,4155010541,5400812560,4144043304,9555823101,5411779797,99.79734509881426,1785477748963712618,1785477754830940277,5867227659,1712217118,-3688595442
55,233,14,9,4062205275,4806210790,4464315726,8868416065,4404100339,109.13036534247773,1785477749284962227,1785477754049338729,4764376502,702171227,-4104039563
55,249,15,9,2263569480,5744362209,4791435441,8007931689,3216496248,178.5906702851531,1785477749613830231,1785477753084316184,3470485953,1206916473,-4537445736
55,10,0,10,2295299986,16120891133,0,18416191119,18416191119,87.53651082806185,1785477744809248162,1785477764893323371,20084075209,17788775223,1667884090
55,26,1,10,4217204162,13786512699,164961547,18003716861,17838755314,77.28405068811182,1785477744975303321,1785477764387139946,19411836625,15194632463,1408119764
55,42,2,10,4226489184,13046044279,492688220,17272533463,16779845243,77.74829916528807,1785477745303975728,1785477763561968364,18257992636,14031503452,985459173
55,58,3,10,4232652271,12329866773,841197962,16562519044,15721321082,78.42767607562561,1785477745652797168,1785477762759247089,17106449921,12873797650,543930877
55,74,4,10,4072866783,11791810931,1253571034,15864677714,14611106680,80.70443388891881,1785477746065809526,1785477761967711095,15901901569,11829034786,37223855
55,90,5,10,4167576986,10992988751,1576777735,15160565737,13583788002,80.92726969370734,1785477746389779126,1785477761170248551,14780469425,10612892439,-380096312
55,106,6,10,4064688932,10402762614,1896421894,14467451546,12571029652,82.75187396718106,1785477746710346449,1785477760383145375,13672798926,9608109994,-794652620
55,122,7,10,3992122878,9774257735,2217259869,13766380613,11549120744,84.6320507998665,1785477747031901549,1785477759588670517,12556768968,8564646090,-1209611645
55,138,8,10,4104069118,8975755779,2544675584,13079824897,10535149313,85.19818288597236,1785477747359948555,1785477758808960005,11449011450,7344942332,-1630813447
55,154,9,10,4119663626,8233187173,2864601802,12352850799,9488248997,86.7724611316922,1785477747680983451,1785477757989021815,10308038364,6188374738,-2044812435
55,170,10,10,4129672296,7497598444,3191405096,11627270740,8435865644,88.87764173120347,1785477748008549208,1785477757171001424,9162452216,5032779920,-2464818524
55,186,11,10,3955114649,6982986896,3509339796,10938101545,7428761749,93.99933840845001,1785477748327813460,1785477756389439284,8061625824,4106511175,-2876475721
55,202,12,10,3959024175,6287825290,3826647579,10246849465,6420201886,97.938124090947,1785477748645927740,1785477755605096581,6959168841,3000144666,-3287680624
55,218,13,10,4155318845,5410792348,4143545647,9566111193,5422565546,99.78288509562259,1785477748964031351,1785477754830937626,5866906275,1711587430,-3699204918
55,234,14,10,4074212860,4805387399,4463590746,8879600259,4416009513,108.8174150181003,1785477749285099158,1785477754050017964,4764918806,690705946,-4114681453
55,250,15,10,2269676068,5743064002,4790442684,8012740070,3222297386,178.22886326234322,1785477749613138660,1785477753084430664,3471292004,1201615936,-4541448066
55,11,0,11,2298076945,16119147455,0,18417224400,18417224400,87.52213202658268,1785477744809005006,1785477764893535045,20084530039,17786453094,1667305639
55,27,1,11,4222686762,13781476627,164958296,18004163389,17839205093,77.25387176813035,1785477744974513763,1785477764386961998,19412448235,15189761473,1408284846
55,43,2,11,4230869150,13042329326,493253975,17273198476,16779944501,77.7257000177965,1785477745303193725,1785477763562700415,18259506690,14028637540,986308214
55,59,3,11,4231612825,12331277076,842413548,16562889901,15720476353,78.44086145421906,1785477745652844424,1785477762758622210,17105777786,12874164961,542887885
55,75,4,11,4083476754,11782248551,1254781562,15865725305,14610943743,80.63988718486985,1785477746065785600,1785477761967633716,15901848116,11818371362,36122811
55,91,5,11,4166176165,10995422652,1578026507,15161598817,13583572310,80.94647270295276,1785477746389903246,1785477761170129242,14780225996,10614049831,-381372821
55,107,6,11,4068398445,10400188518,1897570296,14468586963,12571016667,82.73148300965498,1785477746710997668,1785477760383269213,13672271545,9603873100,-796315418
55,123,7,11,3990284063,9777988278,2217835494,13768272341,11550436847,84.6547053373106,1785477747032710611,1785477759589097934,12556387323,8566103260,-1211885018
55,139,8,11,4102104823,8979839541,2544504766,13081944364,10537439598,85.21842006766396,1785477747360112209,1785477758808931391,11448819182,7346714359,-1633125182
55,155,9,11,4115788495,8239251359,2864532018,12355039854,9490507836,86.8157057702049,1785477747681533670,1785477757988164055,10306630385,6190841890,-2048409469
55,171,10,11,4133639590,7500705676,3190830931,11634345266,8443514335,88.83393073554839,1785477748008487916,1785477757172044524,9163556608,5029917018,-2470788658
55,187,11,11,3952707555,6991557327,3508796311,10944264882,7435468571,94.02981480237366,1785477748327847866,1785477756388454725,8060606859,4107899304,-2883658023
55,203,12,11,3961779765,6291987438,3825955657,10253767203,6427811546,97.88693076908076,1785477748646384498,1785477755605877678,6959493180,2997713415,-3294274023
55,219,13,11,4155379661,5416813361,4142543096,9572193022,5429649926,99.76358392944393,1785477748964293879,1785477754831244976,5866951097,1711571436,-3705241925
55,235,14,11,4081152581,4804096792,4462261975,8885249373,4422987398,108.61656070221524,1785477749285106629,1785477754052013191,4766906562,685753981,-4118342811
55,251,15,11,2276126986,5740326673,4789103636,8016453659,3227350023,177.86501718409983,1785477749613221742,1785477753086685008,3473463266,1197336280,-4542990393
55,12,0,12,2294798351,16122594311,0,18417392662,18417392662,87.54004764347137,1785477744809228982,1785477764893122814,20083893832,17789095481,1666501170
55,28,1,12,4223613102,13780996153,164872566,18004609255,17839736689,77.24887644500592,1785477744974543415,1785477764386928289,19412384874,15188771772,1407775619
55,44,2,12,4226776567,13047078022,494920781,17273854589,16778933808,77.758683425876,1785477745304969922,1785477763562769837,18257799915,14031023348,983945326
55,60,3,12,4232693731,12330593009,842438353,16563286740,15720848387,78.4346538142083,1785477745652993681,1785477762759933176,17106939495,12874245764,543652755
55,76,4,12,4082387761,11782675288,1254743859,15865063049,14610319190,80.646255121275,1785477746065788387,1785477761967992908,15902204521,11819816760,37141472
55,92,5,12,4167040747,10994246567,1577957932,15161287314,13583329382,80.93926207494509,1785477746389829193,1785477761170068420,14780239227,10613198480,-381048087
55,108,6,12,4076078401,10393239804,1897509364,14469318205,12571808841,82.67099774938424,1785477746710243656,1785477760383543090,13673299434,9597221033,-796018771
55,124,7,12,3990277526,9777180741,2218555139,13767458267,11548903128,84.65895533659376,1785477747032191314,1785477759588368217,12556176903,8565899377,-1211281364
55,140,8,12,4102467447,8979132382,2545729408,13081599829,10535870421,85.22440029352369,1785477747360016956,1785477758808754636,11448737680,7346270233,-1632862149
55,156,9,12,4117420160,8237284912,2865730010,12354705072,9488975062,86.80900580071521,1785477747680580839,1785477757988609012,10308028173,6190608013,-2046676899
55,172,10,12,4132640210,7497480317,3192908522,11630120527,8437212005,88.8620590848837,1785477748008503763,1785477757171049838,9162546075,5029905865,-2467574452
55,188,11,12,3954311596,6985776336,3510901218,10940087932,7429186714,94.031508493865,1785477748327917950,1785477756388022230,8060104280,4105792684,-2879983652
55,204,12,12,3959648998,6289429698,3828129967,10249078696,6420948729,97.95171965155245,1785477748645929312,1785477755604681268,6958751956,2999102958,-3290326740
55,220,13,12,4156237023,5412610031,4145091663,9568847054,5423755391,99.79450843195299,1785477748963622517,1785477754830534430,5866911913,1710674890,-3701935141
55,236,14,12,4074956270,4806827180,4465497804,8881783450,4416285646,108.84321272003156,1785477749285600691,1785477754049533122,4763932431,688976161,-4117851019
55,252,15,12,2267248783,5747051936,4791960089,8014300719,3222340630,178.35023034172522,1785477749613132620,1785477753084208341,3471075721,1203826938,-4543224998
55,13,0,13,2296835058,16121126403,0,18417961461,18417961461,87.52937417713929,1785477744808336642,1785477764892913799,20084577157,17787742099,1666615696
55,29,1,13,4223575798,13782112711,165479160,18005688509,17840209349,77.25308846654612,1785477744974333874,1785477764387680778,19413346904,15189771106,1407658395
55,45,2,13,4227310001,13047252244,494166833,17274562245,16780395412,77.75294874559181,1785477745303468373,1785477763561865909,18258397536,14031087535,983835291
55,61,3,13,4232968530,12332076002,843128395,16565044532,15721916137,78.43875959227171,1785477745653039528,1785477762758870825,17105831297,12872862767,540786765
55,77,4,13,4083891873,11783753021,1255181281,15867644894,14612463613,80.64179547736609,1785477746065568225,1785477761967951084,15902382859,11818490986,34737965
55,93,5,13,4167634931,10995959743,1578655308,15163594674,13584939366,80.94228061496082,1785477746389979280,1785477761170080119,14780100839,10612465908,-383493835
55,109,6,13,4079277461,10391640610,1898133060,14470918071,12572785011,82.65185955942376,1785477746710208857,1785477760384883421,13674674564,9595397103,-796243507
55,125,7,13,3990647826,9776987720,2219227446,13767635546,11548408100,84.66091287508276,1785477747032298757,1785477759588444774,12556146017,8565498191,-1211489529
55,141,8,13,4100153805,8981544774,2546318190,13081698579,10535380389,85.25126234053816,1785477747360584513,1785477758809218462,11448633949,7348480144,-1633064630
55,157,9,13,4118944823,8235669836,2865707073,12354614659,9488907586,86.79260242929296,1785477747680665471,1785477757989289495,10308624024,6189679201,-2045990635
55,173,10,13,4133058193,7499021082,3192825320,11632079275,8439253955,88.85881526953054,1785477748008585214,1785477757171421959,9162836745,5029778552,-2469242530
55,189,11,13,3955154104,6986828894,3510845408,10941982998,7431137590,94.02098681905848,1785477748328200612,1785477756388216876,8060016264,4104862160,-2881966734
55,205,12,13,3959131060,6291887614,3827767856,10251018674,6423250818,97.9548797373461,1785477748646340036,1785477755604644444,6958304408,2999173348,-3292714266
55,221,13,13,4158494987,5412264537,4144302183,9570759524,5426457341,99.73845175391382,1785477748963792018,1785477754830843353,5867051335,1708556348,-3703708189
55,237,14,13,4076431967,4806662158,4464587564,8883094125,4418506561,108.78476905355443,1785477749285068852,1785477754051044859,4765976007,689544040,-4117118118
55,253,15,13,2267690779,5748044736,4791702651,8015735515,3224032864,178.28741140276415,1785477749613185353,1785477753084479105,3471293752,1203602973,-4544441763
55,14,0,14,2296594648,16112628780,0,18409223428,18409223428,87.52476085163411,1785477744808877140,1785477764894766641,20085889501,17789294853,1676666073
55,30,1,14,4221193112,13774954441,165222829,17996147553,17830924724,77.25316916659538,1785477744974622960,1785477764387427554,19412804594,15191611482,1416657041
55,46,2,14,4224471077,13040580327,493629469,17265051404,16771421935,77.75476866267273,1785477745303503086,1785477763562409852,18258906766,14034435689,993855362
55,62,3,14,4229121660,12326045186,842595411,16555166846,15712571435,78.44702719087431,1785477745653085097,1785477762759057440,17105972343,12876850683,550805497
55,78,4,14,4082569017,11775263037,1254704801,15857832054,14603127253,80.63521486180943,1785477746066174787,1785477761968004914,15901830127,11819261110,43998073
55,94,5,14,4165008092,10988853808,1577626873,15153861900,13576235027,80.94183539210763,1785477746389904282,1785477761170724109,14780819827,10615811735,-373042073
55,110,6,14,4072928538,10388411883,1897151124,14461340421,12564189297,82.68270747465164,1785477746710387664,1785477760383862709,13673475045,9600546507,-787865376
55,126,7,14,3984949189,9775066863,2218124637,13760016052,11541891415,84.6920709225889,1785477747033335515,1785477759589057467,12555721952,8570772763,-1204294100
55,142,8,14,4097973847,8976778780,2544169339,13074752627,10530583288,85.24483909860321,1785477747360303502,1785477758808718954,11448415452,7350441605,-1626337175
55,158,9,14,4114496473,8234313942,2863718900,12348810415,9485091515,86.81322609252653,1785477747680725868,1785477757988374785,10307648917,6193152444,-2041161498
55,174,10,14,4129847930,7495910123,3190752081,11625758053,8435005972,88.86668424281703,1785477748008350920,1785477757171323768,9162972848,5033124918,-2462785205
55,190,11,14,3953132406,6983912475,3508871595,10937044881,7428173286,94.01924546055885,1785477748328071469,1785477756389175401,8061103932,4107971526,-2875940949
55,206,12,14,3960462097,6285677174,3825855635,10246139271,6420283636,97.90341876416127,1785477748645809286,1785477755606095784,6960286498,2999824401,-3285852773
55,222,13,14,4153923432,5410107461,4142970025,9564030893,5421060868,99.79794716815196,1785477748963946784,1785477754830956009,5867009225,1713085793,-3697021668
55,238,14,14,4071162881,4805993980,4463159256,8877156861,4413997605,108.88075640448835,1785477749285934180,1785477754049632334,4763698154,692535273,-4113458707
55,254,15,14,2266945976,5743507247,4789380451,8010453223,3221072772,178.31038456898298,1785477749613259558,1785477753084624463,3471364905,1204418929,-4539088318
55,15,0,15,2293852056,16115080690,0,18408932746,18408932746,87.53946202286811,1785477744809154297,1785477764894903349,20085749052,17791896996,1676816306
55,31,1,15,4215061108,13780789816,164974708,17995850924,17830876216,77.28610556801591,1785477744975370171,1785477764388920722,19413550551,15198489443,1417699627
55,47,2,15,4219763176,13043714442,492538944,17263477618,16770938674,77.77569696931562,1785477745304064722,1785477763562165112,18258100390,14038337214,994622772
55,63,3,15,4228098779,12325679944,840974341,16553778723,15712804382,78.44353970396168,1785477745653218102,1785477762759022215,17105804113,12877705334,552025390
55,79,4,15,4081910037,11774942331,1253022121,15856852368,14603830247,80.62913723212357,1785477746066309682,1785477761968866545,15902556863,11820646826,45704495
55,95,5,15,4164253151,10987540036,1575811007,15151793187,13575982180,80.93366572170913,1785477746389994330,1785477761170145500,14780151170,10615898019,-371642017
55,111,6,15,4075022688,10385146234,1895247482,14460168922,12564921440,82.65189944554082,1785477746710919752,1785477760385215107,13674295355,9599272667,-785873567
55,127,7,15,3986807584,9771131660,2215757139,13757939244,11542182105,84.6558438526733,1785477747033008026,1785477759588534466,12555526440,8568718856,-1202412804
55,143,8,15,4100154193,8973075839,2542025075,13073230032,10531204957,85.20464539089303,1785477747359927986,1785477758809077090,11449149104,7348994911,-1624080928
55,159,9,15,4116178020,8230563028,2862045486,12346741048,9484695562,86.77730322705744,1785477747680629972,1785477757988342534,10307712562,6191534542,-2039028486
55,175,10,15,4129561081,7491169267,3189286448,11620730348,8431443900,88.84799989003069,1785477748008653425,1785477757170896675,9162243250,5032682169,-2458487098
55,191,11,15,3951814790,6980694053,3507174995,10932508843,7425333848,94.01185449567681,1785477748327411611,1785477756388367327,8060955716,4109140926,-2871553127
55,207,12,15,3957920539,6284981282,3824931869,10242901821,6417969952,97.92787016775362,1785477748646597192,1785477755604650261,6958053069,3000132530,-3284848752
55,223,13,15,4154330574,5407887792,4141268923,9562218366,5420949443,99.75905233691367,1785477748964456392,1785477754830796368,5866339976,1712009402,-3695878390
55,239,14,15,4072186885,4803394648,4460914289,8875581533,4414667244,108.80536136734477,1785477749285227478,1785477754049064375,4763836897,691650012,-4111744636
55,255,15,15,2269604375,5741240671,4787798009,8010845046,3223047037,178.13083721992234,1785477749613099762,1785477753084243014,3471143252,1201538877,-4539701794
