iteration,rank,pp_stage,pp_lane,phase,microbatch,trace_duration_ns,adjusted_duration_ns,adjustment_ns
55,0,0,0,backward,0,413368708,413368708,0
55,0,0,0,backward,1,409000348,409000348,0
55,0,0,0,backward,2,409081770,409081770,0
55,0,0,0,backward,3,405622036,405622036,0
55,0,0,0,forward,0,161589252,161589252,0
55,0,0,0,forward,1,158603144,158603144,0
55,0,0,0,forward,2,157677108,157677108,0
55,0,0,0,forward,3,157750901,157750901,0
55,1,0,1,backward,0,413854894,413854894,0
55,1,0,1,backward,1,409464192,409464192,0
55,1,0,1,backward,2,409387874,409387874,0
55,1,0,1,backward,3,406014186,406014186,0
55,1,0,1,forward,0,162354043,162354043,0
55,1,0,1,forward,1,158392528,158392528,0
55,1,0,1,forward,2,158804120,158804120,0
55,1,0,1,forward,3,158092909,158092909,0
55,2,0,2,backward,0,411915575,411915575,0
55,2,0,2,backward,1,407204768,407204768,0
55,2,0,2,backward,2,408335072,408335072,0
55,2,0,2,backward,3,405692433,405692433,0
55,2,0,2,forward,0,163118531,163118531,0
55,2,0,2,forward,1,158527119,158527119,0
55,2,0,2,forward,2,158421699,158421699,0
55,2,0,2,forward,3,157952847,157952847,0
55,3,0,3,backward,0,411703563,411703563,0
55,3,0,3,backward,1,407515190,407515190,0
55,3,0,3,backward,2,408726173,408726173,0
55,3,0,3,backward,3,405564248,405564248,0
55,3,0,3,forward,0,160150680,160150680,0
55,3,0,3,forward,1,158449493,158449493,0
55,3,0,3,forward,2,158351031,158351031,0
55,3,0,3,forward,3,157607225,157607225,0
55,4,0,4,backward,0,413943906,413943906,0
55,4,0,4,backward,1,407633918,407633918,0
55,4,0,4,backward,2,409737246,409737246,0
55,4,0,4,backward,3,405565269,405565269,0
55,4,0,4,forward,0,162375113,162375113,0
55,4,0,4,forward,1,158199210,158199210,0
55,4,0,4,forward,2,158732385,158732385,0
55,4,0,4,forward,3,158019087,158019087,0
55,5,0,5,backward,0,412365880,412365880,0
55,5,0,5,backward,1,407591337,407591337,0
55,5,0,5,backward,2,409639400,409639400,0
55,5,0,5,backward,3,405371639,405371639,0
55,5,0,5,forward,0,162641142,162641142,0
55,5,0,5,forward,1,158179446,158179446,0
55,5,0,5,forward,2,158702362,158702362,0
55,5,0,5,forward,3,157775485,157775485,0
55,6,0,6,backward,0,414018381,414018381,0
55,6,0,6,backward,1,408283645,408283645,0
55,6,0,6,backward,2,407774096,407774096,0
55,6,0,6,backward,3,404355920,404355920,0
55,6,0,6,forward,0,162685492,162685492,0
55,6,0,6,forward,1,158713585,158713585,0
55,6,0,6,forward,2,158503392,158503392,0
55,6,0,6,forward,3,158002381,158002381,0
55,7,0,7,backward,0,414264187,414264187,0
55,7,0,7,backward,1,408347435,408347435,0
55,7,0,7,backward,2,408100795,408100795,0
55,7,0,7,backward,3,404286569,404286569,0
55,7,0,7,forward,0,162823043,162823043,0
55,7,0,7,forward,1,159115168,159115168,0
55,7,0,7,forward,2,158489424,158489424,0
55,7,0,7,forward,3,157972219,157972219,0
55,8,0,8,backward,0,409144296,409144296,0
55,8,0,8,backward,1,415586957,415586957,0
55,8,0,8,backward,2,408752065,408752065,0
55,8,0,8,backward,3,407749903,407749903,0
55,8,0,8,forward,0,160522716,160522716,0
55,8,0,8,forward,1,158446311,158446311,0
55,8,0,8,forward,2,156962937,156962937,0
55,8,0,8,forward,3,160945735,160945735,0
55,9,0,9,backward,0,409061867,409061867,0
55,9,0,9,backward,1,415421906,415421906,0
55,9,0,9,backward,2,408173792,408173792,0
55,9,0,9,backward,3,406679142,406679142,0
55,9,0,9,forward,0,160585025,160585025,0
55,9,0,9,forward,1,158651416,158651416,0
55,9,0,9,forward,2,157970854,157970854,0
55,9,0,9,forward,3,177738215,177738215,0
55,10,0,10,backward,0,411240161,411240161,0
55,10,0,10,backward,1,414986065,414986065,0
55,10,0,10,backward,2,409507841,409507841,0
55,10,0,10,backward,3,407761912,407761912,0
55,10,0,10,forward,0,160249201,160249201,0
55,10,0,10,forward,1,157700099,157700099,0
55,10,0,10,forward,2,156925936,156925936,0
55,10,0,10,forward,3,176928771,176928771,0
55,11,0,11,backward,0,410821842,410821842,0
55,11,0,11,backward,1,414670747,414670747,0
55,11,0,11,backward,2,409634467,409634467,0
55,11,0,11,backward,3,408348665,408348665,0
55,11,0,11,forward,0,160245950,160245950,0
55,11,0,11,forward,1,158282884,158282884,0
55,11,0,11,forward,2,158111983,158111983,0
55,11,0,11,forward,3,177960407,177960407,0
55,12,0,12,backward,0,409406600,409406600,0
55,12,0,12,backward,1,415816026,415816026,0
55,12,0,12,backward,2,408284985,408284985,0
55,12,0,12,backward,3,408071061,408071061,0
55,12,0,12,forward,0,160160220,160160220,0
55,12,0,12,forward,1,158277210,158277210,0
55,12,0,12,forward,2,156763033,156763033,0
55,12,0,12,forward,3,178019216,178019216,0
55,13,0,13,backward,0,409440048,409440048,0
55,13,0,13,backward,1,416184190,416184190,0
55,13,0,13,backward,2,407961485,407961485,0
55,13,0,13,backward,3,407560606,407560606,0
55,13,0,13,forward,0,160766814,160766814,0
55,13,0,13,forward,1,158544883,158544883,0
55,13,0,13,forward,2,158329108,158329108,0
55,13,0,13,forward,3,178047924,178047924,0
55,14,0,14,backward,0,409091216,409091216,0
55,14,0,14,backward,1,415018310,415018310,0
55,14,0,14,backward,2,408994674,408994674,0
55,14,0,14,backward,3,408363529,408363529,0
55,14,0,14,forward,0,160510483,160510483,0
55,14,0,14,forward,1,158341954,158341954,0
55,14,0,14,forward,2,158144393,158144393,0
55,14,0,14,forward,3,178130089,178130089,0
55,15,0,15,backward,0,409230380,409230380,0
55,15,0,15,backward,1,415305673,415305673,0
55,15,0,15,backward,2,409597141,409597141,0
55,15,0,15,backward,3,408369476,408369476,0
55,15,0,15,forward,0,160262362,160262362,0
55,15,0,15,forward,1,157631343,157631343,0
55,15,0,15,forward,2,157128677,157128677,0
55,15,0,15,forward,3,176327004,176327004,0
55,16,1,0,backward,0,723322720,723322720,0
55,16,1,0,backward,1,726633220,726633220,0
55,16,1,0,backward,2,729605174,729605174,0
55,16,1,0,backward,3,723615181,723615181,0
55,16,1,0,forward,0,325713549,325713549,0
55,16,1,0,forward,1,325843846,325843846,0
55,16,1,0,forward,2,324616519,324616519,0
55,16,1,0,forward,3,322506780,322506780,0
55,17,1,1,backward,0,724048595,724048595,0
55,17,1,1,backward,1,726441422,726441422,0
55,17,1,1,backward,2,729085062,729085062,0
55,17,1,1,backward,3,723555469,723555469,0
55,17,1,1,forward,0,325515025,325515025,0
55,17,1,1,forward,1,327128567,327128567,0
55,17,1,1,forward,2,324740499,324740499,0
55,17,1,1,forward,3,322557422,322557422,0
55,18,1,2,backward,0,725318303,725318303,0
55,18,1,2,backward,1,728329277,728329277,0
55,18,1,2,backward,2,729634181,729634181,0
55,18,1,2,backward,3,722788465,722788465,0
55,18,1,2,forward,0,325901113,325901113,0
55,18,1,2,forward,1,326703595,326703595,0
55,18,1,2,forward,2,324788121,324788121,0
55,18,1,2,forward,3,322328151,322328151,0
55,19,1,3,backward,0,722576956,722576956,0
55,19,1,3,backward,1,726421666,726421666,0
55,19,1,3,backward,2,730627177,730627177,0
55,19,1,3,backward,3,722653601,722653601,0
55,19,1,3,forward,0,325567106,325567106,0
55,19,1,3,forward,1,326748614,326748614,0
55,19,1,3,forward,2,324605876,324605876,0
55,19,1,3,forward,3,322310248,322310248,0
55,20,1,4,backward,0,724649471,724649471,0
55,20,1,4,backward,1,727344432,727344432,0
55,20,1,4,backward,2,730725656,730725656,0
55,20,1,4,backward,3,724814278,724814278,0
55,20,1,4,forward,0,325676368,325676368,0
55,20,1,4,forward,1,326755949,326755949,0
55,20,1,4,forward,2,324865285,324865285,0
55,20,1,4,forward,3,322832329,322832329,0
55,21,1,5,backward,0,724736926,724736926,0
55,21,1,5,backward,1,727185986,727185986,0
55,21,1,5,backward,2,730644947,730644947,0
55,21,1,5,backward,3,724597521,724597521,0
55,21,1,5,forward,0,325453241,325453241,0
55,21,1,5,forward,1,327052051,327052051,0
55,21,1,5,forward,2,324622604,324622604,0
55,21,1,5,forward,3,322726104,322726104,0
55,22,1,6,backward,0,723564074,723564074,0
55,22,1,6,backward,1,727944513,727944513,0
55,22,1,6,backward,2,728430438,728430438,0
55,22,1,6,backward,3,722542116,722542116,0
55,22,1,6,forward,0,325819258,325819258,0
55,22,1,6,forward,1,326591022,326591022,0
55,22,1,6,forward,2,324803510,324803510,0
55,22,1,6,forward,3,322429457,322429457,0
55,23,1,7,backward,0,724055755,724055755,0
55,23,1,7,backward,1,725748693,725748693,0
55,23,1,7,backward,2,729034974,729034974,0
55,23,1,7,backward,3,723102902,723102902,0
55,23,1,7,forward,0,325934459,325934459,0
55,23,1,7,forward,1,326557247,326557247,0
55,23,1,7,forward,2,324783138,324783138,0
55,23,1,7,forward,3,322200004,322200004,0
55,24,1,8,backward,0,723411102,723411102,0
55,24,1,8,backward,1,726431631,726431631,0
55,24,1,8,backward,2,724674383,724674383,0
55,24,1,8,backward,3,728449381,728449381,0
55,24,1,8,forward,0,324078045,324078045,0
55,24,1,8,forward,1,326341265,326341265,0
55,24,1,8,forward,2,324984844,324984844,0
55,24,1,8,forward,3,324830692,324830692,0
55,25,1,9,backward,0,723085077,723085077,0
55,25,1,9,backward,1,725982618,725982618,0
55,25,1,9,backward,2,724784918,724784918,0
55,25,1,9,backward,3,731179955,731179955,0
55,25,1,9,forward,0,324038589,324038589,0
55,25,1,9,forward,1,327408894,327408894,0
55,25,1,9,forward,2,341978114,341978114,0
55,25,1,9,forward,3,326068781,326068781,0
55,26,1,10,backward,0,724412871,724412871,0
55,26,1,10,backward,1,727195464,727195464,0
55,26,1,10,backward,2,723662166,723662166,0
55,26,1,10,backward,3,726471052,726471052,0
55,26,1,10,forward,0,323014327,323014327,0
55,26,1,10,forward,1,326391543,326391543,0
55,26,1,10,forward,2,341396484,341396484,0
55,26,1,10,forward,3,324660255,324660255,0
55,27,1,11,backward,0,724693727,724693727,0
55,27,1,11,backward,1,727591987,727591987,0
55,27,1,11,backward,2,724136540,724136540,0
55,27,1,11,backward,3,726252567,726252567,0
55,27,1,11,forward,0,323583333,323583333,0
55,27,1,11,forward,1,327854114,327854114,0
55,27,1,11,forward,2,342418790,342418790,0
55,27,1,11,forward,3,326155704,326155704,0
55,28,1,12,backward,0,725187602,725187602,0
55,28,1,12,backward,1,728226771,728226771,0
55,28,1,12,backward,2,724322416,724322416,0
55,28,1,12,backward,3,726042320,726042320,0
55,28,1,12,forward,0,325335869,325335869,0
55,28,1,12,forward,1,326161143,326161143,0
55,28,1,12,forward,2,342366164,342366164,0
55,28,1,12,forward,3,325970817,325970817,0
55,29,1,13,backward,0,724799343,724799343,0
55,29,1,13,backward,1,727135113,727135113,0
55,29,1,13,backward,2,725091849,725091849,0
55,29,1,13,backward,3,726413918,726413918,0
55,29,1,13,forward,0,323975327,323975327,0
55,29,1,13,forward,1,327687224,327687224,0
55,29,1,13,forward,2,342398096,342398096,0
55,29,1,13,forward,3,326074928,326074928,0
55,30,1,14,backward,0,724024929,724024929,0
55,30,1,14,backward,1,727277032,727277032,0
55,30,1,14,backward,2,723975230,723975230,0
55,30,1,14,backward,3,726383803,726383803,0
55,30,1,14,forward,0,323694294,323694294,0
55,30,1,14,forward,1,327495287,327495287,0
55,30,1,14,forward,2,342348735,342348735,0
55,30,1,14,forward,3,325993802,325993802,0
55,31,1,15,backward,0,722742326,722742326,0
55,31,1,15,backward,1,725954529,725954529,0
55,31,1,15,backward,2,725017541,725017541,0
55,31,1,15,backward,3,727660960,727660960,0
55,31,1,15,forward,0,322851890,322851890,0
55,31,1,15,forward,1,326367804,326367804,0
55,31,1,15,forward,2,340586585,340586585,0
55,31,1,15,forward,3,323879473,323879473,0
55,32,2,0,backward,0,713874991,713874991,0
55,32,2,0,backward,1,708073448,708073448,0
55,32,2,0,backward,2,708298114,708298114,0
55,32,2,0,backward,3,702010904,702010904,0
55,32,2,0,forward,0,320464416,320464416,0
55,32,2,0,forward,1,322897802,322897802,0
55,32,2,0,forward,2,463063797,463063797,0
55,32,2,0,forward,3,317260240,317260240,0
55,33,2,1,backward,0,714710164,714710164,0
55,33,2,1,backward,1,708560055,708560055,0
55,33,2,1,backward,2,708788739,708788739,0
55,33,2,1,backward,3,702320883,702320883,0
55,33,2,1,forward,0,321293857,321293857,0
55,33,2,1,forward,1,322714683,322714683,0
55,33,2,1,forward,2,463329480,463329480,0
55,33,2,1,forward,3,317554962,317554962,0
55,34,2,2,backward,0,714676006,714676006,0
55,34,2,2,backward,1,708501772,708501772,0
55,34,2,2,backward,2,708144580,708144580,0
55,34,2,2,backward,3,703259386,703259386,0
55,34,2,2,forward,0,321107652,321107652,0
55,34,2,2,forward,1,322529796,322529796,0
55,34,2,2,forward,2,462902700,462902700,0
55,34,2,2,forward,3,317353091,317353091,0
55,35,2,3,backward,0,712698562,712698562,0
55,35,2,3,backward,1,708582526,708582526,0
55,35,2,3,backward,2,708342108,708342108,0
55,35,2,3,backward,3,702703290,702703290,0
55,35,2,3,forward,0,321214981,321214981,0
55,35,2,3,forward,1,322570051,322570051,0
55,35,2,3,forward,2,463086946,463086946,0
55,35,2,3,forward,3,317342751,317342751,0
55,36,2,4,backward,0,713425099,713425099,0
55,36,2,4,backward,1,708489336,708489336,0
55,36,2,4,backward,2,708909728,708909728,0
55,36,2,4,backward,3,702826607,702826607,0
55,36,2,4,forward,0,321407399,321407399,0
55,36,2,4,forward,1,323013672,323013672,0
55,36,2,4,forward,2,463738954,463738954,0
55,36,2,4,forward,3,317187034,317187034,0
55,37,2,5,backward,0,714076982,714076982,0
55,37,2,5,backward,1,709585760,709585760,0
55,37,2,5,backward,2,709486438,709486438,0
55,37,2,5,backward,3,703017508,703017508,0
55,37,2,5,forward,0,321698507,321698507,0
55,37,2,5,forward,1,322687048,322687048,0
55,37,2,5,forward,2,463387493,463387493,0
55,37,2,5,forward,3,317574260,317574260,0
55,38,2,6,backward,0,715010326,715010326,0
55,38,2,6,backward,1,709015022,709015022,0
55,38,2,6,backward,2,708397152,708397152,0
55,38,2,6,backward,3,702727586,702727586,0
55,38,2,6,forward,0,321303831,321303831,0
55,38,2,6,forward,1,322760581,322760581,0
55,38,2,6,forward,2,463241284,463241284,0
55,38,2,6,forward,3,317393778,317393778,0
55,39,2,7,backward,0,715616797,715616797,0
55,39,2,7,backward,1,709004081,709004081,0
55,39,2,7,backward,2,709105723,709105723,0
55,39,2,7,backward,3,702791125,702791125,0
55,39,2,7,forward,0,321146362,321146362,0
55,39,2,7,forward,1,322703947,322703947,0
55,39,2,7,forward,2,463087700,463087700,0
55,39,2,7,forward,3,317177844,317177844,0
55,40,2,8,backward,0,705553705,705553705,0
55,40,2,8,backward,1,759496794,759496794,0
55,40,2,8,backward,2,708930798,708930798,0
55,40,2,8,backward,3,705443759,705443759,0
55,40,2,8,forward,0,343064070,343064070,0
55,40,2,8,forward,1,319534447,319534447,0
55,40,2,8,forward,2,318726903,318726903,0
55,40,2,8,forward,3,345615913,345615913,0
55,41,2,9,backward,0,706004888,706004888,0
55,41,2,9,backward,1,759368744,759368744,0
55,41,2,9,backward,2,709343747,709343747,0
55,41,2,9,backward,3,706355801,706355801,0
55,41,2,9,forward,0,344019542,344019542,0
55,41,2,9,forward,1,336601414,336601414,0
55,41,2,9,forward,2,319990034,319990034,0
55,41,2,9,forward,3,347276601,347276601,0
55,42,2,10,backward,0,706039766,706039766,0
55,42,2,10,backward,1,759121404,759121404,0
55,42,2,10,backward,2,710198626,710198626,0
55,42,2,10,backward,3,705302073,705302073,0
55,42,2,10,forward,0,343797396,343797396,0
55,42,2,10,forward,1,336288850,336288850,0
55,42,2,10,forward,2,319177817,319177817,0
55,42,2,10,forward,3,346563252,346563252,0
55,43,2,11,backward,0,706848719,706848719,0
55,43,2,11,backward,1,761199404,761199404,0
55,43,2,11,backward,2,709189352,709189352,0
55,43,2,11,backward,3,705596229,705596229,0
55,43,2,11,forward,0,344447227,344447227,0
55,43,2,11,forward,1,336810023,336810023,0
55,43,2,11,forward,2,319937965,319937965,0
55,43,2,11,forward,3,346840231,346840231,0
55,44,2,12,backward,0,705234864,705234864,0
55,44,2,12,backward,1,759784360,759784360,0
55,44,2,12,backward,2,709556755,709556755,0
55,44,2,12,backward,3,705855503,705855503,0
55,44,2,12,forward,0,342805226,342805226,0
55,44,2,12,forward,1,336815772,336815772,0
55,44,2,12,forward,2,319828751,319828751,0
55,44,2,12,forward,3,346895336,346895336,0
55,45,2,13,backward,0,705350314,705350314,0
55,45,2,13,backward,1,759336132,759336132,0
55,45,2,13,backward,2,709282157,709282157,0
55,45,2,13,backward,3,704805367,704805367,0
55,45,2,13,forward,0,344249216,344249216,0
55,45,2,13,forward,1,336700852,336700852,0
55,45,2,13,forward,2,320534369,320534369,0
55,45,2,13,forward,3,347051594,347051594,0
55,46,2,14,backward,0,704734916,704734916,0
55,46,2,14,backward,1,759298745,759298745,0
55,46,2,14,backward,2,707772770,707772770,0
55,46,2,14,backward,3,705172212,705172212,0
55,46,2,14,forward,0,344253596,344253596,0
55,46,2,14,forward,1,336631974,336631974,0
55,46,2,14,forward,2,320034246,320034246,0
55,46,2,14,forward,3,346572618,346572618,0
55,47,2,15,backward,0,704756501,704756501,0
55,47,2,15,backward,1,758514063,758514063,0
55,47,2,15,backward,2,708123079,708123079,0
55,47,2,15,backward,3,704986549,704986549,0
55,47,2,15,forward,0,343723051,343723051,0
55,47,2,15,forward,1,335519137,335519137,0
55,47,2,15,forward,2,318570530,318570530,0
55,47,2,15,forward,3,345570266,345570266,0
55,48,3,0,backward,0,710975746,710975746,0
55,48,3,0,backward,1,704069463,704069463,0
55,48,3,0,backward,2,722411329,722411329,0
55,48,3,0,backward,3,718544047,718544047,0
55,48,3,0,forward,0,317327036,317327036,0
55,48,3,0,forward,1,314210059,314210059,0
55,48,3,0,forward,2,315324274,315324274,0
55,48,3,0,forward,3,334028881,334028881,0
55,49,3,1,backward,0,709627154,709627154,0
55,49,3,1,backward,1,703394040,703394040,0
55,49,3,1,backward,2,723820297,723820297,0
55,49,3,1,backward,3,718006043,718006043,0
55,49,3,1,forward,0,317401591,317401591,0
55,49,3,1,forward,1,314177267,314177267,0
55,49,3,1,forward,2,315252328,315252328,0
55,49,3,1,forward,3,333880412,333880412,0
55,50,3,2,backward,0,708158465,708158465,0
55,50,3,2,backward,1,704332102,704332102,0
55,50,3,2,backward,2,723807019,723807019,0
55,50,3,2,backward,3,717324928,717324928,0
55,50,3,2,forward,0,317460192,317460192,0
55,50,3,2,forward,1,314470751,314470751,0
55,50,3,2,forward,2,315382705,315382705,0
55,50,3,2,forward,3,334179539,334179539,0
55,51,3,3,backward,0,708260929,708260929,0
55,51,3,3,backward,1,704767534,704767534,0
55,51,3,3,backward,2,723795827,723795827,0
55,51,3,3,backward,3,717118801,717118801,0
55,51,3,3,forward,0,317311242,317311242,0
55,51,3,3,forward,1,314443434,314443434,0
55,51,3,3,forward,2,315302091,315302091,0
55,51,3,3,forward,3,334042307,334042307,0
55,52,3,4,backward,0,710320230,710320230,0
55,52,3,4,backward,1,704350871,704350871,0
55,52,3,4,backward,2,724224207,724224207,0
55,52,3,4,backward,3,717418268,717418268,0
55,52,3,4,forward,0,317215823,317215823,0
55,52,3,4,forward,1,314164286,314164286,0
55,52,3,4,forward,2,315033668,315033668,0
55,52,3,4,forward,3,333987697,333987697,0
55,53,3,5,backward,0,710329686,710329686,0
55,53,3,5,backward,1,705321731,705321731,0
55,53,3,5,backward,2,724855887,724855887,0
55,53,3,5,backward,3,718991202,718991202,0
55,53,3,5,forward,0,317248640,317248640,0
55,53,3,5,forward,1,314307097,314307097,0
55,53,3,5,forward,2,315327816,315327816,0
55,53,3,5,forward,3,334077421,334077421,0
55,54,3,6,backward,0,709544078,709544078,0
55,54,3,6,backward,1,704132507,704132507,0
55,54,3,6,backward,2,724015614,724015614,0
55,54,3,6,backward,3,716424301,716424301,0
55,54,3,6,forward,0,317208093,317208093,0
55,54,3,6,forward,1,314225649,314225649,0
55,54,3,6,forward,2,315106267,315106267,0
55,54,3,6,forward,3,333999969,333999969,0
55,55,3,7,backward,0,708586805,708586805,0
55,55,3,7,backward,1,703310895,703310895,0
55,55,3,7,backward,2,723413657,723413657,0
55,55,3,7,backward,3,716272541,716272541,0
55,55,3,7,forward,0,316883160,316883160,0
55,55,3,7,forward,1,314413420,314413420,0
55,55,3,7,forward,2,315358224,315358224,0
55,55,3,7,forward,3,334144418,334144418,0
55,56,3,8,backward,0,724578053,724578053,0
55,56,3,8,backward,1,699315369,699315369,0
55,56,3,8,backward,2,695495362,695495362,0
55,56,3,8,backward,3,693326497,693326497,0
55,56,3,8,forward,0,390964342,390964342,0
55,56,3,8,forward,1,352362420,352362420,0
55,56,3,8,forward,2,337077225,337077225,0
55,56,3,8,forward,3,325432908,325432908,0
55,57,3,9,backward,0,724522813,724522813,0
55,57,3,9,backward,1,697833694,697833694,0
55,57,3,9,backward,2,693147490,693147490,0
55,57,3,9,backward,3,692285588,692285588,0
55,57,3,9,forward,0,407287929,407287929,0
55,57,3,9,forward,1,353044302,353044302,0
55,57,3,9,forward,2,337534925,337534925,0
55,57,3,9,forward,3,324992479,324992479,0
55,58,3,10,backward,0,725177196,725177196,0
55,58,3,10,backward,1,697544256,697544256,0
55,58,3,10,backward,2,693095897,693095897,0
55,58,3,10,backward,3,693128984,693128984,0
55,58,3,10,forward,0,407660726,407660726,0
55,58,3,10,forward,1,352890557,352890557,0
55,58,3,10,forward,2,337585621,337585621,0
55,58,3,10,forward,3,325569034,325569034,0
55,59,3,11,backward,0,725382308,725382308,0
55,59,3,11,backward,1,697703621,697703621,0
55,59,3,11,backward,2,692393476,692393476,0
55,59,3,11,backward,3,692452250,692452250,0
55,59,3,11,forward,0,407655668,407655668,0
55,59,3,11,forward,1,352800051,352800051,0
55,59,3,11,forward,2,337458513,337458513,0
55,59,3,11,forward,3,325766938,325766938,0
55,60,3,12,backward,0,723688901,723688901,0
55,60,3,12,backward,1,697279193,697279193,0
55,60,3,12,backward,2,694405186,694405186,0
55,60,3,12,backward,3,693511345,693511345,0
55,60,3,12,forward,0,407593160,407593160,0
55,60,3,12,forward,1,352757531,352757531,0
55,60,3,12,forward,2,337635667,337635667,0
55,60,3,12,forward,3,325822748,325822748,0
55,61,3,13,backward,0,727483165,727483165,0
55,61,3,13,backward,1,696942813,696942813,0
55,61,3,13,backward,2,692358910,692358910,0
55,61,3,13,backward,3,692687292,692687292,0
55,61,3,13,forward,0,407340540,407340540,0
55,61,3,13,forward,1,352990249,352990249,0
55,61,3,13,forward,2,337763932,337763932,0
55,61,3,13,forward,3,325401629,325401629,0
55,62,3,14,backward,0,724177627,724177627,0
55,62,3,14,backward,1,696567072,696567072,0
55,62,3,14,backward,2,692513288,692513288,0
55,62,3,14,backward,3,692622446,692622446,0
55,62,3,14,forward,0,407397044,407397044,0
55,62,3,14,forward,1,352766507,352766507,0
55,62,3,14,forward,2,337332374,337332374,0
55,62,3,14,forward,3,325745302,325745302,0
55,63,3,15,backward,0,724779119,724779119,0
55,63,3,15,backward,1,696601969,696601969,0
55,63,3,15,backward,2,692361837,692361837,0
55,63,3,15,backward,3,692214009,692214009,0
55,63,3,15,forward,0,407335434,407335434,0
55,63,3,15,forward,1,352268259,352268259,0
55,63,3,15,forward,2,336898821,336898821,0
55,63,3,15,forward,3,325639331,325639331,0
55,64,4,0,backward,0,698360632,698360632,0
55,64,4,0,backward,1,698257239,698257239,0
55,64,4,0,backward,2,694031904,694031904,0
55,64,4,0,backward,3,692635714,692635714,0
55,64,4,0,forward,0,335385833,335385833,0
55,64,4,0,forward,1,317320688,317320688,0
55,64,4,0,forward,2,315835668,315835668,0
55,64,4,0,forward,3,313494294,313494294,0
55,65,4,1,backward,0,698965662,698965662,0
55,65,4,1,backward,1,697965310,697965310,0
55,65,4,1,backward,2,693616489,693616489,0
55,65,4,1,backward,3,694805746,694805746,0
55,65,4,1,forward,0,335354105,335354105,0
55,65,4,1,forward,1,317322447,317322447,0
55,65,4,1,forward,2,315647993,315647993,0
55,65,4,1,forward,3,313375452,313375452,0
55,66,4,2,backward,0,698838071,698838071,0
55,66,4,2,backward,1,698272799,698272799,0
55,66,4,2,backward,2,694020428,694020428,0
55,66,4,2,backward,3,695596165,695596165,0
55,66,4,2,forward,0,335369318,335369318,0
55,66,4,2,forward,1,317350065,317350065,0
55,66,4,2,forward,2,315704777,315704777,0
55,66,4,2,forward,3,313287854,313287854,0
55,67,4,3,backward,0,698688013,698688013,0
55,67,4,3,backward,1,699437675,699437675,0
55,67,4,3,backward,2,695240320,695240320,0
55,67,4,3,backward,3,696650922,696650922,0
55,67,4,3,forward,0,335489146,335489146,0
55,67,4,3,forward,1,317417308,317417308,0
55,67,4,3,forward,2,315882435,315882435,0
55,67,4,3,forward,3,313640307,313640307,0
55,68,4,4,backward,0,698583552,698583552,0
55,68,4,4,backward,1,697564396,697564396,0
55,68,4,4,backward,2,692924578,692924578,0
55,68,4,4,backward,3,695952088,695952088,0
55,68,4,4,forward,0,335532539,335532539,0
55,68,4,4,forward,1,317110620,317110620,0
55,68,4,4,forward,2,315926438,315926438,0
55,68,4,4,forward,3,313630016,313630016,0
55,69,4,5,backward,0,698078978,698078978,0
55,69,4,5,backward,1,697627060,697627060,0
55,69,4,5,backward,2,692853186,692853186,0
55,69,4,5,backward,3,697276653,697276653,0
55,69,4,5,forward,0,334756175,334756175,0
55,69,4,5,forward,1,316211485,316211485,0
55,69,4,5,forward,2,315428158,315428158,0
55,69,4,5,forward,3,313086578,313086578,0
55,70,4,6,backward,0,698286851,698286851,0
55,70,4,6,backward,1,698393471,698393471,0
55,70,4,6,backward,2,693197078,693197078,0
55,70,4,6,backward,3,695539539,695539539,0
55,70,4,6,forward,0,335395640,335395640,0
55,70,4,6,forward,1,317119227,317119227,0
55,70,4,6,forward,2,315756139,315756139,0
55,70,4,6,forward,3,313313837,313313837,0
55,71,4,7,backward,0,698145511,698145511,0
55,71,4,7,backward,1,698528081,698528081,0
55,71,4,7,backward,2,693492231,693492231,0
55,71,4,7,backward,3,695510955,695510955,0
55,71,4,7,forward,0,335536124,335536124,0
55,71,4,7,forward,1,317012606,317012606,0
55,71,4,7,forward,2,316091985,316091985,0
55,71,4,7,forward,3,313455068,313455068,0
55,72,4,8,backward,0,700985895,700985895,0
55,72,4,8,backward,1,698568231,698568231,0
55,72,4,8,backward,2,699585132,699585132,0
55,72,4,8,backward,3,699468923,699468923,0
55,72,4,8,forward,0,318229619,318229619,0
55,72,4,8,forward,1,318093287,318093287,0
55,72,4,8,forward,2,317497812,317497812,0
55,72,4,8,forward,3,329098172,329098172,0
55,73,4,9,backward,0,700631752,700631752,0
55,73,4,9,backward,1,698733970,698733970,0
55,73,4,9,backward,2,699928100,699928100,0
55,73,4,9,backward,3,699446892,699446892,0
55,73,4,9,forward,0,318604590,318604590,0
55,73,4,9,forward,1,318088662,318088662,0
55,73,4,9,forward,2,316967419,316967419,0
55,73,4,9,forward,3,329779237,329779237,0
55,74,4,10,backward,0,702540184,702540184,0
55,74,4,10,backward,1,698975655,698975655,0
55,74,4,10,backward,2,700026138,700026138,0
55,74,4,10,backward,3,699399631,699399631,0
55,74,4,10,forward,0,318494355,318494355,0
55,74,4,10,forward,1,318168071,318168071,0
55,74,4,10,forward,2,317245410,317245410,0
55,74,4,10,forward,3,318017339,318017339,0
55,75,4,11,backward,0,701766665,701766665,0
55,75,4,11,backward,1,699047139,699047139,0
55,75,4,11,backward,2,700397786,700397786,0
55,75,4,11,backward,3,699414142,699414142,0
55,75,4,11,forward,0,318532599,318532599,0
55,75,4,11,forward,1,318157683,318157683,0
55,75,4,11,forward,2,316997699,316997699,0
55,75,4,11,forward,3,329163041,329163041,0
55,76,4,12,backward,0,700842797,700842797,0
55,76,4,12,backward,1,699458878,699458878,0
55,76,4,12,backward,2,699397782,699397782,0
55,76,4,12,backward,3,699063389,699063389,0
55,76,4,12,forward,0,318501727,318501727,0
55,76,4,12,forward,1,318155308,318155308,0
55,76,4,12,forward,2,316987264,316987264,0
55,76,4,12,forward,3,329980616,329980616,0
55,77,4,13,backward,0,701051416,701051416,0
55,77,4,13,backward,1,699543064,699543064,0
55,77,4,13,backward,2,700051515,700051515,0
55,77,4,13,backward,3,699337874,699337874,0
55,77,4,13,forward,0,318761681,318761681,0
55,77,4,13,forward,1,318179646,318179646,0
55,77,4,13,forward,2,317008531,317008531,0
55,77,4,13,forward,3,329958146,329958146,0
55,78,4,14,backward,0,700402529,700402529,0
55,78,4,14,backward,1,698868461,698868461,0
55,78,4,14,backward,2,700631201,700631201,0
55,78,4,14,backward,3,699257808,699257808,0
55,78,4,14,forward,0,318209726,318209726,0
55,78,4,14,forward,1,317947360,317947360,0
55,78,4,14,forward,2,317145458,317145458,0
55,78,4,14,forward,3,330106474,330106474,0
55,79,4,15,backward,0,700388894,700388894,0
55,79,4,15,backward,1,698879019,698879019,0
55,79,4,15,backward,2,700455090,700455090,0
55,79,4,15,backward,3,700346835,700346835,0
55,79,4,15,forward,0,318076540,318076540,0
55,79,4,15,forward,1,317653605,317653605,0
55,79,4,15,forward,2,316766493,316766493,0
55,79,4,15,forward,3,329343561,329343561,0
55,80,5,0,backward,0,707930208,707930208,0
55,80,5,0,backward,1,704114250,704114250,0
55,80,5,0,backward,2,711049361,711049361,0
55,80,5,0,backward,3,685075309,685075309,0
55,80,5,0,forward,0,315057717,315057717,0
55,80,5,0,forward,1,313068007,313068007,0
55,80,5,0,forward,2,352583734,352583734,0
55,80,5,0,forward,3,312165256,312165256,0
55,81,5,1,backward,0,707210826,707210826,0
55,81,5,1,backward,1,704259869,704259869,0
55,81,5,1,backward,2,711044286,711044286,0
55,81,5,1,backward,3,685934010,685934010,0
55,81,5,1,forward,0,315103602,315103602,0
55,81,5,1,forward,1,313083582,313083582,0
55,81,5,1,forward,2,352279645,352279645,0
55,81,5,1,forward,3,312573892,312573892,0
55,82,5,2,backward,0,708729470,708729470,0
55,82,5,2,backward,1,704317161,704317161,0
55,82,5,2,backward,2,710807498,710807498,0
55,82,5,2,backward,3,685426655,685426655,0
55,82,5,2,forward,0,315015610,315015610,0
55,82,5,2,forward,1,312819209,312819209,0
55,82,5,2,forward,2,352554324,352554324,0
55,82,5,2,forward,3,312226432,312226432,0
55,83,5,3,backward,0,711376386,711376386,0
55,83,5,3,backward,1,704722710,704722710,0
55,83,5,3,backward,2,710824308,710824308,0
55,83,5,3,backward,3,685764493,685764493,0
55,83,5,3,forward,0,314949343,314949343,0
55,83,5,3,forward,1,312965823,312965823,0
55,83,5,3,forward,2,352595621,352595621,0
55,83,5,3,forward,3,312338123,312338123,0
55,84,5,4,backward,0,708203805,708203805,0
55,84,5,4,backward,1,706129990,706129990,0
55,84,5,4,backward,2,712644342,712644342,0
55,84,5,4,backward,3,685206345,685206345,0
55,84,5,4,forward,0,314920094,314920094,0
55,84,5,4,forward,1,312901785,312901785,0
55,84,5,4,forward,2,352309907,352309907,0
55,84,5,4,forward,3,312507330,312507330,0
55,85,5,5,backward,0,707848117,707848117,0
55,85,5,5,backward,1,706908863,706908863,0
55,85,5,5,backward,2,713349464,713349464,0
55,85,5,5,backward,3,685925861,685925861,0
55,85,5,5,forward,0,314257103,314257103,0
55,85,5,5,forward,1,312775260,312775260,0
55,85,5,5,forward,2,351785476,351785476,0
55,85,5,5,forward,3,312048373,312048373,0
55,86,5,6,backward,0,708995100,708995100,0
55,86,5,6,backward,1,704997044,704997044,0
55,86,5,6,backward,2,711950613,711950613,0
55,86,5,6,backward,3,685369475,685369475,0
55,86,5,6,forward,0,314882629,314882629,0
55,86,5,6,forward,1,312865498,312865498,0
55,86,5,6,forward,2,352503198,352503198,0
55,86,5,6,forward,3,312434075,312434075,0
55,87,5,7,backward,0,708218110,708218110,0
55,87,5,7,backward,1,705374650,705374650,0
55,87,5,7,backward,2,712406410,712406410,0
55,87,5,7,backward,3,685966418,685966418,0
55,87,5,7,forward,0,314743240,314743240,0
55,87,5,7,forward,1,312569415,312569415,0
55,87,5,7,forward,2,349729022,349729022,0
55,87,5,7,forward,3,312221104,312221104,0
55,88,5,8,backward,0,690042024,690042024,0
55,88,5,8,backward,1,687471809,687471809,0
55,88,5,8,backward,2,688900237,688900237,0
55,88,5,8,backward,3,687964034,687964034,0
55,88,5,8,forward,0,314622555,314622555,0
55,88,5,8,forward,1,461943469,461943469,0
55,88,5,8,forward,2,324280778,324280778,0
55,88,5,8,forward,3,311661685,311661685,0
55,89,5,9,backward,0,691097012,691097012,0
55,89,5,9,backward,1,688847064,688847064,0
55,89,5,9,backward,2,690127700,690127700,0
55,89,5,9,backward,3,689349754,689349754,0
55,89,5,9,forward,0,314974885,314974885,0
55,89,5,9,forward,1,461717062,461717062,0
55,89,5,9,forward,2,324165298,324165298,0
55,89,5,9,forward,3,312303000,312303000,0
55,90,5,10,backward,0,689502178,689502178,0
55,90,5,10,backward,1,687483546,687483546,0
55,90,5,10,backward,2,688470639,688470639,0
55,90,5,10,backward,3,688401845,688401845,0
55,90,5,10,forward,0,314931813,314931813,0
55,90,5,10,forward,1,473341394,473341394,0
55,90,5,10,forward,2,312796069,312796069,0
55,90,5,10,forward,3,312649502,312649502,0
55,91,5,11,backward,0,690072675,690072675,0
55,91,5,11,backward,1,687383671,687383671,0
55,91,5,11,backward,2,688065164,688065164,0
55,91,5,11,backward,3,688299508,688299508,0
55,91,5,11,forward,0,314831443,314831443,0
55,91,5,11,forward,1,461454409,461454409,0
55,91,5,11,forward,2,323878746,323878746,0
55,91,5,11,forward,3,312190549,312190549,0
55,92,5,12,backward,0,690283615,690283615,0
55,92,5,12,backward,1,687891845,687891845,0
55,92,5,12,backward,2,688636855,688636855,0
55,92,5,12,backward,3,687256763,687256763,0
55,92,5,12,forward,0,314839086,314839086,0
55,92,5,12,forward,1,461498463,461498463,0
55,92,5,12,forward,2,324420883,324420883,0
55,92,5,12,forward,3,312213237,312213237,0
55,93,5,13,backward,0,690166674,690166674,0
55,93,5,13,backward,1,687903794,687903794,0
55,93,5,13,backward,2,688858763,688858763,0
55,93,5,13,backward,3,687964257,687964257,0
55,93,5,13,forward,0,314765406,314765406,0
55,93,5,13,forward,1,461458290,461458290,0
55,93,5,13,forward,2,324295327,324295327,0
55,93,5,13,forward,3,312222420,312222420,0
55,94,5,14,backward,0,689275016,689275016,0
55,94,5,14,backward,1,687122480,687122480,0
55,94,5,14,backward,2,687673486,687673486,0
55,94,5,14,backward,3,687809133,687809133,0
55,94,5,14,forward,0,314811905,314811905,0
55,94,5,14,forward,1,461530140,461530140,0
55,94,5,14,forward,2,324451574,324451574,0
55,94,5,14,forward,3,312334358,312334358,0
55,95,5,15,backward,0,689593224,689593224,0
55,95,5,15,backward,1,687078599,687078599,0
55,95,5,15,backward,2,687857813,687857813,0
55,95,5,15,backward,3,686911919,686911919,0
55,95,5,15,forward,0,314724129,314724129,0
55,95,5,15,forward,1,461514238,461514238,0
55,95,5,15,forward,2,324213373,324213373,0
55,95,5,15,forward,3,312359856,312359856,0
55,96,6,0,backward,0,701886074,701886074,0
55,96,6,0,backward,1,720207582,720207582,0
55,96,6,0,backward,2,694517983,694517983,0
55,96,6,0,backward,3,689294355,689294355,0
55,96,6,0,forward,0,317961283,317961283,0
55,96,6,0,forward,1,316836974,316836974,0
55,96,6,0,forward,2,315803544,315803544,0
55,96,6,0,forward,3,315586038,315586038,0
55,97,6,1,backward,0,701561042,701561042,0
55,97,6,1,backward,1,719954652,719954652,0
55,97,6,1,backward,2,695166219,695166219,0
55,97,6,1,backward,3,689402654,689402654,0
55,97,6,1,forward,0,317619327,317619327,0
55,97,6,1,forward,1,316510030,316510030,0
55,97,6,1,forward,2,316101402,316101402,0
55,97,6,1,forward,3,315456113,315456113,0
55,98,6,2,backward,0,706376577,706376577,0
55,98,6,2,backward,1,722127195,722127195,0
55,98,6,2,backward,2,696542000,696542000,0
55,98,6,2,backward,3,689357898,689357898,0
55,98,6,2,forward,0,318012569,318012569,0
55,98,6,2,forward,1,316772110,316772110,0
55,98,6,2,forward,2,315976475,315976475,0
55,98,6,2,forward,3,315391525,315391525,0
55,99,6,3,backward,0,702015045,702015045,0
55,99,6,3,backward,1,720727763,720727763,0
55,99,6,3,backward,2,695248881,695248881,0
55,99,6,3,backward,3,689508798,689508798,0
55,99,6,3,forward,0,317887945,317887945,0
55,99,6,3,forward,1,316878615,316878615,0
55,99,6,3,forward,2,316184224,316184224,0
55,99,6,3,forward,3,315029111,315029111,0
55,100,6,4,backward,0,703846727,703846727,0
55,100,6,4,backward,1,720432719,720432719,0
55,100,6,4,backward,2,694628560,694628560,0
55,100,6,4,backward,3,691072722,691072722,0
55,100,6,4,forward,0,317939761,317939761,0
55,100,6,4,forward,1,316695104,316695104,0
55,100,6,4,forward,2,316280243,316280243,0
55,100,6,4,forward,3,315664349,315664349,0
55,101,6,5,backward,0,703665274,703665274,0
55,101,6,5,backward,1,721483009,721483009,0
55,101,6,5,backward,2,695715852,695715852,0
55,101,6,5,backward,3,691885360,691885360,0
55,101,6,5,forward,0,318230208,318230208,0
55,101,6,5,forward,1,316847154,316847154,0
55,101,6,5,forward,2,316274321,316274321,0
55,101,6,5,forward,3,315631508,315631508,0
55,102,6,6,backward,0,703277304,703277304,0
55,102,6,6,backward,1,721650092,721650092,0
55,102,6,6,backward,2,696769094,696769094,0
55,102,6,6,backward,3,690716062,690716062,0
55,102,6,6,forward,0,317759564,317759564,0
55,102,6,6,forward,1,316903427,316903427,0
55,102,6,6,forward,2,316151715,316151715,0
55,102,6,6,forward,3,315614701,315614701,0
55,103,6,7,backward,0,701863548,701863548,0
55,103,6,7,backward,1,720476793,720476793,0
55,103,6,7,backward,2,695189428,695189428,0
55,103,6,7,backward,3,689894946,689894946,0
55,103,6,7,forward,0,318034304,318034304,0
55,103,6,7,forward,1,315657193,315657193,0
55,103,6,7,forward,2,316134275,316134275,0
55,103,6,7,forward,3,314767649,314767649,0
55,104,6,8,backward,0,697132620,697132620,0
55,104,6,8,backward,1,693117460,693117460,0
55,104,6,8,backward,2,694556842,694556842,0
55,104,6,8,backward,3,694688068,694688068,0
55,104,6,8,forward,0,316048401,316048401,0
55,104,6,8,forward,1,327044212,327044212,0
55,104,6,8,forward,2,330141084,330141084,0
55,104,6,8,forward,3,314474790,314474790,0
55,105,6,9,backward,0,697715348,697715348,0
55,105,6,9,backward,1,694028645,694028645,0
55,105,6,9,backward,2,695273618,695273618,0
55,105,6,9,backward,3,695770890,695770890,0
55,105,6,9,forward,0,315920114,315920114,0
55,105,6,9,forward,1,327576897,327576897,0
55,105,6,9,forward,2,330015776,330015776,0
55,105,6,9,forward,3,314408819,314408819,0
55,106,6,10,backward,0,699525963,699525963,0
55,106,6,10,backward,1,695506614,695506614,0
55,106,6,10,backward,2,696565000,696565000,0
55,106,6,10,backward,3,696358587,696358587,0
55,106,6,10,forward,0,316125629,316125629,0
55,106,6,10,forward,1,316003381,316003381,0
55,106,6,10,forward,2,330103846,330103846,0
55,106,6,10,forward,3,314499912,314499912,0
55,107,6,11,backward,0,697540155,697540155,0
55,107,6,11,backward,1,694904241,694904241,0
55,107,6,11,backward,2,696032077,696032077,0
55,107,6,11,backward,3,695602276,695602276,0
55,107,6,11,forward,0,315552852,315552852,0
55,107,6,11,forward,1,327015744,327015744,0
55,107,6,11,forward,2,328521916,328521916,0
55,107,6,11,forward,3,313229184,313229184,0
55,108,6,12,backward,0,698710716,698710716,0
55,108,6,12,backward,1,695280602,695280602,0
55,108,6,12,backward,2,695970799,695970799,0
55,108,6,12,backward,3,697147592,697147592,0
55,108,6,12,forward,0,316333429,316333429,0
55,108,6,12,forward,1,327871056,327871056,0
55,108,6,12,forward,2,330262705,330262705,0
55,108,6,12,forward,3,314501502,314501502,0
55,109,6,13,backward,0,699476460,699476460,0
55,109,6,13,backward,1,694516079,694516079,0
55,109,6,13,backward,2,698392747,698392747,0
55,109,6,13,backward,3,698570179,698570179,0
55,109,6,13,forward,0,316382040,316382040,0
55,109,6,13,forward,1,327815435,327815435,0
55,109,6,13,forward,2,330083902,330083902,0
55,109,6,13,forward,3,314040619,314040619,0
55,110,6,14,backward,0,697597437,697597437,0
55,110,6,14,backward,1,694596096,694596096,0
55,110,6,14,backward,2,696358477,696358477,0
55,110,6,14,backward,3,696612023,696612023,0
55,110,6,14,forward,0,316261167,316261167,0
55,110,6,14,forward,1,327894372,327894372,0
55,110,6,14,forward,2,329687536,329687536,0
55,110,6,14,forward,3,313921430,313921430,0
55,111,6,15,backward,0,696710321,696710321,0
55,111,6,15,backward,1,695754720,695754720,0
55,111,6,15,backward,2,697520017,697520017,0
55,111,6,15,backward,3,697517332,697517332,0
55,111,6,15,forward,0,315797311,315797311,0
55,111,6,15,forward,1,327869218,327869218,0
55,111,6,15,forward,2,328981700,328981700,0
55,111,6,15,forward,3,314872069,314872069,0
55,112,7,0,backward,0,680071786,680071786,0
55,112,7,0,backward,1,684199077,684199077,0
55,112,7,0,backward,2,684333331,684333331,0
55,112,7,0,backward,3,679935068,679935068,0
55,112,7,0,forward,0,316959816,316959816,0
55,112,7,0,forward,1,312190019,312190019,0
55,112,7,0,forward,2,310993559,310993559,0
55,112,7,0,forward,3,340623741,340623741,0
55,113,7,1,backward,0,679968393,679968393,0
55,113,7,1,backward,1,684251433,684251433,0
55,113,7,1,backward,2,683276075,683276075,0
55,113,7,1,backward,3,679887307,679887307,0
55,113,7,1,forward,0,316711614,316711614,0
55,113,7,1,forward,1,312461877,312461877,0
55,113,7,1,forward,2,310651474,310651474,0
55,113,7,1,forward,3,340644617,340644617,0
55,114,7,2,backward,0,680939700,680939700,0
55,114,7,2,backward,1,687181148,687181148,0
55,114,7,2,backward,2,683024192,683024192,0
55,114,7,2,backward,3,679208681,679208681,0
55,114,7,2,forward,0,316957327,316957327,0
55,114,7,2,forward,1,312590228,312590228,0
55,114,7,2,forward,2,310685180,310685180,0
55,114,7,2,forward,3,340419731,340419731,0
55,115,7,3,backward,0,680639014,680639014,0
55,115,7,3,backward,1,684553834,684553834,0
55,115,7,3,backward,2,683126173,683126173,0
55,115,7,3,backward,3,679317595,679317595,0
55,115,7,3,forward,0,316966781,316966781,0
55,115,7,3,forward,1,312649492,312649492,0
55,115,7,3,forward,2,310085636,310085636,0
55,115,7,3,forward,3,340372026,340372026,0
55,116,7,4,backward,0,681001114,681001114,0
55,116,7,4,backward,1,685888366,685888366,0
55,116,7,4,backward,2,684035246,684035246,0
55,116,7,4,backward,3,680351593,680351593,0
55,116,7,4,forward,0,316953007,316953007,0
55,116,7,4,forward,1,314142474,314142474,0
55,116,7,4,forward,2,310759639,310759639,0
55,116,7,4,forward,3,340575342,340575342,0
55,117,7,5,backward,0,681088986,681088986,0
55,117,7,5,backward,1,686115944,686115944,0
55,117,7,5,backward,2,684506792,684506792,0
55,117,7,5,backward,3,680228110,680228110,0
55,117,7,5,forward,0,316732124,316732124,0
55,117,7,5,forward,1,313847704,313847704,0
55,117,7,5,forward,2,310624955,310624955,0
55,117,7,5,forward,3,340401076,340401076,0
55,118,7,6,backward,0,681528689,681528689,0
55,118,7,6,backward,1,686233142,686233142,0
55,118,7,6,backward,2,684391947,684391947,0
55,118,7,6,backward,3,682835440,682835440,0
55,118,7,6,forward,0,316968716,316968716,0
55,118,7,6,forward,1,312542539,312542539,0
55,118,7,6,forward,2,311562954,311562954,0
55,118,7,6,forward,3,340571302,340571302,0
55,119,7,7,backward,0,680467752,680467752,0
55,119,7,7,backward,1,685340289,685340289,0
55,119,7,7,backward,2,683172721,683172721,0
55,119,7,7,backward,3,681199626,681199626,0
55,119,7,7,forward,0,316263921,316263921,0
55,119,7,7,forward,1,311706151,311706151,0
55,119,7,7,forward,2,310472579,310472579,0
55,119,7,7,forward,3,340504461,340504461,0
55,120,7,8,backward,0,685251053,685251053,0
55,120,7,8,backward,1,687307453,687307453,0
55,120,7,8,backward,2,686647027,686647027,0
55,120,7,8,backward,3,681120002,681120002,0
55,120,7,8,forward,0,322656172,322656172,0
55,120,7,8,forward,1,311363741,311363741,0
55,120,7,8,forward,2,309623602,309623602,0
55,120,7,8,forward,3,309552772,309552772,0
55,121,7,9,backward,0,684635357,684635357,0
55,121,7,9,backward,1,685571178,685571178,0
55,121,7,9,backward,2,684608942,684608942,0
55,121,7,9,backward,3,681625908,681625908,0
55,121,7,9,forward,0,322692221,322692221,0
55,121,7,9,forward,1,311311922,311311922,0
55,121,7,9,forward,2,309749791,309749791,0
55,121,7,9,forward,3,309493979,309493979,0
55,122,7,10,backward,0,684917433,684917433,0
55,122,7,10,backward,1,686679392,686679392,0
55,122,7,10,backward,2,686133827,686133827,0
55,122,7,10,backward,3,681843370,681843370,0
55,122,7,10,forward,0,322703369,322703369,0
55,122,7,10,forward,1,311093160,311093160,0
55,122,7,10,forward,2,309432085,309432085,0
55,122,7,10,forward,3,309320242,309320242,0
55,123,7,11,backward,0,684523733,684523733,0
55,123,7,11,backward,1,687479505,687479505,0
55,123,7,11,backward,2,686708382,686708382,0
55,123,7,11,backward,3,681615631,681615631,0
55,123,7,11,forward,0,321956926,321956926,0
55,123,7,11,forward,1,310445969,310445969,0
55,123,7,11,forward,2,308896136,308896136,0
55,123,7,11,forward,3,308657781,308657781,0
55,124,7,12,backward,0,685003644,685003644,0
55,124,7,12,backward,1,686500638,686500638,0
55,124,7,12,backward,2,684891552,684891552,0
55,124,7,12,backward,3,681146092,681146092,0
55,124,7,12,forward,0,322461923,322461923,0
55,124,7,12,forward,1,311265856,311265856,0
55,124,7,12,forward,2,309500905,309500905,0
55,124,7,12,forward,3,309506916,309506916,0
55,125,7,13,backward,0,685465241,685465241,0
55,125,7,13,backward,1,686644696,686644696,0
55,125,7,13,backward,2,684924140,684924140,0
55,125,7,13,backward,3,681224621,681224621,0
55,125,7,13,forward,0,322378398,322378398,0
55,125,7,13,forward,1,311250136,311250136,0
55,125,7,13,forward,2,309298557,309298557,0
55,125,7,13,forward,3,309462037,309462037,0
55,126,7,14,backward,0,682767420,682767420,0
55,126,7,14,backward,1,686338505,686338505,0
55,126,7,14,backward,2,685846622,685846622,0
55,126,7,14,backward,3,680551079,680551079,0
55,126,7,14,forward,0,321332356,321332356,0
55,126,7,14,forward,1,310700507,310700507,0
55,126,7,14,forward,2,308677660,308677660,0
55,126,7,14,forward,3,308735040,308735040,0
55,127,7,15,backward,0,683308209,683308209,0
55,127,7,15,backward,1,685878677,685878677,0
55,127,7,15,backward,2,685474096,685474096,0
55,127,7,15,backward,3,679996866,679996866,0
55,127,7,15,forward,0,321555590,321555590,0
55,127,7,15,forward,1,311435498,311435498,0
55,127,7,15,forward,2,309724665,309724665,0
55,127,7,15,forward,3,309433983,309433983,0
55,128,8,0,backward,0,688418883,688418883,0
55,128,8,0,backward,1,694382406,694382406,0
55,128,8,0,backward,2,690228567,690228567,0
55,128,8,0,backward,3,681118304,681118304,0
55,128,8,0,forward,0,313085112,313085112,0
55,128,8,0,forward,1,310793214,310793214,0
55,128,8,0,forward,2,311077784,311077784,0
55,128,8,0,forward,3,310994744,310994744,0
55,129,8,1,backward,0,688068377,688068377,0
55,129,8,1,backward,1,694281416,694281416,0
55,129,8,1,backward,2,690317498,690317498,0
55,129,8,1,backward,3,681871517,681871517,0
55,129,8,1,forward,0,313143327,313143327,0
55,129,8,1,forward,1,311239013,311239013,0
55,129,8,1,forward,2,311022686,311022686,0
55,129,8,1,forward,3,310924139,310924139,0
55,130,8,2,backward,0,688955667,688955667,0
55,130,8,2,backward,1,693825533,693825533,0
55,130,8,2,backward,2,691502151,691502151,0
55,130,8,2,backward,3,683503707,683503707,0
55,130,8,2,forward,0,313471151,313471151,0
55,130,8,2,forward,1,311015296,311015296,0
55,130,8,2,forward,2,311399450,311399450,0
55,130,8,2,forward,3,311017537,311017537,0
55,131,8,3,backward,0,689450843,689450843,0
55,131,8,3,backward,1,694173897,694173897,0
55,131,8,3,backward,2,689685143,689685143,0
55,131,8,3,backward,3,681395337,681395337,0
55,131,8,3,forward,0,313303491,313303491,0
55,131,8,3,forward,1,311126767,311126767,0
55,131,8,3,forward,2,311335578,311335578,0
55,131,8,3,forward,3,310963831,310963831,0
55,132,8,4,backward,0,689915877,689915877,0
55,132,8,4,backward,1,695879851,695879851,0
55,132,8,4,backward,2,690609122,690609122,0
55,132,8,4,backward,3,681121820,681121820,0
55,132,8,4,forward,0,313353585,313353585,0
55,132,8,4,forward,1,310514055,310514055,0
55,132,8,4,forward,2,311242629,311242629,0
55,132,8,4,forward,3,310965808,310965808,0
55,133,8,5,backward,0,688472073,688472073,0
55,133,8,5,backward,1,694539009,694539009,0
55,133,8,5,backward,2,691223832,691223832,0
55,133,8,5,backward,3,681951871,681951871,0
55,133,8,5,forward,0,313306084,313306084,0
55,133,8,5,forward,1,310731458,310731458,0
55,133,8,5,forward,2,311183643,311183643,0
55,133,8,5,forward,3,310977888,310977888,0
55,134,8,6,backward,0,688686035,688686035,0
55,134,8,6,backward,1,693514651,693514651,0
55,134,8,6,backward,2,691946292,691946292,0
55,134,8,6,backward,3,680153467,680153467,0
55,134,8,6,forward,0,313390544,313390544,0
55,134,8,6,forward,1,310594867,310594867,0
55,134,8,6,forward,2,310770196,310770196,0
55,134,8,6,forward,3,311209704,311209704,0
55,135,8,7,backward,0,688298605,688298605,0
55,135,8,7,backward,1,693524699,693524699,0
55,135,8,7,backward,2,690098619,690098619,0
55,135,8,7,backward,3,680615980,680615980,0
55,135,8,7,forward,0,313301114,313301114,0
55,135,8,7,forward,1,311154532,311154532,0
55,135,8,7,forward,2,311342832,311342832,0
55,135,8,7,forward,3,311019277,311019277,0
55,136,8,8,backward,0,719519095,719519095,0
55,136,8,8,backward,1,712342357,712342357,0
55,136,8,8,backward,2,694306805,694306805,0
55,136,8,8,backward,3,719433340,719433340,0
55,136,8,8,forward,0,315232025,315232025,0
55,136,8,8,forward,1,316707529,316707529,0
55,136,8,8,forward,2,311425079,311425079,0
55,136,8,8,forward,3,309845819,309845819,0
55,137,8,9,backward,0,718811782,718811782,0
55,137,8,9,backward,1,712450743,712450743,0
55,137,8,9,backward,2,693376862,693376862,0
55,137,8,9,backward,3,719157876,719157876,0
55,137,8,9,forward,0,315244662,315244662,0
55,137,8,9,forward,1,316583700,316583700,0
55,137,8,9,forward,2,311407322,311407322,0
55,137,8,9,forward,3,309982163,309982163,0
55,138,8,10,backward,0,721161324,721161324,0
55,138,8,10,backward,1,714030524,714030524,0
55,138,8,10,backward,2,692789298,692789298,0
55,138,8,10,backward,3,722261752,722261752,0
55,138,8,10,forward,0,315213872,315213872,0
55,138,8,10,forward,1,316948170,316948170,0
55,138,8,10,forward,2,311684164,311684164,0
55,138,8,10,forward,3,309980014,309980014,0
55,139,8,11,backward,0,720318193,720318193,0
55,139,8,11,backward,1,712983215,712983215,0
55,139,8,11,backward,2,692544828,692544828,0
55,139,8,11,backward,3,722192164,722192164,0
55,139,8,11,forward,0,315314906,315314906,0
55,139,8,11,forward,1,317004415,317004415,0
55,139,8,11,forward,2,311837462,311837462,0
55,139,8,11,forward,3,309909640,309909640,0
55,140,8,12,backward,0,719834814,719834814,0
55,140,8,12,backward,1,713538870,713538870,0
55,140,8,12,backward,2,693021654,693021654,0
55,140,8,12,backward,3,722182411,722182411,0
55,140,8,12,forward,0,315288256,315288256,0
55,140,8,12,forward,1,316818750,316818750,0
55,140,8,12,forward,2,311835665,311835665,0
55,140,8,12,forward,3,309947027,309947027,0
55,141,8,13,backward,0,718986390,718986390,0
55,141,8,13,backward,1,713056401,713056401,0
55,141,8,13,backward,2,692631663,692631663,0
55,141,8,13,backward,3,722371574,722371574,0
55,141,8,13,forward,0,314676537,314676537,0
55,141,8,13,forward,1,316605427,316605427,0
55,141,8,13,forward,2,311817662,311817662,0
55,141,8,13,forward,3,310008151,310008151,0
55,142,8,14,backward,0,719525004,719525004,0
55,142,8,14,backward,1,711931211,711931211,0
55,142,8,14,backward,2,693232370,693232370,0
55,142,8,14,backward,3,721229866,721229866,0
55,142,8,14,forward,0,314837215,314837215,0
55,142,8,14,forward,1,316075390,316075390,0
55,142,8,14,forward,2,311237832,311237832,0
55,142,8,14,forward,3,309904959,309904959,0
55,143,8,15,backward,0,719837740,719837740,0
55,143,8,15,backward,1,711899431,711899431,0
55,143,8,15,backward,2,693232807,693232807,0
55,143,8,15,backward,3,721776638,721776638,0
55,143,8,15,forward,0,315308065,315308065,0
55,143,8,15,forward,1,316625631,316625631,0
55,143,8,15,forward,2,311658329,311658329,0
55,143,8,15,forward,3,309815552,309815552,0
55,144,9,0,backward,0,702583706,702583706,0
55,144,9,0,backward,1,697569038,697569038,0
55,144,9,0,backward,2,700504527,700504527,0
55,144,9,0,backward,3,697907734,697907734,0
55,144,9,0,forward,0,320335221,320335221,0
55,144,9,0,forward,1,318516907,318516907,0
55,144,9,0,forward,2,318291397,318291397,0
55,144,9,0,forward,3,318916553,318916553,0
55,145,9,1,backward,0,702597554,702597554,0
55,145,9,1,backward,1,697592883,697592883,0
55,145,9,1,backward,2,700253472,700253472,0
55,145,9,1,backward,3,697353593,697353593,0
55,145,9,1,forward,0,320888337,320888337,0
55,145,9,1,forward,1,318738693,318738693,0
55,145,9,1,forward,2,318973529,318973529,0
55,145,9,1,forward,3,319092928,319092928,0
55,146,9,2,backward,0,702462477,702462477,0
55,146,9,2,backward,1,698805525,698805525,0
55,146,9,2,backward,2,700869538,700869538,0
55,146,9,2,backward,3,697466591,697466591,0
55,146,9,2,forward,0,320467575,320467575,0
55,146,9,2,forward,1,318503349,318503349,0
55,146,9,2,forward,2,318111450,318111450,0
55,146,9,2,forward,3,318861927,318861927,0
55,147,9,3,backward,0,703088531,703088531,0
55,147,9,3,backward,1,698698634,698698634,0
55,147,9,3,backward,2,700740855,700740855,0
55,147,9,3,backward,3,697079329,697079329,0
55,147,9,3,forward,0,320729723,320729723,0
55,147,9,3,forward,1,318394681,318394681,0
55,147,9,3,forward,2,318137203,318137203,0
55,147,9,3,forward,3,318854227,318854227,0
55,148,9,4,backward,0,701643144,701643144,0
55,148,9,4,backward,1,697631324,697631324,0
55,148,9,4,backward,2,701717720,701717720,0
55,148,9,4,backward,3,698608109,698608109,0
55,148,9,4,forward,0,320763585,320763585,0
55,148,9,4,forward,1,318432407,318432407,0
55,148,9,4,forward,2,318711732,318711732,0
55,148,9,4,forward,3,318981823,318981823,0
55,149,9,5,backward,0,702696837,702696837,0
55,149,9,5,backward,1,697794174,697794174,0
55,149,9,5,backward,2,701407496,701407496,0
55,149,9,5,backward,3,698880813,698880813,0
55,149,9,5,forward,0,320624332,320624332,0
55,149,9,5,forward,1,318625215,318625215,0
55,149,9,5,forward,2,318421730,318421730,0
55,149,9,5,forward,3,319109523,319109523,0
55,150,9,6,backward,0,703081068,703081068,0
55,150,9,6,backward,1,697925183,697925183,0
55,150,9,6,backward,2,699683222,699683222,0
55,150,9,6,backward,3,698180689,698180689,0
55,150,9,6,forward,0,319621301,319621301,0
55,150,9,6,forward,1,317034503,317034503,0
55,150,9,6,forward,2,317880862,317880862,0
55,150,9,6,forward,3,318869887,318869887,0
55,151,9,7,backward,0,702308593,702308593,0
55,151,9,7,backward,1,698485789,698485789,0
55,151,9,7,backward,2,699864278,699864278,0
55,151,9,7,backward,3,698298515,698298515,0
55,151,9,7,forward,0,320723670,320723670,0
55,151,9,7,forward,1,318265636,318265636,0
55,151,9,7,forward,2,318257217,318257217,0
55,151,9,7,forward,3,318794996,318794996,0
55,152,9,8,backward,0,708078085,708078085,0
55,152,9,8,backward,1,713925801,713925801,0
55,152,9,8,backward,2,703139032,703139032,0
55,152,9,8,backward,3,717898630,717898630,0
55,152,9,8,forward,0,322472970,322472970,0
55,152,9,8,forward,1,317513786,317513786,0
55,152,9,8,forward,2,316785830,316785830,0
55,152,9,8,forward,3,318944815,318944815,0
55,153,9,9,backward,0,711922121,711922121,0
55,153,9,9,backward,1,715031821,715031821,0
55,153,9,9,backward,2,705276723,705276723,0
55,153,9,9,backward,3,719555612,719555612,0
55,153,9,9,forward,0,322422803,322422803,0
55,153,9,9,forward,1,317582285,317582285,0
55,153,9,9,forward,2,316600459,316600459,0
55,153,9,9,forward,3,318962593,318962593,0
55,154,9,10,backward,0,709221745,709221745,0
55,154,9,10,backward,1,713514736,713514736,0
55,154,9,10,backward,2,704304647,704304647,0
55,154,9,10,backward,3,717132519,717132519,0
55,154,9,10,forward,0,322090948,322090948,0
55,154,9,10,forward,1,317693159,317693159,0
55,154,9,10,forward,2,316707334,316707334,0
55,154,9,10,forward,3,318998538,318998538,0
55,155,9,11,backward,0,709482380,709482380,0
55,155,9,11,backward,1,712663860,712663860,0
55,155,9,11,backward,2,703435491,703435491,0
55,155,9,11,backward,3,715913193,715913193,0
55,155,9,11,forward,0,321586567,321586567,0
55,155,9,11,forward,1,317276181,317276181,0
55,155,9,11,forward,2,316320704,316320704,0
55,155,9,11,forward,3,319110119,319110119,0
55,156,9,12,backward,0,708875734,708875734,0
55,156,9,12,backward,1,713243832,713243832,0
55,156,9,12,backward,2,703310360,703310360,0
55,156,9,12,backward,3,716384206,716384206,0
55,156,9,12,forward,0,322466166,322466166,0
55,156,9,12,forward,1,317479327,317479327,0
55,156,9,12,forward,2,316462344,316462344,0
55,156,9,12,forward,3,319198191,319198191,0
55,157,9,13,backward,0,709975374,709975374,0
55,157,9,13,backward,1,712862646,712862646,0
55,157,9,13,backward,2,703479199,703479199,0
55,157,9,13,backward,3,717045243,717045243,0
55,157,9,13,forward,0,322405901,322405901,0
55,157,9,13,forward,1,317649044,317649044,0
55,157,9,13,forward,2,316649914,316649914,0
55,157,9,13,forward,3,318877502,318877502,0
55,158,9,14,backward,0,707508501,707508501,0
55,158,9,14,backward,1,712193065,712193065,0
55,158,9,14,backward,2,702277902,702277902,0
55,158,9,14,backward,3,716975022,716975022,0
55,158,9,14,forward,0,322320835,322320835,0
55,158,9,14,forward,1,317454127,317454127,0
55,158,9,14,forward,2,316706613,316706613,0
55,158,9,14,forward,3,319060408,319060408,0
55,159,9,15,backward,0,708465458,708465458,0
55,159,9,15,backward,1,712739674,712739674,0
55,159,9,15,backward,2,702751714,702751714,0
55,159,9,15,backward,3,716670781,716670781,0
55,159,9,15,forward,0,322528616,322528616,0
55,159,9,15,forward,1,317641482,317641482,0
55,159,9,15,forward,2,316723275,316723275,0
55,159,9,15,forward,3,318657020,318657020,0
55,160,10,0,backward,0,684778882,684778882,0
55,160,10,0,backward,1,678613448,678613448,0
55,160,10,0,backward,2,679387943,679387943,0
55,160,10,0,backward,3,679210458,679210458,0
55,160,10,0,forward,0,320623663,320623663,0
55,160,10,0,forward,1,325174307,325174307,0
55,160,10,0,forward,2,334048899,334048899,0
55,160,10,0,forward,3,310896776,310896776,0
55,161,10,1,backward,0,686109776,686109776,0
55,161,10,1,backward,1,678596953,678596953,0
55,161,10,1,backward,2,679352949,679352949,0
55,161,10,1,backward,3,679372104,679372104,0
55,161,10,1,forward,0,320730265,320730265,0
55,161,10,1,forward,1,324716237,324716237,0
55,161,10,1,forward,2,333405416,333405416,0
55,161,10,1,forward,3,310934629,310934629,0
55,162,10,2,backward,0,685843681,685843681,0
55,162,10,2,backward,1,677207832,677207832,0
55,162,10,2,backward,2,678523721,678523721,0
55,162,10,2,backward,3,679336327,679336327,0
55,162,10,2,forward,0,320453736,320453736,0
55,162,10,2,forward,1,324912058,324912058,0
55,162,10,2,forward,2,334107070,334107070,0
55,162,10,2,forward,3,310802931,310802931,0
55,163,10,3,backward,0,684877275,684877275,0
55,163,10,3,backward,1,677000878,677000878,0
55,163,10,3,backward,2,678256385,678256385,0
55,163,10,3,backward,3,679156349,679156349,0
55,163,10,3,forward,0,320686532,320686532,0
55,163,10,3,forward,1,324737110,324737110,0
55,163,10,3,forward,2,334043864,334043864,0
55,163,10,3,forward,3,310615627,310615627,0
55,164,10,4,backward,0,685515540,685515540,0
55,164,10,4,backward,1,679605738,679605738,0
55,164,10,4,backward,2,679914247,679914247,0
55,164,10,4,backward,3,680429911,680429911,0
55,164,10,4,forward,0,320352418,320352418,0
55,164,10,4,forward,1,324374387,324374387,0
55,164,10,4,forward,2,333471705,333471705,0
55,164,10,4,forward,3,310624376,310624376,0
55,165,10,5,backward,0,685006208,685006208,0
55,165,10,5,backward,1,679283085,679283085,0
55,165,10,5,backward,2,679623791,679623791,0
55,165,10,5,backward,3,680220578,680220578,0
55,165,10,5,forward,0,319951710,319951710,0
55,165,10,5,forward,1,324427299,324427299,0
55,165,10,5,forward,2,333594890,333594890,0
55,165,10,5,forward,3,310657319,310657319,0
55,166,10,6,backward,0,684424521,684424521,0
55,166,10,6,backward,1,678356543,678356543,0
55,166,10,6,backward,2,680956958,680956958,0
55,166,10,6,backward,3,678553136,678553136,0
55,166,10,6,forward,0,320482924,320482924,0
55,166,10,6,forward,1,324055409,324055409,0
55,166,10,6,forward,2,333324044,333324044,0
55,166,10,6,forward,3,310769351,310769351,0
55,167,10,7,backward,0,683990002,683990002,0
55,167,10,7,backward,1,677762147,677762147,0
55,167,10,7,backward,2,679424495,679424495,0
55,167,10,7,backward,3,678490043,678490043,0
55,167,10,7,forward,0,320491061,320491061,0
55,167,10,7,forward,1,324904442,324904442,0
55,167,10,7,forward,2,333842741,333842741,0
55,167,10,7,forward,3,310788903,310788903,0
55,168,10,8,backward,0,686918153,686918153,0
55,168,10,8,backward,1,683242301,683242301,0
55,168,10,8,backward,2,683406373,683406373,0
55,168,10,8,backward,3,683734238,683734238,0
55,168,10,8,forward,0,313384467,313384467,0
55,168,10,8,forward,1,310926631,310926631,0
55,168,10,8,forward,2,310170131,310170131,0
55,168,10,8,forward,3,454916700,454916700,0
55,169,10,9,backward,0,686709393,686709393,0
55,169,10,9,backward,1,683601440,683601440,0
55,169,10,9,backward,2,683087578,683087578,0
55,169,10,9,backward,3,683629507,683629507,0
55,169,10,9,forward,0,312998830,312998830,0
55,169,10,9,forward,1,310761168,310761168,0
55,169,10,9,forward,2,310326174,310326174,0
55,169,10,9,forward,3,455111328,455111328,0
55,170,10,10,backward,0,688318476,688318476,0
55,170,10,10,backward,1,684770174,684770174,0
55,170,10,10,backward,2,683311274,683311274,0
55,170,10,10,backward,3,684456849,684456849,0
55,170,10,10,forward,0,313222354,313222354,0
55,170,10,10,forward,1,310743036,310743036,0
55,170,10,10,forward,2,310218666,310218666,0
55,170,10,10,forward,3,454631467,454631467,0
55,171,10,11,backward,0,688670625,688670625,0
55,171,10,11,backward,1,686102266,686102266,0
55,171,10,11,backward,2,684247250,684247250,0
55,171,10,11,backward,3,685368038,685368038,0
55,171,10,11,forward,0,313253034,313253034,0
55,171,10,11,forward,1,310844056,310844056,0
55,171,10,11,forward,2,310285304,310285304,0
55,171,10,11,forward,3,454869017,454869017,0
55,172,10,12,backward,0,688982718,688982718,0
55,172,10,12,backward,1,685819935,685819935,0
55,172,10,12,backward,2,683997860,683997860,0
55,172,10,12,backward,3,685320249,685320249,0
55,172,10,12,forward,0,313280350,313280350,0
55,172,10,12,forward,1,310624427,310624427,0
55,172,10,12,forward,2,310034940,310034940,0
55,172,10,12,forward,3,454579731,454579731,0
55,173,10,13,backward,0,689582015,689582015,0
55,173,10,13,backward,1,686152366,686152366,0
55,173,10,13,backward,2,683194027,683194027,0
55,173,10,13,backward,3,685383931,685383931,0
55,173,10,13,forward,0,313307742,313307742,0
55,173,10,13,forward,1,310751872,310751872,0
55,173,10,13,forward,2,310057539,310057539,0
55,173,10,13,forward,3,454628701,454628701,0
55,174,10,14,backward,0,688760200,688760200,0
55,174,10,14,backward,1,685255416,685255416,0
55,174,10,14,backward,2,683404350,683404350,0
55,174,10,14,backward,3,684000826,684000826,0
55,174,10,14,forward,0,313407168,313407168,0
55,174,10,14,forward,1,310844854,310844854,0
55,174,10,14,forward,2,310094681,310094681,0
55,174,10,14,forward,3,454080435,454080435,0
55,175,10,15,backward,0,688447081,688447081,0
55,175,10,15,backward,1,685644426,685644426,0
55,175,10,15,backward,2,683881861,683881861,0
55,175,10,15,backward,3,683509159,683509159,0
55,175,10,15,forward,0,313176201,313176201,0
55,175,10,15,forward,1,310357504,310357504,0
55,175,10,15,forward,2,309828820,309828820,0
55,175,10,15,forward,3,454716029,454716029,0
55,176,11,0,backward,0,675074046,675074046,0
55,176,11,0,backward,1,685904004,685904004,0
55,176,11,0,backward,2,684445825,684445825,0
55,176,11,0,backward,3,679347699,679347699,0
55,176,11,0,forward,0,311578821,311578821,0
55,176,11,0,forward,1,315929963,315929963,0
55,176,11,0,forward,2,309205567,309205567,0
55,176,11,0,forward,3,306906761,306906761,0
55,177,11,1,backward,0,674767653,674767653,0
55,177,11,1,backward,1,683221945,683221945,0
55,177,11,1,backward,2,682249990,682249990,0
55,177,11,1,backward,3,676475698,676475698,0
55,177,11,1,forward,0,311313070,311313070,0
55,177,11,1,forward,1,316079537,316079537,0
55,177,11,1,forward,2,309330131,309330131,0
55,177,11,1,forward,3,306941052,306941052,0
55,178,11,2,backward,0,674374842,674374842,0
55,178,11,2,backward,1,687115004,687115004,0
55,178,11,2,backward,2,685331251,685331251,0
55,178,11,2,backward,3,677434476,677434476,0
55,178,11,2,forward,0,310778403,310778403,0
55,178,11,2,forward,1,316284834,316284834,0
55,178,11,2,forward,2,309331786,309331786,0
55,178,11,2,forward,3,306979987,306979987,0
55,179,11,3,backward,0,674485415,674485415,0
55,179,11,3,backward,1,685769415,685769415,0
55,179,11,3,backward,2,683013837,683013837,0
55,179,11,3,backward,3,674910647,674910647,0
55,179,11,3,forward,0,311210301,311210301,0
55,179,11,3,forward,1,316093345,316093345,0
55,179,11,3,forward,2,309448163,309448163,0
55,179,11,3,forward,3,307122634,307122634,0
55,180,11,4,backward,0,677447114,677447114,0
55,180,11,4,backward,1,684732061,684732061,0
55,180,11,4,backward,2,684889728,684889728,0
55,180,11,4,backward,3,677961547,677961547,0
55,180,11,4,forward,0,311233764,311233764,0
55,180,11,4,forward,1,316116279,316116279,0
55,180,11,4,forward,2,309294414,309294414,0
55,180,11,4,forward,3,306985399,306985399,0
55,181,11,5,backward,0,676074389,676074389,0
55,181,11,5,backward,1,684638516,684638516,0
55,181,11,5,backward,2,683689804,683689804,0
55,181,11,5,backward,3,677934261,677934261,0
55,181,11,5,forward,0,311349074,311349074,0
55,181,11,5,forward,1,316072584,316072584,0
55,181,11,5,forward,2,309151318,309151318,0
55,181,11,5,forward,3,306878224,306878224,0
55,182,11,6,backward,0,676178092,676178092,0
55,182,11,6,backward,1,684789203,684789203,0
55,182,11,6,backward,2,682779667,682779667,0
55,182,11,6,backward,3,675967659,675967659,0
55,182,11,6,forward,0,310938982,310938982,0
55,182,11,6,forward,1,315963112,315963112,0
55,182,11,6,forward,2,309217350,309217350,0
55,182,11,6,forward,3,306734943,306734943,0
55,183,11,7,backward,0,676033580,676033580,0
55,183,11,7,backward,1,684429403,684429403,0
55,183,11,7,backward,2,682483905,682483905,0
55,183,11,7,backward,3,676206649,676206649,0
55,183,11,7,forward,0,311543675,311543675,0
55,183,11,7,forward,1,316079702,316079702,0
55,183,11,7,forward,2,309159719,309159719,0
55,183,11,7,forward,3,306773759,306773759,0
55,184,11,8,backward,0,677969714,677969714,0
55,184,11,8,backward,1,676430575,676430575,0
55,184,11,8,backward,2,676762531,676762531,0
55,184,11,8,backward,3,684755615,684755615,0
55,184,11,8,forward,0,313093723,313093723,0
55,184,11,8,forward,1,308604140,308604140,0
55,184,11,8,forward,2,306199666,306199666,0
55,184,11,8,forward,3,307078993,307078993,0
55,185,11,9,backward,0,679577934,679577934,0
55,185,11,9,backward,1,678569369,678569369,0
55,185,11,9,backward,2,678598262,678598262,0
55,185,11,9,backward,3,685283947,685283947,0
55,185,11,9,forward,0,311634898,311634898,0
55,185,11,9,forward,1,308467348,308467348,0
55,185,11,9,forward,2,305928843,305928843,0
55,185,11,9,forward,3,306710399,306710399,0
55,186,11,10,backward,0,677521918,677521918,0
55,186,11,10,backward,1,677031129,677031129,0
55,186,11,10,backward,2,679467110,679467110,0
55,186,11,10,backward,3,686539734,686539734,0
55,186,11,10,forward,0,312595437,312595437,0
55,186,11,10,forward,1,308699870,308699870,0
55,186,11,10,forward,2,306128994,306128994,0
55,186,11,10,forward,3,307130457,307130457,0
55,187,11,11,backward,0,677669298,677669298,0
55,187,11,11,backward,1,677700850,677700850,0
55,187,11,11,backward,2,678703440,678703440,0
55,187,11,11,backward,3,685785333,685785333,0
55,187,11,11,forward,0,312447000,312447000,0
55,187,11,11,forward,1,307629223,307629223,0
55,187,11,11,forward,2,306046875,306046875,0
55,187,11,11,forward,3,306725536,306725536,0
55,188,11,12,backward,0,677650343,677650343,0
55,188,11,12,backward,1,677036826,677036826,0
55,188,11,12,backward,2,679325022,679325022,0
55,188,11,12,backward,3,686296890,686296890,0
55,188,11,12,forward,0,312516403,312516403,0
55,188,11,12,forward,1,308601433,308601433,0
55,188,11,12,forward,2,306205688,306205688,0
55,188,11,12,forward,3,306678991,306678991,0
55,189,11,13,backward,0,677721290,677721290,0
55,189,11,13,backward,1,677561300,677561300,0
55,189,11,13,backward,2,679772130,679772130,0
55,189,11,13,backward,3,686251978,686251978,0
55,189,11,13,forward,0,312210102,312210102,0
55,189,11,13,forward,1,308639685,308639685,0
55,189,11,13,forward,2,306146015,306146015,0
55,189,11,13,forward,3,306851604,306851604,0
55,190,11,14,backward,0,676770274,676770274,0
55,190,11,14,backward,1,676442807,676442807,0
55,190,11,14,backward,2,679095180,679095180,0
55,190,11,14,backward,3,686193264,686193264,0
55,190,11,14,forward,0,312271694,312271694,0
55,190,11,14,forward,1,308722761,308722761,0
55,190,11,14,forward,2,306205764,306205764,0
55,190,11,14,forward,3,307430662,307430662,0
55,191,11,15,backward,0,677301252,677301252,0
55,191,11,15,backward,1,676396488,676396488,0
55,191,11,15,backward,2,678344231,678344231,0
55,191,11,15,backward,3,684894676,684894676,0
55,191,11,15,forward,0,313044528,313044528,0
55,191,11,15,forward,1,308761683,308761683,0
55,191,11,15,forward,2,306246838,306246838,0
55,191,11,15,forward,3,306825094,306825094,0
55,192,12,0,backward,0,680485782,680485782,0
55,192,12,0,backward,1,679405117,679405117,0
55,192,12,0,backward,2,680636390,680636390,0
55,192,12,0,backward,3,677663884,677663884,0
55,192,12,0,forward,0,313173038,313173038,0
55,192,12,0,forward,1,307627107,307627107,0
55,192,12,0,forward,2,312698428,312698428,0
55,192,12,0,forward,3,309775972,309775972,0
55,193,12,1,backward,0,680987796,680987796,0
55,193,12,1,backward,1,679946517,679946517,0
55,193,12,1,backward,2,681388067,681388067,0
55,193,12,1,backward,3,678862501,678862501,0
55,193,12,1,forward,0,312963118,312963118,0
55,193,12,1,forward,1,307290836,307290836,0
55,193,12,1,forward,2,312383965,312383965,0
55,193,12,1,forward,3,308435089,308435089,0
55,194,12,2,backward,0,679334419,679334419,0
55,194,12,2,backward,1,678135338,678135338,0
55,194,12,2,backward,2,680137915,680137915,0
55,194,12,2,backward,3,677970681,677970681,0
55,194,12,2,forward,0,312593515,312593515,0
55,194,12,2,forward,1,306462921,306462921,0
55,194,12,2,forward,2,312649137,312649137,0
55,194,12,2,forward,3,308342496,308342496,0
55,195,12,3,backward,0,681555404,681555404,0
55,195,12,3,backward,1,679198496,679198496,0
55,195,12,3,backward,2,681093302,681093302,0
55,195,12,3,backward,3,678716141,678716141,0
55,195,12,3,forward,0,312770894,312770894,0
55,195,12,3,forward,1,307517174,307517174,0
55,195,12,3,forward,2,312158566,312158566,0
55,195,12,3,forward,3,308382381,308382381,0
55,196,12,4,backward,0,679367498,679367498,0
55,196,12,4,backward,1,678977186,678977186,0
55,196,12,4,backward,2,680847782,680847782,0
55,196,12,4,backward,3,678189562,678189562,0
55,196,12,4,forward,0,312791569,312791569,0
55,196,12,4,forward,1,307781828,307781828,0
55,196,12,4,forward,2,312767064,312767064,0
55,196,12,4,forward,3,308671535,308671535,0
55,197,12,5,backward,0,680831988,680831988,0
55,197,12,5,backward,1,679052467,679052467,0
55,197,12,5,backward,2,680311967,680311967,0
55,197,12,5,backward,3,678448171,678448171,0
55,197,12,5,forward,0,313384907,313384907,0
55,197,12,5,forward,1,307391850,307391850,0
55,197,12,5,forward,2,312366425,312366425,0
55,197,12,5,forward,3,308270582,308270582,0
55,198,12,6,backward,0,681224393,681224393,0
55,198,12,6,backward,1,678359184,678359184,0
55,198,12,6,backward,2,680471781,680471781,0
55,198,12,6,backward,3,677768715,677768715,0
55,198,12,6,forward,0,312917817,312917817,0
55,198,12,6,forward,1,307702460,307702460,0
55,198,12,6,forward,2,312746404,312746404,0
55,198,12,6,forward,3,308737159,308737159,0
55,199,12,7,backward,0,680867544,680867544,0
55,199,12,7,backward,1,679096065,679096065,0
55,199,12,7,backward,2,681815288,681815288,0
55,199,12,7,backward,3,679708072,679708072,0
55,199,12,7,forward,0,312803328,312803328,0
55,199,12,7,forward,1,307334813,307334813,0
55,199,12,7,forward,2,312500895,312500895,0
55,199,12,7,forward,3,308291435,308291435,0
55,200,12,8,backward,0,686360022,686360022,0
55,200,12,8,backward,1,683462299,683462299,0
55,200,12,8,backward,2,678314481,678314481,0
55,200,12,8,backward,3,675390725,675390725,0
55,200,12,8,forward,0,311522497,311522497,0
55,200,12,8,forward,1,307892110,307892110,0
55,200,12,8,forward,2,308190260,308190260,0
55,200,12,8,forward,3,308257959,308257959,0
55,201,12,9,backward,0,687408996,687408996,0
55,201,12,9,backward,1,682764447,682764447,0
55,201,12,9,backward,2,677780855,677780855,0
55,201,12,9,backward,3,675152116,675152116,0
55,201,12,9,forward,0,312358718,312358718,0
55,201,12,9,forward,1,308032253,308032253,0
55,201,12,9,forward,2,308379226,308379226,0
55,201,12,9,forward,3,308056032,308056032,0
55,202,12,10,backward,0,685766884,685766884,0
55,202,12,10,backward,1,683143695,683143695,0
55,202,12,10,backward,2,677960209,677960209,0
55,202,12,10,backward,3,676025926,676025926,0
55,202,12,10,forward,0,312185722,312185722,0
55,202,12,10,forward,1,307657483,307657483,0
55,202,12,10,forward,2,308044191,308044191,0
55,202,12,10,forward,3,308240065,308240065,0
55,203,12,11,backward,0,687020202,687020202,0
55,203,12,11,backward,1,683525351,683525351,0
55,203,12,11,backward,2,678116598,678116598,0
55,203,12,11,backward,3,676861835,676861835,0
55,203,12,11,forward,0,311875093,311875093,0
55,203,12,11,forward,1,307810299,307810299,0
55,203,12,11,forward,2,308193960,308193960,0
55,203,12,11,forward,3,308376427,308376427,0
55,204,12,12,backward,0,685969653,685969653,0
55,204,12,12,backward,1,683168504,683168504,0
55,204,12,12,backward,2,678287830,678287830,0
55,204,12,12,backward,3,675519296,675519296,0
55,204,12,12,forward,0,312249350,312249350,0
55,204,12,12,forward,1,307899339,307899339,0
55,204,12,12,forward,2,308100407,308100407,0
55,204,12,12,forward,3,308454619,308454619,0
55,205,12,13,backward,0,686531084,686531084,0
55,205,12,13,backward,1,683067864,683067864,0
55,205,12,13,backward,2,677808269,677808269,0
55,205,12,13,backward,3,675546804,675546804,0
55,205,12,13,forward,0,311821981,311821981,0
55,205,12,13,forward,1,307991479,307991479,0
55,205,12,13,forward,2,308038988,308038988,0
55,205,12,13,forward,3,308324591,308324591,0
55,206,12,14,backward,0,685844119,685844119,0
55,206,12,14,backward,1,681846694,681846694,0
55,206,12,14,backward,2,678250152,678250152,0
55,206,12,14,backward,3,677396032,677396032,0
55,206,12,14,forward,0,312402044,312402044,0
55,206,12,14,forward,1,308040192,308040192,0
55,206,12,14,forward,2,308217546,308217546,0
55,206,12,14,forward,3,308465318,308465318,0
55,207,12,15,backward,0,686961719,686961719,0
55,207,12,15,backward,1,682232262,682232262,0
55,207,12,15,backward,2,677432828,677432828,0
55,207,12,15,backward,3,675971109,675971109,0
55,207,12,15,forward,0,311624708,311624708,0
55,207,12,15,forward,1,307713419,307713419,0
55,207,12,15,forward,2,307920960,307920960,0
55,207,12,15,forward,3,308063534,308063534,0
55,208,13,0,backward,0,689479242,689479242,0
55,208,13,0,backward,1,685879125,685879125,0
55,208,13,0,backward,2,690962929,690962929,0
55,208,13,0,backward,3,681167081,681167081,0
55,208,13,0,forward,0,315061449,315061449,0
55,208,13,0,forward,1,309526453,309526453,0
55,208,13,0,forward,2,311080135,311080135,0
55,208,13,0,forward,3,313348583,313348583,0
55,209,13,1,backward,0,688020039,688020039,0
55,209,13,1,backward,1,685961032,685961032,0
55,209,13,1,backward,2,690644864,690644864,0
55,209,13,1,backward,3,682171653,682171653,0
55,209,13,1,forward,0,315536950,315536950,0
55,209,13,1,forward,1,309479588,309479588,0
55,209,13,1,forward,2,311286207,311286207,0
55,209,13,1,forward,3,312902960,312902960,0
55,210,13,2,backward,0,690240794,690240794,0
55,210,13,2,backward,1,687240114,687240114,0
55,210,13,2,backward,2,693004082,693004082,0
55,210,13,2,backward,3,681784410,681784410,0
55,210,13,2,forward,0,315274665,315274665,0
55,210,13,2,forward,1,309492755,309492755,0
55,210,13,2,forward,2,311363536,311363536,0
55,210,13,2,forward,3,311419131,311419131,0
55,211,13,3,backward,0,687967944,687967944,0
55,211,13,3,backward,1,685259869,685259869,0
55,211,13,3,backward,2,691272956,691272956,0
55,211,13,3,backward,3,680535062,680535062,0
55,211,13,3,forward,0,315188509,315188509,0
55,211,13,3,forward,1,309383146,309383146,0
55,211,13,3,forward,2,311144119,311144119,0
55,211,13,3,forward,3,312675283,312675283,0
55,212,13,4,backward,0,687771252,687771252,0
55,212,13,4,backward,1,684749737,684749737,0
55,212,13,4,backward,2,691889625,691889625,0
55,212,13,4,backward,3,681323415,681323415,0
55,212,13,4,forward,0,314934722,314934722,0
55,212,13,4,forward,1,308972054,308972054,0
55,212,13,4,forward,2,310527035,310527035,0
55,212,13,4,forward,3,312071062,312071062,0
55,213,13,5,backward,0,688650638,688650638,0
55,213,13,5,backward,1,686415885,686415885,0
55,213,13,5,backward,2,692450856,692450856,0
55,213,13,5,backward,3,681940946,681940946,0
55,213,13,5,forward,0,315165345,315165345,0
55,213,13,5,forward,1,309496983,309496983,0
55,213,13,5,forward,2,311165582,311165582,0
55,213,13,5,forward,3,313554800,313554800,0
55,214,13,6,backward,0,687819648,687819648,0
55,214,13,6,backward,1,685489185,685489185,0
55,214,13,6,backward,2,691123066,691123066,0
55,214,13,6,backward,3,680472976,680472976,0
55,214,13,6,forward,0,314844629,314844629,0
55,214,13,6,forward,1,309443628,309443628,0
55,214,13,6,forward,2,311229161,311229161,0
55,214,13,6,forward,3,314063071,314063071,0
55,215,13,7,backward,0,687865613,687865613,0
55,215,13,7,backward,1,685301517,685301517,0
55,215,13,7,backward,2,691172020,691172020,0
55,215,13,7,backward,3,679959927,679959927,0
55,215,13,7,forward,0,314999352,314999352,0
55,215,13,7,forward,1,309042824,309042824,0
55,215,13,7,forward,2,310721288,310721288,0
55,215,13,7,forward,3,312833658,312833658,0
55,216,13,8,backward,0,689843903,689843903,0
55,216,13,8,backward,1,698651406,698651406,0
55,216,13,8,backward,2,683326373,683326373,0
55,216,13,8,backward,3,682773520,682773520,0
55,216,13,8,forward,0,315133033,315133033,0
55,216,13,8,forward,1,460699296,460699296,0
55,216,13,8,forward,2,310437863,310437863,0
55,216,13,8,forward,3,315630418,315630418,0
55,217,13,9,backward,0,688829324,688829324,0
55,217,13,9,backward,1,698227842,698227842,0
55,217,13,9,backward,2,683664127,683664127,0
55,217,13,9,backward,3,682694690,682694690,0
55,217,13,9,forward,0,315560076,315560076,0
55,217,13,9,forward,1,460562209,460562209,0
55,217,13,9,forward,2,310159895,310159895,0
55,217,13,9,forward,3,315312378,315312378,0
55,218,13,10,backward,0,689420254,689420254,0
55,218,13,10,backward,1,698981459,698981459,0
55,218,13,10,backward,2,683170897,683170897,0
55,218,13,10,backward,3,681798588,681798588,0
55,218,13,10,forward,0,315332753,315332753,0
55,218,13,10,forward,1,460607794,460607794,0
55,218,13,10,forward,2,310571127,310571127,0
55,218,13,10,forward,3,315435973,315435973,0
55,219,13,11,backward,0,689045107,689045107,0
55,219,13,11,backward,1,698791307,698791307,0
55,219,13,11,backward,2,683263762,683263762,0
55,219,13,11,backward,3,682231303,682231303,0
55,219,13,11,forward,0,315006533,315006533,0
55,219,13,11,forward,1,460896633,460896633,0
55,219,13,11,forward,2,310727737,310727737,0
55,219,13,11,forward,3,315417279,315417279,0
55,220,13,12,backward,0,689098768,689098768,0
55,220,13,12,backward,1,698948205,698948205,0
55,220,13,12,backward,2,682578413,682578413,0
55,220,13,12,backward,3,682351258,682351258,0
55,220,13,12,forward,0,315693795,315693795,0
55,220,13,12,forward,1,460751888,460751888,0
55,220,13,12,forward,2,310717045,310717045,0
55,220,13,12,forward,3,316097651,316097651,0
55,221,13,13,backward,0,689777955,689777955,0
55,221,13,13,backward,1,700809959,700809959,0
55,221,13,13,backward,2,682090335,682090335,0
55,221,13,13,backward,3,682953053,682953053,0
55,221,13,13,forward,0,315573035,315573035,0
55,221,13,13,forward,1,460442473,460442473,0
55,221,13,13,forward,2,310510269,310510269,0
55,221,13,13,forward,3,316337908,316337908,0
55,222,13,14,backward,0,689906646,689906646,0
55,222,13,14,backward,1,698101760,698101760,0
55,222,13,14,backward,2,681869504,681869504,0
55,222,13,14,backward,3,682161686,682161686,0
55,222,13,14,forward,0,315476885,315476885,0
55,222,13,14,forward,1,460711936,460711936,0
55,222,13,14,forward,2,310623791,310623791,0
55,222,13,14,forward,3,315071224,315071224,0
55,223,13,15,backward,0,690836582,690836582,0
55,223,13,15,backward,1,698321086,698321086,0
55,223,13,15,backward,2,682294226,682294226,0
55,223,13,15,backward,3,681924487,681924487,0
55,223,13,15,forward,0,314933020,314933020,0
55,223,13,15,forward,1,460593482,460593482,0
55,223,13,15,forward,2,310631207,310631207,0
55,223,13,15,forward,3,314796484,314796484,0
55,224,14,0,backward,0,707582549,707582549,0
55,224,14,0,backward,1,678850166,678850166,0
55,224,14,0,backward,2,686633255,686633255,0
55,224,14,0,backward,3,685425447,685425447,0
55,224,14,0,forward,0,315259120,315259120,0
55,224,14,0,forward,1,308420072,308420072,0
55,224,14,0,forward,2,309813534,309813534,0
55,224,14,0,forward,3,308769104,308769104,0
55,225,14,1,backward,0,704497657,704497657,0
55,225,14,1,backward,1,678679362,678679362,0
55,225,14,1,backward,2,686422848,686422848,0
55,225,14,1,backward,3,685787407,685787407,0
55,225,14,1,forward,0,316272238,316272238,0
55,225,14,1,forward,1,309204182,309204182,0
55,225,14,1,forward,2,309549623,309549623,0
55,225,14,1,forward,3,308983369,308983369,0
55,226,14,2,backward,0,708355762,708355762,0
55,226,14,2,backward,1,678670620,678670620,0
55,226,14,2,backward,2,686993849,686993849,0
55,226,14,2,backward,3,686663426,686663426,0
55,226,14,2,forward,0,315700783,315700783,0
55,226,14,2,forward,1,308972487,308972487,0
55,226,14,2,forward,2,309698668,309698668,0
55,226,14,2,forward,3,307965325,307965325,0
55,227,14,3,backward,0,708835847,708835847,0
55,227,14,3,backward,1,678466233,678466233,0
55,227,14,3,backward,2,687551238,687551238,0
55,227,14,3,backward,3,687230522,687230522,0
55,227,14,3,forward,0,316165477,316165477,0
55,227,14,3,forward,1,309313919,309313919,0
55,227,14,3,forward,2,309614968,309614968,0
55,227,14,3,forward,3,308633090,308633090,0
55,228,14,4,backward,0,708612916,708612916,0
55,228,14,4,backward,1,679681216,679681216,0
55,228,14,4,backward,2,687403118,687403118,0
55,228,14,4,backward,3,689289599,689289599,0
55,228,14,4,forward,0,315621230,315621230,0
55,228,14,4,forward,1,308558812,308558812,0
55,228,14,4,forward,2,308583861,308583861,0
55,228,14,4,forward,3,307593227,307593227,0
55,229,14,5,backward,0,708386236,708386236,0
55,229,14,5,backward,1,678802769,678802769,0
55,229,14,5,backward,2,686683476,686683476,0
55,229,14,5,backward,3,687185045,687185045,0
55,229,14,5,forward,0,315602041,315602041,0
55,229,14,5,forward,1,308228386,308228386,0
55,229,14,5,forward,2,309625058,309625058,0
55,229,14,5,forward,3,308931710,308931710,0
55,230,14,6,backward,0,707111501,707111501,0
55,230,14,6,backward,1,678730199,678730199,0
55,230,14,6,backward,2,686821129,686821129,0
55,230,14,6,backward,3,686696600,686696600,0
55,230,14,6,forward,0,315829075,315829075,0
55,230,14,6,forward,1,309128865,309128865,0
55,230,14,6,forward,2,309446610,309446610,0
55,230,14,6,forward,3,308903627,308903627,0
55,231,14,7,backward,0,707536164,707536164,0
55,231,14,7,backward,1,678171581,678171581,0
55,231,14,7,backward,2,686911234,686911234,0
55,231,14,7,backward,3,686332648,686332648,0
55,231,14,7,forward,0,316125820,316125820,0
55,231,14,7,forward,1,309122022,309122022,0
55,231,14,7,forward,2,309284914,309284914,0
55,231,14,7,forward,3,308795138,308795138,0
55,232,14,8,backward,0,678577680,678577680,0
55,232,14,8,backward,1,689843464,689843464,0
55,232,14,8,backward,2,730196802,730196802,0
55,232,14,8,backward,3,695404638,695404638,0
55,232,14,8,forward,0,322067593,322067593,0
55,232,14,8,forward,1,312710815,312710815,0
55,232,14,8,forward,2,319443809,319443809,0
55,232,14,8,forward,3,328629571,328629571,0
55,233,14,9,backward,0,678356570,678356570,0
55,233,14,9,backward,1,691167727,691167727,0
55,233,14,9,backward,2,726754575,726754575,0
55,233,14,9,backward,3,685551948,685551948,0
55,233,14,9,forward,0,322407369,322407369,0
55,233,14,9,forward,1,313133525,313133525,0
55,233,14,9,forward,2,316967494,316967494,0
55,233,14,9,forward,3,327866067,327866067,0
55,234,14,10,backward,0,681115848,681115848,0
55,234,14,10,backward,1,691402230,691402230,0
55,234,14,10,backward,2,725548917,725548917,0
55,234,14,10,backward,3,695657846,695657846,0
55,234,14,10,forward,0,322139592,322139592,0
55,234,14,10,forward,1,312666834,312666834,0
55,234,14,10,forward,2,316950578,316950578,0
55,234,14,10,forward,3,328731015,328731015,0
55,235,14,11,backward,0,682970482,682970482,0
55,235,14,11,backward,1,693074944,693074944,0
55,235,14,11,backward,2,727284147,727284147,0
55,235,14,11,backward,3,697450983,697450983,0
55,235,14,11,forward,0,322129315,322129315,0
55,235,14,11,forward,1,312704561,312704561,0
55,235,14,11,forward,2,316971327,316971327,0
55,235,14,11,forward,3,328566822,328566822,0
55,236,14,12,backward,0,681359573,681359573,0
55,236,14,12,backward,1,691620001,691620001,0
55,236,14,12,backward,2,727095598,727095598,0
55,236,14,12,backward,3,694523799,694523799,0
55,236,14,12,forward,0,321749939,321749939,0
55,236,14,12,forward,1,312605951,312605951,0
55,236,14,12,forward,2,316992400,316992400,0
55,236,14,12,forward,3,329009009,329009009,0
55,237,14,13,backward,0,681375114,681375114,0
55,237,14,13,backward,1,691758119,691758119,0
55,237,14,13,backward,2,726279422,726279422,0
55,237,14,13,backward,3,695430399,695430399,0
55,237,14,13,forward,0,322402741,322402741,0
55,237,14,13,forward,1,312665959,312665959,0
55,237,14,13,forward,2,317223489,317223489,0
55,237,14,13,forward,3,329296724,329296724,0
55,238,14,14,backward,0,679994220,679994220,0
55,238,14,14,backward,1,691906812,691906812,0
55,238,14,14,backward,2,727629628,727629628,0
55,238,14,14,backward,3,693780286,693780286,0
55,238,14,14,forward,0,321508849,321508849,0
55,238,14,14,forward,1,312666686,312666686,0
55,238,14,14,forward,2,315644171,315644171,0
55,238,14,14,forward,3,328032229,328032229,0
55,239,14,15,backward,0,682229730,682229730,0
55,239,14,15,backward,1,691404636,691404636,0
55,239,14,15,backward,2,725379181,725379181,0
55,239,14,15,backward,3,693777856,693777856,0
55,239,14,15,forward,0,322171374,322171374,0
55,239,14,15,forward,1,312739803,312739803,0
55,239,14,15,forward,2,316623267,316623267,0
55,239,14,15,forward,3,327861038,327861038,0
55,240,15,0,backward,0,367732634,367732634,0
55,240,15,0,backward,1,365702619,365702619,0
55,240,15,0,backward,2,365911231,365911231,0
55,240,15,0,backward,3,370214684,370214684,0
55,240,15,0,forward,0,194664375,194664375,0
55,240,15,0,forward,1,193299884,193299884,0
55,240,15,0,forward,2,190709364,190709364,0
55,240,15,0,forward,3,189636237,189636237,0
55,241,15,1,backward,0,366485200,366485200,0
55,241,15,1,backward,1,364840008,364840008,0
55,241,15,1,backward,2,365015961,365015961,0
55,241,15,1,backward,3,368703802,368703802,0
55,241,15,1,forward,0,195186815,195186815,0
55,241,15,1,forward,1,190645460,190645460,0
55,241,15,1,forward,2,190691043,190691043,0
55,241,15,1,forward,3,189678555,189678555,0
55,242,15,2,backward,0,365685350,365685350,0
55,242,15,2,backward,1,365815973,365815973,0
55,242,15,2,backward,2,367688373,367688373,0
55,242,15,2,backward,3,371237738,371237738,0
55,242,15,2,forward,0,195644175,195644175,0
55,242,15,2,forward,1,193164499,193164499,0
55,242,15,2,forward,2,189975921,189975921,0
55,242,15,2,forward,3,189373235,189373235,0
55,243,15,3,backward,0,367224511,367224511,0
55,243,15,3,backward,1,365999411,365999411,0
55,243,15,3,backward,2,365670128,365670128,0
55,243,15,3,backward,3,369566294,369566294,0
55,243,15,3,forward,0,195453774,195453774,0
55,243,15,3,forward,1,193055823,193055823,0
55,243,15,3,forward,2,189903476,189903476,0
55,243,15,3,forward,3,189536793,189536793,0
55,244,15,4,backward,0,368505402,368505402,0
55,244,15,4,backward,1,365359768,365359768,0
55,244,15,4,backward,2,366095521,366095521,0
55,244,15,4,backward,3,369741173,369741173,0
55,244,15,4,forward,0,194851747,194851747,0
55,244,15,4,forward,1,192909147,192909147,0
55,244,15,4,forward,2,189789899,189789899,0
55,244,15,4,forward,3,189502969,189502969,0
55,245,15,5,backward,0,367554451,367554451,0
55,245,15,5,backward,1,365984775,365984775,0
55,245,15,5,backward,2,367154492,367154492,0
55,245,15,5,backward,3,370658849,370658849,0
55,245,15,5,forward,0,194353174,194353174,0
55,245,15,5,forward,1,192785219,192785219,0
55,245,15,5,forward,2,189872444,189872444,0
55,245,15,5,forward,3,189488582,189488582,0
55,246,15,6,backward,0,366566122,366566122,0
55,246,15,6,backward,1,368689366,368689366,0
55,246,15,6,backward,2,368595198,368595198,0
55,246,15,6,backward,3,369932674,369932674,0
55,246,15,6,forward,0,194250145,194250145,0
55,246,15,6,forward,1,192052802,192052802,0
55,246,15,6,forward,2,189583415,189583415,0
55,246,15,6,forward,3,189650260,189650260,0
55,247,15,7,backward,0,366787251,366787251,0
55,247,15,7,backward,1,366106202,366106202,0
55,247,15,7,backward,2,366065592,366065592,0
55,247,15,7,backward,3,369007765,369007765,0
55,247,15,7,forward,0,193961722,193961722,0
55,247,15,7,forward,1,192171790,192171790,0
55,247,15,7,forward,2,189255806,189255806,0
55,247,15,7,forward,3,189668407,189668407,0
55,248,15,8,backward,0,388389815,388389815,0
55,248,15,8,backward,1,372575518,372575518,0
55,248,15,8,backward,2,365939067,365939067,0
55,248,15,8,backward,3,365825261,365825261,0
55,248,15,8,forward,0,195672471,195672471,0
55,248,15,8,forward,1,189869329,189869329,0
55,248,15,8,forward,2,192889558,192889558,0
55,248,15,8,forward,3,193305996,193305996,0
55,249,15,9,backward,0,388485651,388485651,0
55,249,15,9,backward,1,372344067,372344067,0
55,249,15,9,backward,2,365811703,365811703,0
55,249,15,9,backward,3,365960988,365960988,0
55,249,15,9,forward,0,195287353,195287353,0
55,249,15,9,forward,1,189833146,189833146,0
55,249,15,9,forward,2,195273067,195273067,0
55,249,15,9,forward,3,190573505,190573505,0
55,250,15,10,backward,0,386926326,386926326,0
55,250,15,10,backward,1,373379850,373379850,0
55,250,15,10,backward,2,366277618,366277618,0
55,250,15,10,backward,3,366160568,366160568,0
55,250,15,10,forward,0,197980919,197980919,0
55,250,15,10,forward,1,191752023,191752023,0
55,250,15,10,forward,2,194300412,194300412,0
55,250,15,10,forward,3,192898352,192898352,0
55,251,15,11,backward,0,388055203,388055203,0
55,251,15,11,backward,1,374265886,374265886,0
55,251,15,11,backward,2,368910025,368910025,0
55,251,15,11,backward,3,368542308,368542308,0
55,251,15,11,forward,0,197840142,197840142,0
55,251,15,11,forward,1,191919173,191919173,0
55,251,15,11,forward,2,194484795,194484795,0
55,251,15,11,forward,3,192109454,192109454,0
55,252,15,12,backward,0,387393905,387393905,0
55,252,15,12,backward,1,371626197,371626197,0
55,252,15,12,backward,2,365868337,365868337,0
55,252,15,12,backward,3,365457532,365457532,0
55,252,15,12,forward,0,196235428,196235428,0
55,252,15,12,forward,1,192456409,192456409,0
55,252,15,12,forward,2,194819495,194819495,0
55,252,15,12,forward,3,193391480,193391480,0
55,253,15,13,backward,0,387699565,387699565,0
55,253,15,13,backward,1,371399011,371399011,0
55,253,15,13,backward,2,366541747,366541747,0
55,253,15,13,backward,3,365633302,365633302,0
55,253,15,13,forward,0,196088762,196088762,0
55,253,15,13,forward,1,192113017,192113017,0
55,253,15,13,forward,2,194785120,194785120,0
55,253,15,13,forward,3,193430255,193430255,0
55,254,15,14,backward,0,387904825,387904825,0
55,254,15,14,backward,1,371217516,371217516,0
55,254,15,14,backward,2,365094917,365094917,0
55,254,15,14,backward,3,366153112,366153112,0
55,254,15,14,forward,0,195728118,195728118,0
55,254,15,14,forward,1,192035916,192035916,0
55,254,15,14,forward,2,195546062,195546062,0
55,254,15,14,forward,3,193265510,193265510,0
55,255,15,15,backward,0,389954613,389954613,0
55,255,15,15,backward,1,371177917,371177917,0
55,255,15,15,backward,2,365537551,365537551,0
55,255,15,15,backward,3,365444317,365444317,0
55,255,15,15,forward,0,195836738,195836738,0
55,255,15,15,forward,1,192118650,192118650,0
55,255,15,15,forward,2,195846010,195846010,0
55,255,15,15,forward,3,193688579,193688579,0
