rank,pp_stage,phase,behavior,behavior_delta_ns
0,0,forward,cp_all_to_all,0
0,0,backward,cp_all_to_all,0
1,0,forward,cp_all_to_all,0
1,0,backward,cp_all_to_all,0
2,0,forward,cp_all_to_all,0
2,0,backward,cp_all_to_all,0
3,0,forward,cp_all_to_all,0
3,0,backward,cp_all_to_all,0
4,0,forward,cp_all_to_all,0
4,0,backward,cp_all_to_all,0
5,0,forward,cp_all_to_all,0
5,0,backward,cp_all_to_all,0
6,0,forward,cp_all_to_all,0
6,0,backward,cp_all_to_all,0
7,0,forward,cp_all_to_all,0
7,0,backward,cp_all_to_all,0
8,0,forward,cp_all_to_all,0
8,0,backward,cp_all_to_all,0
9,0,forward,cp_all_to_all,0
9,0,backward,cp_all_to_all,0
10,0,forward,cp_all_to_all,0
10,0,backward,cp_all_to_all,0
11,0,forward,cp_all_to_all,0
11,0,backward,cp_all_to_all,0
12,0,forward,cp_all_to_all,0
12,0,backward,cp_all_to_all,0
13,0,forward,cp_all_to_all,0
13,0,backward,cp_all_to_all,0
14,0,forward,cp_all_to_all,0
14,0,backward,cp_all_to_all,0
15,0,forward,cp_all_to_all,0
15,0,backward,cp_all_to_all,0
16,1,forward,cp_all_to_all,0
16,1,backward,cp_all_to_all,0
17,1,forward,cp_all_to_all,0
17,1,backward,cp_all_to_all,0
18,1,forward,cp_all_to_all,0
18,1,backward,cp_all_to_all,0
19,1,forward,cp_all_to_all,0
19,1,backward,cp_all_to_all,0
20,1,forward,cp_all_to_all,0
20,1,backward,cp_all_to_all,0
21,1,forward,cp_all_to_all,0
21,1,backward,cp_all_to_all,0
22,1,forward,cp_all_to_all,0
22,1,backward,cp_all_to_all,0
23,1,forward,cp_all_to_all,0
23,1,backward,cp_all_to_all,0
24,1,forward,cp_all_to_all,0
24,1,backward,cp_all_to_all,0
25,1,forward,cp_all_to_all,0
25,1,backward,cp_all_to_all,0
26,1,forward,cp_all_to_all,0
26,1,backward,cp_all_to_all,0
27,1,forward,cp_all_to_all,0
27,1,backward,cp_all_to_all,0
28,1,forward,cp_all_to_all,0
28,1,backward,cp_all_to_all,0
29,1,forward,cp_all_to_all,0
29,1,backward,cp_all_to_all,0
30,1,forward,cp_all_to_all,0
30,1,backward,cp_all_to_all,0
31,1,forward,cp_all_to_all,0
31,1,backward,cp_all_to_all,0
32,2,forward,cp_all_to_all,0
32,2,backward,cp_all_to_all,0
33,2,forward,cp_all_to_all,0
33,2,backward,cp_all_to_all,0
34,2,forward,cp_all_to_all,0
34,2,backward,cp_all_to_all,0
35,2,forward,cp_all_to_all,0
35,2,backward,cp_all_to_all,0
36,2,forward,cp_all_to_all,0
36,2,backward,cp_all_to_all,0
37,2,forward,cp_all_to_all,0
37,2,backward,cp_all_to_all,0
38,2,forward,cp_all_to_all,0
38,2,backward,cp_all_to_all,0
39,2,forward,cp_all_to_all,0
39,2,backward,cp_all_to_all,0
40,2,forward,cp_all_to_all,0
40,2,backward,cp_all_to_all,0
41,2,forward,cp_all_to_all,0
41,2,backward,cp_all_to_all,0
42,2,forward,cp_all_to_all,0
42,2,backward,cp_all_to_all,0
43,2,forward,cp_all_to_all,0
43,2,backward,cp_all_to_all,0
44,2,forward,cp_all_to_all,0
44,2,backward,cp_all_to_all,0
45,2,forward,cp_all_to_all,0
45,2,backward,cp_all_to_all,0
46,2,forward,cp_all_to_all,0
46,2,backward,cp_all_to_all,0
47,2,forward,cp_all_to_all,0
47,2,backward,cp_all_to_all,0
48,3,forward,cp_all_to_all,0
48,3,backward,cp_all_to_all,0
49,3,forward,cp_all_to_all,0
49,3,backward,cp_all_to_all,0
50,3,forward,cp_all_to_all,0
50,3,backward,cp_all_to_all,0
51,3,forward,cp_all_to_all,0
51,3,backward,cp_all_to_all,0
52,3,forward,cp_all_to_all,0
52,3,backward,cp_all_to_all,0
53,3,forward,cp_all_to_all,0
53,3,backward,cp_all_to_all,0
54,3,forward,cp_all_to_all,0
54,3,backward,cp_all_to_all,0
55,3,forward,cp_all_to_all,0
55,3,backward,cp_all_to_all,0
56,3,forward,cp_all_to_all,0
56,3,backward,cp_all_to_all,0
57,3,forward,cp_all_to_all,0
57,3,backward,cp_all_to_all,0
58,3,forward,cp_all_to_all,0
58,3,backward,cp_all_to_all,0
59,3,forward,cp_all_to_all,0
59,3,backward,cp_all_to_all,0
60,3,forward,cp_all_to_all,0
60,3,backward,cp_all_to_all,0
61,3,forward,cp_all_to_all,0
61,3,backward,cp_all_to_all,0
62,3,forward,cp_all_to_all,0
62,3,backward,cp_all_to_all,0
63,3,forward,cp_all_to_all,0
63,3,backward,cp_all_to_all,0
64,4,forward,cp_all_to_all,0
64,4,backward,cp_all_to_all,0
65,4,forward,cp_all_to_all,0
65,4,backward,cp_all_to_all,0
66,4,forward,cp_all_to_all,0
66,4,backward,cp_all_to_all,0
67,4,forward,cp_all_to_all,0
67,4,backward,cp_all_to_all,0
68,4,forward,cp_all_to_all,0
68,4,backward,cp_all_to_all,0
69,4,forward,cp_all_to_all,0
69,4,backward,cp_all_to_all,0
70,4,forward,cp_all_to_all,0
70,4,backward,cp_all_to_all,0
71,4,forward,cp_all_to_all,0
71,4,backward,cp_all_to_all,0
72,4,forward,cp_all_to_all,0
72,4,backward,cp_all_to_all,0
73,4,forward,cp_all_to_all,0
73,4,backward,cp_all_to_all,0
74,4,forward,cp_all_to_all,0
74,4,backward,cp_all_to_all,0
75,4,forward,cp_all_to_all,0
75,4,backward,cp_all_to_all,0
76,4,forward,cp_all_to_all,0
76,4,backward,cp_all_to_all,0
77,4,forward,cp_all_to_all,0
77,4,backward,cp_all_to_all,0
78,4,forward,cp_all_to_all,0
78,4,backward,cp_all_to_all,0
79,4,forward,cp_all_to_all,0
79,4,backward,cp_all_to_all,0
80,5,forward,cp_all_to_all,0
80,5,backward,cp_all_to_all,0
81,5,forward,cp_all_to_all,0
81,5,backward,cp_all_to_all,0
82,5,forward,cp_all_to_all,0
82,5,backward,cp_all_to_all,0
83,5,forward,cp_all_to_all,0
83,5,backward,cp_all_to_all,0
84,5,forward,cp_all_to_all,0
84,5,backward,cp_all_to_all,0
85,5,forward,cp_all_to_all,0
85,5,backward,cp_all_to_all,0
86,5,forward,cp_all_to_all,0
86,5,backward,cp_all_to_all,0
87,5,forward,cp_all_to_all,0
87,5,backward,cp_all_to_all,0
88,5,forward,cp_all_to_all,0
88,5,backward,cp_all_to_all,0
89,5,forward,cp_all_to_all,0
89,5,backward,cp_all_to_all,0
90,5,forward,cp_all_to_all,0
90,5,backward,cp_all_to_all,0
91,5,forward,cp_all_to_all,0
91,5,backward,cp_all_to_all,0
92,5,forward,cp_all_to_all,0
92,5,backward,cp_all_to_all,0
93,5,forward,cp_all_to_all,0
93,5,backward,cp_all_to_all,0
94,5,forward,cp_all_to_all,0
94,5,backward,cp_all_to_all,0
95,5,forward,cp_all_to_all,0
95,5,backward,cp_all_to_all,0
96,6,forward,cp_all_to_all,0
96,6,backward,cp_all_to_all,0
97,6,forward,cp_all_to_all,0
97,6,backward,cp_all_to_all,0
98,6,forward,cp_all_to_all,0
98,6,backward,cp_all_to_all,0
99,6,forward,cp_all_to_all,0
99,6,backward,cp_all_to_all,0
100,6,forward,cp_all_to_all,0
100,6,backward,cp_all_to_all,0
101,6,forward,cp_all_to_all,0
101,6,backward,cp_all_to_all,0
102,6,forward,cp_all_to_all,0
102,6,backward,cp_all_to_all,0
103,6,forward,cp_all_to_all,0
103,6,backward,cp_all_to_all,0
104,6,forward,cp_all_to_all,0
104,6,backward,cp_all_to_all,0
105,6,forward,cp_all_to_all,0
105,6,backward,cp_all_to_all,0
106,6,forward,cp_all_to_all,0
106,6,backward,cp_all_to_all,0
107,6,forward,cp_all_to_all,0
107,6,backward,cp_all_to_all,0
108,6,forward,cp_all_to_all,0
108,6,backward,cp_all_to_all,0
109,6,forward,cp_all_to_all,0
109,6,backward,cp_all_to_all,0
110,6,forward,cp_all_to_all,0
110,6,backward,cp_all_to_all,0
111,6,forward,cp_all_to_all,0
111,6,backward,cp_all_to_all,0
112,7,forward,cp_all_to_all,0
112,7,backward,cp_all_to_all,0
113,7,forward,cp_all_to_all,0
113,7,backward,cp_all_to_all,0
114,7,forward,cp_all_to_all,0
114,7,backward,cp_all_to_all,0
115,7,forward,cp_all_to_all,0
115,7,backward,cp_all_to_all,0
116,7,forward,cp_all_to_all,0
116,7,backward,cp_all_to_all,0
117,7,forward,cp_all_to_all,0
117,7,backward,cp_all_to_all,0
118,7,forward,cp_all_to_all,0
118,7,backward,cp_all_to_all,0
119,7,forward,cp_all_to_all,0
119,7,backward,cp_all_to_all,0
120,7,forward,cp_all_to_all,0
120,7,backward,cp_all_to_all,0
121,7,forward,cp_all_to_all,0
121,7,backward,cp_all_to_all,0
122,7,forward,cp_all_to_all,0
122,7,backward,cp_all_to_all,0
123,7,forward,cp_all_to_all,0
123,7,backward,cp_all_to_all,0
124,7,forward,cp_all_to_all,0
124,7,backward,cp_all_to_all,0
125,7,forward,cp_all_to_all,0
125,7,backward,cp_all_to_all,0
126,7,forward,cp_all_to_all,0
126,7,backward,cp_all_to_all,0
127,7,forward,cp_all_to_all,0
127,7,backward,cp_all_to_all,0
128,8,forward,cp_all_to_all,0
128,8,backward,cp_all_to_all,0
129,8,forward,cp_all_to_all,0
129,8,backward,cp_all_to_all,0
130,8,forward,cp_all_to_all,0
130,8,backward,cp_all_to_all,0
131,8,forward,cp_all_to_all,0
131,8,backward,cp_all_to_all,0
132,8,forward,cp_all_to_all,0
132,8,backward,cp_all_to_all,0
133,8,forward,cp_all_to_all,0
133,8,backward,cp_all_to_all,0
134,8,forward,cp_all_to_all,0
134,8,backward,cp_all_to_all,0
135,8,forward,cp_all_to_all,0
135,8,backward,cp_all_to_all,0
136,8,forward,cp_all_to_all,0
136,8,backward,cp_all_to_all,0
137,8,forward,cp_all_to_all,0
137,8,backward,cp_all_to_all,0
138,8,forward,cp_all_to_all,0
138,8,backward,cp_all_to_all,0
139,8,forward,cp_all_to_all,0
139,8,backward,cp_all_to_all,0
140,8,forward,cp_all_to_all,0
140,8,backward,cp_all_to_all,0
141,8,forward,cp_all_to_all,0
141,8,backward,cp_all_to_all,0
142,8,forward,cp_all_to_all,0
142,8,backward,cp_all_to_all,0
143,8,forward,cp_all_to_all,0
143,8,backward,cp_all_to_all,0
144,9,forward,cp_all_to_all,0
144,9,backward,cp_all_to_all,0
145,9,forward,cp_all_to_all,0
145,9,backward,cp_all_to_all,0
146,9,forward,cp_all_to_all,0
146,9,backward,cp_all_to_all,0
147,9,forward,cp_all_to_all,0
147,9,backward,cp_all_to_all,0
148,9,forward,cp_all_to_all,0
148,9,backward,cp_all_to_all,0
149,9,forward,cp_all_to_all,0
149,9,backward,cp_all_to_all,0
150,9,forward,cp_all_to_all,0
150,9,backward,cp_all_to_all,0
151,9,forward,cp_all_to_all,0
151,9,backward,cp_all_to_all,0
152,9,forward,cp_all_to_all,0
152,9,backward,cp_all_to_all,0
153,9,forward,cp_all_to_all,0
153,9,backward,cp_all_to_all,0
154,9,forward,cp_all_to_all,0
154,9,backward,cp_all_to_all,0
155,9,forward,cp_all_to_all,0
155,9,backward,cp_all_to_all,0
156,9,forward,cp_all_to_all,0
156,9,backward,cp_all_to_all,0
157,9,forward,cp_all_to_all,0
157,9,backward,cp_all_to_all,0
158,9,forward,cp_all_to_all,0
158,9,backward,cp_all_to_all,0
159,9,forward,cp_all_to_all,0
159,9,backward,cp_all_to_all,0
160,10,forward,cp_all_to_all,0
160,10,backward,cp_all_to_all,0
161,10,forward,cp_all_to_all,0
161,10,backward,cp_all_to_all,0
162,10,forward,cp_all_to_all,0
162,10,backward,cp_all_to_all,0
163,10,forward,cp_all_to_all,0
163,10,backward,cp_all_to_all,0
164,10,forward,cp_all_to_all,0
164,10,backward,cp_all_to_all,0
165,10,forward,cp_all_to_all,0
165,10,backward,cp_all_to_all,0
166,10,forward,cp_all_to_all,0
166,10,backward,cp_all_to_all,0
167,10,forward,cp_all_to_all,0
167,10,backward,cp_all_to_all,0
168,10,forward,cp_all_to_all,0
168,10,backward,cp_all_to_all,0
169,10,forward,cp_all_to_all,0
169,10,backward,cp_all_to_all,0
170,10,forward,cp_all_to_all,0
170,10,backward,cp_all_to_all,0
171,10,forward,cp_all_to_all,0
171,10,backward,cp_all_to_all,0
172,10,forward,cp_all_to_all,0
172,10,backward,cp_all_to_all,0
173,10,forward,cp_all_to_all,0
173,10,backward,cp_all_to_all,0
174,10,forward,cp_all_to_all,0
174,10,backward,cp_all_to_all,0
175,10,forward,cp_all_to_all,0
175,10,backward,cp_all_to_all,0
176,11,forward,cp_all_to_all,0
176,11,backward,cp_all_to_all,0
177,11,forward,cp_all_to_all,0
177,11,backward,cp_all_to_all,0
178,11,forward,cp_all_to_all,0
178,11,backward,cp_all_to_all,0
179,11,forward,cp_all_to_all,0
179,11,backward,cp_all_to_all,0
180,11,forward,cp_all_to_all,0
180,11,backward,cp_all_to_all,0
181,11,forward,cp_all_to_all,0
181,11,backward,cp_all_to_all,0
182,11,forward,cp_all_to_all,0
182,11,backward,cp_all_to_all,0
183,11,forward,cp_all_to_all,0
183,11,backward,cp_all_to_all,0
184,11,forward,cp_all_to_all,0
184,11,backward,cp_all_to_all,0
185,11,forward,cp_all_to_all,0
185,11,backward,cp_all_to_all,0
186,11,forward,cp_all_to_all,0
186,11,backward,cp_all_to_all,0
187,11,forward,cp_all_to_all,0
187,11,backward,cp_all_to_all,0
188,11,forward,cp_all_to_all,0
188,11,backward,cp_all_to_all,0
189,11,forward,cp_all_to_all,0
189,11,backward,cp_all_to_all,0
190,11,forward,cp_all_to_all,0
190,11,backward,cp_all_to_all,0
191,11,forward,cp_all_to_all,0
191,11,backward,cp_all_to_all,0
192,12,forward,cp_all_to_all,0
192,12,backward,cp_all_to_all,0
193,12,forward,cp_all_to_all,0
193,12,backward,cp_all_to_all,0
194,12,forward,cp_all_to_all,0
194,12,backward,cp_all_to_all,0
195,12,forward,cp_all_to_all,0
195,12,backward,cp_all_to_all,0
196,12,forward,cp_all_to_all,0
196,12,backward,cp_all_to_all,0
197,12,forward,cp_all_to_all,0
197,12,backward,cp_all_to_all,0
198,12,forward,cp_all_to_all,0
198,12,backward,cp_all_to_all,0
199,12,forward,cp_all_to_all,0
199,12,backward,cp_all_to_all,0
200,12,forward,cp_all_to_all,0
200,12,backward,cp_all_to_all,0
201,12,forward,cp_all_to_all,0
201,12,backward,cp_all_to_all,0
202,12,forward,cp_all_to_all,0
202,12,backward,cp_all_to_all,0
203,12,forward,cp_all_to_all,0
203,12,backward,cp_all_to_all,0
204,12,forward,cp_all_to_all,0
204,12,backward,cp_all_to_all,0
205,12,forward,cp_all_to_all,0
205,12,backward,cp_all_to_all,0
206,12,forward,cp_all_to_all,0
206,12,backward,cp_all_to_all,0
207,12,forward,cp_all_to_all,0
207,12,backward,cp_all_to_all,0
208,13,forward,cp_all_to_all,0
208,13,backward,cp_all_to_all,0
209,13,forward,cp_all_to_all,0
209,13,backward,cp_all_to_all,0
210,13,forward,cp_all_to_all,0
210,13,backward,cp_all_to_all,0
211,13,forward,cp_all_to_all,0
211,13,backward,cp_all_to_all,0
212,13,forward,cp_all_to_all,0
212,13,backward,cp_all_to_all,0
213,13,forward,cp_all_to_all,0
213,13,backward,cp_all_to_all,0
214,13,forward,cp_all_to_all,0
214,13,backward,cp_all_to_all,0
215,13,forward,cp_all_to_all,0
215,13,backward,cp_all_to_all,0
216,13,forward,cp_all_to_all,0
216,13,backward,cp_all_to_all,0
217,13,forward,cp_all_to_all,0
217,13,backward,cp_all_to_all,0
218,13,forward,cp_all_to_all,0
218,13,backward,cp_all_to_all,0
219,13,forward,cp_all_to_all,0
219,13,backward,cp_all_to_all,0
220,13,forward,cp_all_to_all,0
220,13,backward,cp_all_to_all,0
221,13,forward,cp_all_to_all,0
221,13,backward,cp_all_to_all,0
222,13,forward,cp_all_to_all,0
222,13,backward,cp_all_to_all,0
223,13,forward,cp_all_to_all,0
223,13,backward,cp_all_to_all,0
224,14,forward,cp_all_to_all,0
224,14,backward,cp_all_to_all,0
225,14,forward,cp_all_to_all,0
225,14,backward,cp_all_to_all,0
226,14,forward,cp_all_to_all,0
226,14,backward,cp_all_to_all,0
227,14,forward,cp_all_to_all,0
227,14,backward,cp_all_to_all,0
228,14,forward,cp_all_to_all,0
228,14,backward,cp_all_to_all,0
229,14,forward,cp_all_to_all,0
229,14,backward,cp_all_to_all,0
230,14,forward,cp_all_to_all,0
230,14,backward,cp_all_to_all,0
231,14,forward,cp_all_to_all,0
231,14,backward,cp_all_to_all,0
232,14,forward,cp_all_to_all,0
232,14,backward,cp_all_to_all,0
233,14,forward,cp_all_to_all,0
233,14,backward,cp_all_to_all,0
234,14,forward,cp_all_to_all,0
234,14,backward,cp_all_to_all,0
235,14,forward,cp_all_to_all,0
235,14,backward,cp_all_to_all,0
236,14,forward,cp_all_to_all,0
236,14,backward,cp_all_to_all,0
237,14,forward,cp_all_to_all,0
237,14,backward,cp_all_to_all,0
238,14,forward,cp_all_to_all,0
238,14,backward,cp_all_to_all,0
239,14,forward,cp_all_to_all,0
239,14,backward,cp_all_to_all,0
240,15,forward,cp_all_to_all,0
240,15,backward,cp_all_to_all,0
241,15,forward,cp_all_to_all,0
241,15,backward,cp_all_to_all,0
242,15,forward,cp_all_to_all,0
242,15,backward,cp_all_to_all,0
243,15,forward,cp_all_to_all,0
243,15,backward,cp_all_to_all,0
244,15,forward,cp_all_to_all,0
244,15,backward,cp_all_to_all,0
245,15,forward,cp_all_to_all,0
245,15,backward,cp_all_to_all,0
246,15,forward,cp_all_to_all,0
246,15,backward,cp_all_to_all,0
247,15,forward,cp_all_to_all,0
247,15,backward,cp_all_to_all,0
248,15,forward,cp_all_to_all,0
248,15,backward,cp_all_to_all,0
249,15,forward,cp_all_to_all,0
249,15,backward,cp_all_to_all,0
250,15,forward,cp_all_to_all,0
250,15,backward,cp_all_to_all,0
251,15,forward,cp_all_to_all,0
251,15,backward,cp_all_to_all,0
252,15,forward,cp_all_to_all,0
252,15,backward,cp_all_to_all,0
253,15,forward,cp_all_to_all,0
253,15,backward,cp_all_to_all,0
254,15,forward,cp_all_to_all,0
254,15,backward,cp_all_to_all,0
255,15,forward,cp_all_to_all,0
255,15,backward,cp_all_to_all,0
0,0,backward,ep_bwd_combine_backward_dispatch,0
1,0,backward,ep_bwd_combine_backward_dispatch,0
2,0,backward,ep_bwd_combine_backward_dispatch,0
3,0,backward,ep_bwd_combine_backward_dispatch,0
4,0,backward,ep_bwd_combine_backward_dispatch,0
5,0,backward,ep_bwd_combine_backward_dispatch,0
6,0,backward,ep_bwd_combine_backward_dispatch,0
7,0,backward,ep_bwd_combine_backward_dispatch,0
8,0,backward,ep_bwd_combine_backward_dispatch,0
9,0,backward,ep_bwd_combine_backward_dispatch,0
10,0,backward,ep_bwd_combine_backward_dispatch,0
11,0,backward,ep_bwd_combine_backward_dispatch,0
12,0,backward,ep_bwd_combine_backward_dispatch,0
13,0,backward,ep_bwd_combine_backward_dispatch,0
14,0,backward,ep_bwd_combine_backward_dispatch,0
15,0,backward,ep_bwd_combine_backward_dispatch,0
16,1,backward,ep_bwd_combine_backward_dispatch,0
17,1,backward,ep_bwd_combine_backward_dispatch,0
18,1,backward,ep_bwd_combine_backward_dispatch,0
19,1,backward,ep_bwd_combine_backward_dispatch,0
20,1,backward,ep_bwd_combine_backward_dispatch,0
21,1,backward,ep_bwd_combine_backward_dispatch,0
22,1,backward,ep_bwd_combine_backward_dispatch,0
23,1,backward,ep_bwd_combine_backward_dispatch,0
24,1,backward,ep_bwd_combine_backward_dispatch,0
25,1,backward,ep_bwd_combine_backward_dispatch,0
26,1,backward,ep_bwd_combine_backward_dispatch,0
27,1,backward,ep_bwd_combine_backward_dispatch,0
28,1,backward,ep_bwd_combine_backward_dispatch,0
29,1,backward,ep_bwd_combine_backward_dispatch,0
30,1,backward,ep_bwd_combine_backward_dispatch,0
31,1,backward,ep_bwd_combine_backward_dispatch,0
32,2,backward,ep_bwd_combine_backward_dispatch,0
33,2,backward,ep_bwd_combine_backward_dispatch,0
34,2,backward,ep_bwd_combine_backward_dispatch,0
35,2,backward,ep_bwd_combine_backward_dispatch,0
36,2,backward,ep_bwd_combine_backward_dispatch,0
37,2,backward,ep_bwd_combine_backward_dispatch,0
38,2,backward,ep_bwd_combine_backward_dispatch,0
39,2,backward,ep_bwd_combine_backward_dispatch,0
40,2,backward,ep_bwd_combine_backward_dispatch,0
41,2,backward,ep_bwd_combine_backward_dispatch,0
42,2,backward,ep_bwd_combine_backward_dispatch,0
43,2,backward,ep_bwd_combine_backward_dispatch,0
44,2,backward,ep_bwd_combine_backward_dispatch,0
45,2,backward,ep_bwd_combine_backward_dispatch,0
46,2,backward,ep_bwd_combine_backward_dispatch,0
47,2,backward,ep_bwd_combine_backward_dispatch,0
48,3,backward,ep_bwd_combine_backward_dispatch,0
49,3,backward,ep_bwd_combine_backward_dispatch,0
50,3,backward,ep_bwd_combine_backward_dispatch,0
51,3,backward,ep_bwd_combine_backward_dispatch,0
52,3,backward,ep_bwd_combine_backward_dispatch,0
53,3,backward,ep_bwd_combine_backward_dispatch,0
54,3,backward,ep_bwd_combine_backward_dispatch,0
55,3,backward,ep_bwd_combine_backward_dispatch,0
56,3,backward,ep_bwd_combine_backward_dispatch,0
57,3,backward,ep_bwd_combine_backward_dispatch,0
58,3,backward,ep_bwd_combine_backward_dispatch,0
59,3,backward,ep_bwd_combine_backward_dispatch,0
60,3,backward,ep_bwd_combine_backward_dispatch,0
61,3,backward,ep_bwd_combine_backward_dispatch,0
62,3,backward,ep_bwd_combine_backward_dispatch,0
63,3,backward,ep_bwd_combine_backward_dispatch,0
64,4,backward,ep_bwd_combine_backward_dispatch,0
65,4,backward,ep_bwd_combine_backward_dispatch,0
66,4,backward,ep_bwd_combine_backward_dispatch,0
67,4,backward,ep_bwd_combine_backward_dispatch,0
68,4,backward,ep_bwd_combine_backward_dispatch,0
69,4,backward,ep_bwd_combine_backward_dispatch,0
70,4,backward,ep_bwd_combine_backward_dispatch,0
71,4,backward,ep_bwd_combine_backward_dispatch,0
72,4,backward,ep_bwd_combine_backward_dispatch,0
73,4,backward,ep_bwd_combine_backward_dispatch,0
74,4,backward,ep_bwd_combine_backward_dispatch,0
75,4,backward,ep_bwd_combine_backward_dispatch,0
76,4,backward,ep_bwd_combine_backward_dispatch,0
77,4,backward,ep_bwd_combine_backward_dispatch,0
78,4,backward,ep_bwd_combine_backward_dispatch,0
79,4,backward,ep_bwd_combine_backward_dispatch,0
80,5,backward,ep_bwd_combine_backward_dispatch,0
81,5,backward,ep_bwd_combine_backward_dispatch,0
82,5,backward,ep_bwd_combine_backward_dispatch,0
83,5,backward,ep_bwd_combine_backward_dispatch,0
84,5,backward,ep_bwd_combine_backward_dispatch,0
85,5,backward,ep_bwd_combine_backward_dispatch,0
86,5,backward,ep_bwd_combine_backward_dispatch,0
87,5,backward,ep_bwd_combine_backward_dispatch,0
88,5,backward,ep_bwd_combine_backward_dispatch,0
89,5,backward,ep_bwd_combine_backward_dispatch,0
90,5,backward,ep_bwd_combine_backward_dispatch,0
91,5,backward,ep_bwd_combine_backward_dispatch,0
92,5,backward,ep_bwd_combine_backward_dispatch,0
93,5,backward,ep_bwd_combine_backward_dispatch,0
94,5,backward,ep_bwd_combine_backward_dispatch,0
95,5,backward,ep_bwd_combine_backward_dispatch,0
96,6,backward,ep_bwd_combine_backward_dispatch,0
97,6,backward,ep_bwd_combine_backward_dispatch,0
98,6,backward,ep_bwd_combine_backward_dispatch,0
99,6,backward,ep_bwd_combine_backward_dispatch,0
100,6,backward,ep_bwd_combine_backward_dispatch,0
101,6,backward,ep_bwd_combine_backward_dispatch,0
102,6,backward,ep_bwd_combine_backward_dispatch,0
103,6,backward,ep_bwd_combine_backward_dispatch,0
104,6,backward,ep_bwd_combine_backward_dispatch,0
105,6,backward,ep_bwd_combine_backward_dispatch,0
106,6,backward,ep_bwd_combine_backward_dispatch,0
107,6,backward,ep_bwd_combine_backward_dispatch,0
108,6,backward,ep_bwd_combine_backward_dispatch,0
109,6,backward,ep_bwd_combine_backward_dispatch,0
110,6,backward,ep_bwd_combine_backward_dispatch,0
111,6,backward,ep_bwd_combine_backward_dispatch,0
112,7,backward,ep_bwd_combine_backward_dispatch,0
113,7,backward,ep_bwd_combine_backward_dispatch,0
114,7,backward,ep_bwd_combine_backward_dispatch,0
115,7,backward,ep_bwd_combine_backward_dispatch,0
116,7,backward,ep_bwd_combine_backward_dispatch,0
117,7,backward,ep_bwd_combine_backward_dispatch,0
118,7,backward,ep_bwd_combine_backward_dispatch,0
119,7,backward,ep_bwd_combine_backward_dispatch,0
120,7,backward,ep_bwd_combine_backward_dispatch,0
121,7,backward,ep_bwd_combine_backward_dispatch,0
122,7,backward,ep_bwd_combine_backward_dispatch,0
123,7,backward,ep_bwd_combine_backward_dispatch,0
124,7,backward,ep_bwd_combine_backward_dispatch,0
125,7,backward,ep_bwd_combine_backward_dispatch,0
126,7,backward,ep_bwd_combine_backward_dispatch,0
127,7,backward,ep_bwd_combine_backward_dispatch,0
128,8,backward,ep_bwd_combine_backward_dispatch,0
129,8,backward,ep_bwd_combine_backward_dispatch,0
130,8,backward,ep_bwd_combine_backward_dispatch,0
131,8,backward,ep_bwd_combine_backward_dispatch,0
132,8,backward,ep_bwd_combine_backward_dispatch,0
133,8,backward,ep_bwd_combine_backward_dispatch,0
134,8,backward,ep_bwd_combine_backward_dispatch,0
135,8,backward,ep_bwd_combine_backward_dispatch,0
136,8,backward,ep_bwd_combine_backward_dispatch,0
137,8,backward,ep_bwd_combine_backward_dispatch,0
138,8,backward,ep_bwd_combine_backward_dispatch,0
139,8,backward,ep_bwd_combine_backward_dispatch,0
140,8,backward,ep_bwd_combine_backward_dispatch,0
141,8,backward,ep_bwd_combine_backward_dispatch,0
142,8,backward,ep_bwd_combine_backward_dispatch,0
143,8,backward,ep_bwd_combine_backward_dispatch,0
144,9,backward,ep_bwd_combine_backward_dispatch,0
145,9,backward,ep_bwd_combine_backward_dispatch,0
146,9,backward,ep_bwd_combine_backward_dispatch,0
147,9,backward,ep_bwd_combine_backward_dispatch,0
148,9,backward,ep_bwd_combine_backward_dispatch,0
149,9,backward,ep_bwd_combine_backward_dispatch,0
150,9,backward,ep_bwd_combine_backward_dispatch,0
151,9,backward,ep_bwd_combine_backward_dispatch,0
152,9,backward,ep_bwd_combine_backward_dispatch,0
153,9,backward,ep_bwd_combine_backward_dispatch,0
154,9,backward,ep_bwd_combine_backward_dispatch,0
155,9,backward,ep_bwd_combine_backward_dispatch,0
156,9,backward,ep_bwd_combine_backward_dispatch,0
157,9,backward,ep_bwd_combine_backward_dispatch,0
158,9,backward,ep_bwd_combine_backward_dispatch,0
159,9,backward,ep_bwd_combine_backward_dispatch,0
160,10,backward,ep_bwd_combine_backward_dispatch,0
161,10,backward,ep_bwd_combine_backward_dispatch,0
162,10,backward,ep_bwd_combine_backward_dispatch,0
163,10,backward,ep_bwd_combine_backward_dispatch,0
164,10,backward,ep_bwd_combine_backward_dispatch,0
165,10,backward,ep_bwd_combine_backward_dispatch,0
166,10,backward,ep_bwd_combine_backward_dispatch,0
167,10,backward,ep_bwd_combine_backward_dispatch,0
168,10,backward,ep_bwd_combine_backward_dispatch,0
169,10,backward,ep_bwd_combine_backward_dispatch,0
170,10,backward,ep_bwd_combine_backward_dispatch,0
171,10,backward,ep_bwd_combine_backward_dispatch,0
172,10,backward,ep_bwd_combine_backward_dispatch,0
173,10,backward,ep_bwd_combine_backward_dispatch,0
174,10,backward,ep_bwd_combine_backward_dispatch,0
175,10,backward,ep_bwd_combine_backward_dispatch,0
176,11,backward,ep_bwd_combine_backward_dispatch,0
177,11,backward,ep_bwd_combine_backward_dispatch,0
178,11,backward,ep_bwd_combine_backward_dispatch,0
179,11,backward,ep_bwd_combine_backward_dispatch,0
180,11,backward,ep_bwd_combine_backward_dispatch,0
181,11,backward,ep_bwd_combine_backward_dispatch,0
182,11,backward,ep_bwd_combine_backward_dispatch,0
183,11,backward,ep_bwd_combine_backward_dispatch,0
184,11,backward,ep_bwd_combine_backward_dispatch,0
185,11,backward,ep_bwd_combine_backward_dispatch,0
186,11,backward,ep_bwd_combine_backward_dispatch,0
187,11,backward,ep_bwd_combine_backward_dispatch,0
188,11,backward,ep_bwd_combine_backward_dispatch,0
189,11,backward,ep_bwd_combine_backward_dispatch,0
190,11,backward,ep_bwd_combine_backward_dispatch,0
191,11,backward,ep_bwd_combine_backward_dispatch,0
192,12,backward,ep_bwd_combine_backward_dispatch,0
193,12,backward,ep_bwd_combine_backward_dispatch,0
194,12,backward,ep_bwd_combine_backward_dispatch,0
195,12,backward,ep_bwd_combine_backward_dispatch,0
196,12,backward,ep_bwd_combine_backward_dispatch,0
197,12,backward,ep_bwd_combine_backward_dispatch,0
198,12,backward,ep_bwd_combine_backward_dispatch,0
199,12,backward,ep_bwd_combine_backward_dispatch,0
200,12,backward,ep_bwd_combine_backward_dispatch,0
201,12,backward,ep_bwd_combine_backward_dispatch,0
202,12,backward,ep_bwd_combine_backward_dispatch,0
203,12,backward,ep_bwd_combine_backward_dispatch,0
204,12,backward,ep_bwd_combine_backward_dispatch,0
205,12,backward,ep_bwd_combine_backward_dispatch,0
206,12,backward,ep_bwd_combine_backward_dispatch,0
207,12,backward,ep_bwd_combine_backward_dispatch,0
208,13,backward,ep_bwd_combine_backward_dispatch,0
209,13,backward,ep_bwd_combine_backward_dispatch,0
210,13,backward,ep_bwd_combine_backward_dispatch,0
211,13,backward,ep_bwd_combine_backward_dispatch,0
212,13,backward,ep_bwd_combine_backward_dispatch,0
213,13,backward,ep_bwd_combine_backward_dispatch,0
214,13,backward,ep_bwd_combine_backward_dispatch,0
215,13,backward,ep_bwd_combine_backward_dispatch,0
216,13,backward,ep_bwd_combine_backward_dispatch,0
217,13,backward,ep_bwd_combine_backward_dispatch,0
218,13,backward,ep_bwd_combine_backward_dispatch,0
219,13,backward,ep_bwd_combine_backward_dispatch,0
220,13,backward,ep_bwd_combine_backward_dispatch,0
221,13,backward,ep_bwd_combine_backward_dispatch,0
222,13,backward,ep_bwd_combine_backward_dispatch,0
223,13,backward,ep_bwd_combine_backward_dispatch,0
224,14,backward,ep_bwd_combine_backward_dispatch,0
225,14,backward,ep_bwd_combine_backward_dispatch,0
226,14,backward,ep_bwd_combine_backward_dispatch,0
227,14,backward,ep_bwd_combine_backward_dispatch,0
228,14,backward,ep_bwd_combine_backward_dispatch,0
229,14,backward,ep_bwd_combine_backward_dispatch,0
230,14,backward,ep_bwd_combine_backward_dispatch,0
231,14,backward,ep_bwd_combine_backward_dispatch,0
232,14,backward,ep_bwd_combine_backward_dispatch,0
233,14,backward,ep_bwd_combine_backward_dispatch,0
234,14,backward,ep_bwd_combine_backward_dispatch,0
235,14,backward,ep_bwd_combine_backward_dispatch,0
236,14,backward,ep_bwd_combine_backward_dispatch,0
237,14,backward,ep_bwd_combine_backward_dispatch,0
238,14,backward,ep_bwd_combine_backward_dispatch,0
239,14,backward,ep_bwd_combine_backward_dispatch,0
240,15,backward,ep_bwd_combine_backward_dispatch,0
241,15,backward,ep_bwd_combine_backward_dispatch,0
242,15,backward,ep_bwd_combine_backward_dispatch,0
243,15,backward,ep_bwd_combine_backward_dispatch,0
244,15,backward,ep_bwd_combine_backward_dispatch,0
245,15,backward,ep_bwd_combine_backward_dispatch,0
246,15,backward,ep_bwd_combine_backward_dispatch,0
247,15,backward,ep_bwd_combine_backward_dispatch,0
248,15,backward,ep_bwd_combine_backward_dispatch,0
249,15,backward,ep_bwd_combine_backward_dispatch,0
250,15,backward,ep_bwd_combine_backward_dispatch,0
251,15,backward,ep_bwd_combine_backward_dispatch,0
252,15,backward,ep_bwd_combine_backward_dispatch,0
253,15,backward,ep_bwd_combine_backward_dispatch,0
254,15,backward,ep_bwd_combine_backward_dispatch,0
255,15,backward,ep_bwd_combine_backward_dispatch,0
0,0,backward,ep_bwd_dispatch_backward_combine,0
1,0,backward,ep_bwd_dispatch_backward_combine,0
2,0,backward,ep_bwd_dispatch_backward_combine,0
3,0,backward,ep_bwd_dispatch_backward_combine,0
4,0,backward,ep_bwd_dispatch_backward_combine,0
5,0,backward,ep_bwd_dispatch_backward_combine,0
6,0,backward,ep_bwd_dispatch_backward_combine,0
7,0,backward,ep_bwd_dispatch_backward_combine,0
8,0,backward,ep_bwd_dispatch_backward_combine,0
9,0,backward,ep_bwd_dispatch_backward_combine,0
10,0,backward,ep_bwd_dispatch_backward_combine,0
11,0,backward,ep_bwd_dispatch_backward_combine,0
12,0,backward,ep_bwd_dispatch_backward_combine,0
13,0,backward,ep_bwd_dispatch_backward_combine,0
14,0,backward,ep_bwd_dispatch_backward_combine,0
15,0,backward,ep_bwd_dispatch_backward_combine,0
16,1,backward,ep_bwd_dispatch_backward_combine,0
17,1,backward,ep_bwd_dispatch_backward_combine,0
18,1,backward,ep_bwd_dispatch_backward_combine,0
19,1,backward,ep_bwd_dispatch_backward_combine,0
20,1,backward,ep_bwd_dispatch_backward_combine,0
21,1,backward,ep_bwd_dispatch_backward_combine,0
22,1,backward,ep_bwd_dispatch_backward_combine,0
23,1,backward,ep_bwd_dispatch_backward_combine,0
24,1,backward,ep_bwd_dispatch_backward_combine,0
25,1,backward,ep_bwd_dispatch_backward_combine,0
26,1,backward,ep_bwd_dispatch_backward_combine,0
27,1,backward,ep_bwd_dispatch_backward_combine,0
28,1,backward,ep_bwd_dispatch_backward_combine,0
29,1,backward,ep_bwd_dispatch_backward_combine,0
30,1,backward,ep_bwd_dispatch_backward_combine,0
31,1,backward,ep_bwd_dispatch_backward_combine,0
32,2,backward,ep_bwd_dispatch_backward_combine,0
33,2,backward,ep_bwd_dispatch_backward_combine,0
34,2,backward,ep_bwd_dispatch_backward_combine,0
35,2,backward,ep_bwd_dispatch_backward_combine,0
36,2,backward,ep_bwd_dispatch_backward_combine,0
37,2,backward,ep_bwd_dispatch_backward_combine,0
38,2,backward,ep_bwd_dispatch_backward_combine,0
39,2,backward,ep_bwd_dispatch_backward_combine,0
40,2,backward,ep_bwd_dispatch_backward_combine,0
41,2,backward,ep_bwd_dispatch_backward_combine,0
42,2,backward,ep_bwd_dispatch_backward_combine,0
43,2,backward,ep_bwd_dispatch_backward_combine,0
44,2,backward,ep_bwd_dispatch_backward_combine,0
45,2,backward,ep_bwd_dispatch_backward_combine,0
46,2,backward,ep_bwd_dispatch_backward_combine,0
47,2,backward,ep_bwd_dispatch_backward_combine,0
48,3,backward,ep_bwd_dispatch_backward_combine,0
49,3,backward,ep_bwd_dispatch_backward_combine,0
50,3,backward,ep_bwd_dispatch_backward_combine,0
51,3,backward,ep_bwd_dispatch_backward_combine,0
52,3,backward,ep_bwd_dispatch_backward_combine,0
53,3,backward,ep_bwd_dispatch_backward_combine,0
54,3,backward,ep_bwd_dispatch_backward_combine,0
55,3,backward,ep_bwd_dispatch_backward_combine,0
56,3,backward,ep_bwd_dispatch_backward_combine,0
57,3,backward,ep_bwd_dispatch_backward_combine,0
58,3,backward,ep_bwd_dispatch_backward_combine,0
59,3,backward,ep_bwd_dispatch_backward_combine,0
60,3,backward,ep_bwd_dispatch_backward_combine,0
61,3,backward,ep_bwd_dispatch_backward_combine,0
62,3,backward,ep_bwd_dispatch_backward_combine,0
63,3,backward,ep_bwd_dispatch_backward_combine,0
64,4,backward,ep_bwd_dispatch_backward_combine,0
65,4,backward,ep_bwd_dispatch_backward_combine,0
66,4,backward,ep_bwd_dispatch_backward_combine,0
67,4,backward,ep_bwd_dispatch_backward_combine,0
68,4,backward,ep_bwd_dispatch_backward_combine,0
69,4,backward,ep_bwd_dispatch_backward_combine,0
70,4,backward,ep_bwd_dispatch_backward_combine,0
71,4,backward,ep_bwd_dispatch_backward_combine,0
72,4,backward,ep_bwd_dispatch_backward_combine,0
73,4,backward,ep_bwd_dispatch_backward_combine,0
74,4,backward,ep_bwd_dispatch_backward_combine,0
75,4,backward,ep_bwd_dispatch_backward_combine,0
76,4,backward,ep_bwd_dispatch_backward_combine,0
77,4,backward,ep_bwd_dispatch_backward_combine,0
78,4,backward,ep_bwd_dispatch_backward_combine,0
79,4,backward,ep_bwd_dispatch_backward_combine,0
80,5,backward,ep_bwd_dispatch_backward_combine,0
81,5,backward,ep_bwd_dispatch_backward_combine,0
82,5,backward,ep_bwd_dispatch_backward_combine,0
83,5,backward,ep_bwd_dispatch_backward_combine,0
84,5,backward,ep_bwd_dispatch_backward_combine,0
85,5,backward,ep_bwd_dispatch_backward_combine,0
86,5,backward,ep_bwd_dispatch_backward_combine,0
87,5,backward,ep_bwd_dispatch_backward_combine,0
88,5,backward,ep_bwd_dispatch_backward_combine,0
89,5,backward,ep_bwd_dispatch_backward_combine,0
90,5,backward,ep_bwd_dispatch_backward_combine,0
91,5,backward,ep_bwd_dispatch_backward_combine,0
92,5,backward,ep_bwd_dispatch_backward_combine,0
93,5,backward,ep_bwd_dispatch_backward_combine,0
94,5,backward,ep_bwd_dispatch_backward_combine,0
95,5,backward,ep_bwd_dispatch_backward_combine,0
96,6,backward,ep_bwd_dispatch_backward_combine,0
97,6,backward,ep_bwd_dispatch_backward_combine,0
98,6,backward,ep_bwd_dispatch_backward_combine,0
99,6,backward,ep_bwd_dispatch_backward_combine,0
100,6,backward,ep_bwd_dispatch_backward_combine,0
101,6,backward,ep_bwd_dispatch_backward_combine,0
102,6,backward,ep_bwd_dispatch_backward_combine,0
103,6,backward,ep_bwd_dispatch_backward_combine,0
104,6,backward,ep_bwd_dispatch_backward_combine,0
105,6,backward,ep_bwd_dispatch_backward_combine,0
106,6,backward,ep_bwd_dispatch_backward_combine,0
107,6,backward,ep_bwd_dispatch_backward_combine,0
108,6,backward,ep_bwd_dispatch_backward_combine,0
109,6,backward,ep_bwd_dispatch_backward_combine,0
110,6,backward,ep_bwd_dispatch_backward_combine,0
111,6,backward,ep_bwd_dispatch_backward_combine,0
112,7,backward,ep_bwd_dispatch_backward_combine,0
113,7,backward,ep_bwd_dispatch_backward_combine,0
114,7,backward,ep_bwd_dispatch_backward_combine,0
115,7,backward,ep_bwd_dispatch_backward_combine,0
116,7,backward,ep_bwd_dispatch_backward_combine,0
117,7,backward,ep_bwd_dispatch_backward_combine,0
118,7,backward,ep_bwd_dispatch_backward_combine,0
119,7,backward,ep_bwd_dispatch_backward_combine,0
120,7,backward,ep_bwd_dispatch_backward_combine,0
121,7,backward,ep_bwd_dispatch_backward_combine,0
122,7,backward,ep_bwd_dispatch_backward_combine,0
123,7,backward,ep_bwd_dispatch_backward_combine,0
124,7,backward,ep_bwd_dispatch_backward_combine,0
125,7,backward,ep_bwd_dispatch_backward_combine,0
126,7,backward,ep_bwd_dispatch_backward_combine,0
127,7,backward,ep_bwd_dispatch_backward_combine,0
128,8,backward,ep_bwd_dispatch_backward_combine,0
129,8,backward,ep_bwd_dispatch_backward_combine,0
130,8,backward,ep_bwd_dispatch_backward_combine,0
131,8,backward,ep_bwd_dispatch_backward_combine,0
132,8,backward,ep_bwd_dispatch_backward_combine,0
133,8,backward,ep_bwd_dispatch_backward_combine,0
134,8,backward,ep_bwd_dispatch_backward_combine,0
135,8,backward,ep_bwd_dispatch_backward_combine,0
136,8,backward,ep_bwd_dispatch_backward_combine,0
137,8,backward,ep_bwd_dispatch_backward_combine,0
138,8,backward,ep_bwd_dispatch_backward_combine,0
139,8,backward,ep_bwd_dispatch_backward_combine,0
140,8,backward,ep_bwd_dispatch_backward_combine,0
141,8,backward,ep_bwd_dispatch_backward_combine,0
142,8,backward,ep_bwd_dispatch_backward_combine,0
143,8,backward,ep_bwd_dispatch_backward_combine,0
144,9,backward,ep_bwd_dispatch_backward_combine,0
145,9,backward,ep_bwd_dispatch_backward_combine,0
146,9,backward,ep_bwd_dispatch_backward_combine,0
147,9,backward,ep_bwd_dispatch_backward_combine,0
148,9,backward,ep_bwd_dispatch_backward_combine,0
149,9,backward,ep_bwd_dispatch_backward_combine,0
150,9,backward,ep_bwd_dispatch_backward_combine,0
151,9,backward,ep_bwd_dispatch_backward_combine,0
152,9,backward,ep_bwd_dispatch_backward_combine,0
153,9,backward,ep_bwd_dispatch_backward_combine,0
154,9,backward,ep_bwd_dispatch_backward_combine,0
155,9,backward,ep_bwd_dispatch_backward_combine,0
156,9,backward,ep_bwd_dispatch_backward_combine,0
157,9,backward,ep_bwd_dispatch_backward_combine,0
158,9,backward,ep_bwd_dispatch_backward_combine,0
159,9,backward,ep_bwd_dispatch_backward_combine,0
160,10,backward,ep_bwd_dispatch_backward_combine,0
161,10,backward,ep_bwd_dispatch_backward_combine,0
162,10,backward,ep_bwd_dispatch_backward_combine,0
163,10,backward,ep_bwd_dispatch_backward_combine,0
164,10,backward,ep_bwd_dispatch_backward_combine,0
165,10,backward,ep_bwd_dispatch_backward_combine,0
166,10,backward,ep_bwd_dispatch_backward_combine,0
167,10,backward,ep_bwd_dispatch_backward_combine,0
168,10,backward,ep_bwd_dispatch_backward_combine,0
169,10,backward,ep_bwd_dispatch_backward_combine,0
170,10,backward,ep_bwd_dispatch_backward_combine,0
171,10,backward,ep_bwd_dispatch_backward_combine,0
172,10,backward,ep_bwd_dispatch_backward_combine,0
173,10,backward,ep_bwd_dispatch_backward_combine,0
174,10,backward,ep_bwd_dispatch_backward_combine,0
175,10,backward,ep_bwd_dispatch_backward_combine,0
176,11,backward,ep_bwd_dispatch_backward_combine,0
177,11,backward,ep_bwd_dispatch_backward_combine,0
178,11,backward,ep_bwd_dispatch_backward_combine,0
179,11,backward,ep_bwd_dispatch_backward_combine,0
180,11,backward,ep_bwd_dispatch_backward_combine,0
181,11,backward,ep_bwd_dispatch_backward_combine,0
182,11,backward,ep_bwd_dispatch_backward_combine,0
183,11,backward,ep_bwd_dispatch_backward_combine,0
184,11,backward,ep_bwd_dispatch_backward_combine,0
185,11,backward,ep_bwd_dispatch_backward_combine,0
186,11,backward,ep_bwd_dispatch_backward_combine,0
187,11,backward,ep_bwd_dispatch_backward_combine,0
188,11,backward,ep_bwd_dispatch_backward_combine,0
189,11,backward,ep_bwd_dispatch_backward_combine,0
190,11,backward,ep_bwd_dispatch_backward_combine,0
191,11,backward,ep_bwd_dispatch_backward_combine,0
192,12,backward,ep_bwd_dispatch_backward_combine,0
193,12,backward,ep_bwd_dispatch_backward_combine,0
194,12,backward,ep_bwd_dispatch_backward_combine,0
195,12,backward,ep_bwd_dispatch_backward_combine,0
196,12,backward,ep_bwd_dispatch_backward_combine,0
197,12,backward,ep_bwd_dispatch_backward_combine,0
198,12,backward,ep_bwd_dispatch_backward_combine,0
199,12,backward,ep_bwd_dispatch_backward_combine,0
200,12,backward,ep_bwd_dispatch_backward_combine,0
201,12,backward,ep_bwd_dispatch_backward_combine,0
202,12,backward,ep_bwd_dispatch_backward_combine,0
203,12,backward,ep_bwd_dispatch_backward_combine,0
204,12,backward,ep_bwd_dispatch_backward_combine,0
205,12,backward,ep_bwd_dispatch_backward_combine,0
206,12,backward,ep_bwd_dispatch_backward_combine,0
207,12,backward,ep_bwd_dispatch_backward_combine,0
208,13,backward,ep_bwd_dispatch_backward_combine,0
209,13,backward,ep_bwd_dispatch_backward_combine,0
210,13,backward,ep_bwd_dispatch_backward_combine,0
211,13,backward,ep_bwd_dispatch_backward_combine,0
212,13,backward,ep_bwd_dispatch_backward_combine,0
213,13,backward,ep_bwd_dispatch_backward_combine,0
214,13,backward,ep_bwd_dispatch_backward_combine,0
215,13,backward,ep_bwd_dispatch_backward_combine,0
216,13,backward,ep_bwd_dispatch_backward_combine,0
217,13,backward,ep_bwd_dispatch_backward_combine,0
218,13,backward,ep_bwd_dispatch_backward_combine,0
219,13,backward,ep_bwd_dispatch_backward_combine,0
220,13,backward,ep_bwd_dispatch_backward_combine,0
221,13,backward,ep_bwd_dispatch_backward_combine,0
222,13,backward,ep_bwd_dispatch_backward_combine,0
223,13,backward,ep_bwd_dispatch_backward_combine,0
224,14,backward,ep_bwd_dispatch_backward_combine,0
225,14,backward,ep_bwd_dispatch_backward_combine,0
226,14,backward,ep_bwd_dispatch_backward_combine,0
227,14,backward,ep_bwd_dispatch_backward_combine,0
228,14,backward,ep_bwd_dispatch_backward_combine,0
229,14,backward,ep_bwd_dispatch_backward_combine,0
230,14,backward,ep_bwd_dispatch_backward_combine,0
231,14,backward,ep_bwd_dispatch_backward_combine,0
232,14,backward,ep_bwd_dispatch_backward_combine,0
233,14,backward,ep_bwd_dispatch_backward_combine,0
234,14,backward,ep_bwd_dispatch_backward_combine,0
235,14,backward,ep_bwd_dispatch_backward_combine,0
236,14,backward,ep_bwd_dispatch_backward_combine,0
237,14,backward,ep_bwd_dispatch_backward_combine,0
238,14,backward,ep_bwd_dispatch_backward_combine,0
239,14,backward,ep_bwd_dispatch_backward_combine,0
240,15,backward,ep_bwd_dispatch_backward_combine,0
241,15,backward,ep_bwd_dispatch_backward_combine,0
242,15,backward,ep_bwd_dispatch_backward_combine,0
243,15,backward,ep_bwd_dispatch_backward_combine,0
244,15,backward,ep_bwd_dispatch_backward_combine,0
245,15,backward,ep_bwd_dispatch_backward_combine,0
246,15,backward,ep_bwd_dispatch_backward_combine,0
247,15,backward,ep_bwd_dispatch_backward_combine,0
248,15,backward,ep_bwd_dispatch_backward_combine,0
249,15,backward,ep_bwd_dispatch_backward_combine,0
250,15,backward,ep_bwd_dispatch_backward_combine,0
251,15,backward,ep_bwd_dispatch_backward_combine,0
252,15,backward,ep_bwd_dispatch_backward_combine,0
253,15,backward,ep_bwd_dispatch_backward_combine,0
254,15,backward,ep_bwd_dispatch_backward_combine,0
255,15,backward,ep_bwd_dispatch_backward_combine,0
0,0,forward,ep_fwd_combine,0
0,0,backward,ep_fwd_combine,0
1,0,forward,ep_fwd_combine,0
1,0,backward,ep_fwd_combine,0
2,0,forward,ep_fwd_combine,0
2,0,backward,ep_fwd_combine,0
3,0,forward,ep_fwd_combine,0
3,0,backward,ep_fwd_combine,0
4,0,forward,ep_fwd_combine,0
4,0,backward,ep_fwd_combine,0
5,0,forward,ep_fwd_combine,0
5,0,backward,ep_fwd_combine,0
6,0,forward,ep_fwd_combine,0
6,0,backward,ep_fwd_combine,0
7,0,forward,ep_fwd_combine,0
7,0,backward,ep_fwd_combine,0
8,0,forward,ep_fwd_combine,0
8,0,backward,ep_fwd_combine,0
9,0,forward,ep_fwd_combine,0
9,0,backward,ep_fwd_combine,0
10,0,forward,ep_fwd_combine,0
10,0,backward,ep_fwd_combine,0
11,0,forward,ep_fwd_combine,0
11,0,backward,ep_fwd_combine,0
12,0,forward,ep_fwd_combine,0
12,0,backward,ep_fwd_combine,0
13,0,forward,ep_fwd_combine,0
13,0,backward,ep_fwd_combine,0
14,0,forward,ep_fwd_combine,0
14,0,backward,ep_fwd_combine,0
15,0,forward,ep_fwd_combine,0
15,0,backward,ep_fwd_combine,0
16,1,forward,ep_fwd_combine,0
16,1,backward,ep_fwd_combine,0
17,1,forward,ep_fwd_combine,0
17,1,backward,ep_fwd_combine,0
18,1,forward,ep_fwd_combine,0
18,1,backward,ep_fwd_combine,0
19,1,forward,ep_fwd_combine,0
19,1,backward,ep_fwd_combine,0
20,1,forward,ep_fwd_combine,0
20,1,backward,ep_fwd_combine,0
21,1,forward,ep_fwd_combine,0
21,1,backward,ep_fwd_combine,0
22,1,forward,ep_fwd_combine,0
22,1,backward,ep_fwd_combine,0
23,1,forward,ep_fwd_combine,0
23,1,backward,ep_fwd_combine,0
24,1,forward,ep_fwd_combine,0
24,1,backward,ep_fwd_combine,0
25,1,forward,ep_fwd_combine,0
25,1,backward,ep_fwd_combine,0
26,1,forward,ep_fwd_combine,0
26,1,backward,ep_fwd_combine,0
27,1,forward,ep_fwd_combine,0
27,1,backward,ep_fwd_combine,0
28,1,forward,ep_fwd_combine,0
28,1,backward,ep_fwd_combine,0
29,1,forward,ep_fwd_combine,0
29,1,backward,ep_fwd_combine,0
30,1,forward,ep_fwd_combine,0
30,1,backward,ep_fwd_combine,0
31,1,forward,ep_fwd_combine,0
31,1,backward,ep_fwd_combine,0
32,2,forward,ep_fwd_combine,0
32,2,backward,ep_fwd_combine,0
33,2,forward,ep_fwd_combine,0
33,2,backward,ep_fwd_combine,0
34,2,forward,ep_fwd_combine,0
34,2,backward,ep_fwd_combine,0
35,2,forward,ep_fwd_combine,0
35,2,backward,ep_fwd_combine,0
36,2,forward,ep_fwd_combine,0
36,2,backward,ep_fwd_combine,0
37,2,forward,ep_fwd_combine,0
37,2,backward,ep_fwd_combine,0
38,2,forward,ep_fwd_combine,0
38,2,backward,ep_fwd_combine,0
39,2,forward,ep_fwd_combine,0
39,2,backward,ep_fwd_combine,0
40,2,forward,ep_fwd_combine,0
40,2,backward,ep_fwd_combine,0
41,2,forward,ep_fwd_combine,0
41,2,backward,ep_fwd_combine,0
42,2,forward,ep_fwd_combine,0
42,2,backward,ep_fwd_combine,0
43,2,forward,ep_fwd_combine,0
43,2,backward,ep_fwd_combine,0
44,2,forward,ep_fwd_combine,0
44,2,backward,ep_fwd_combine,0
45,2,forward,ep_fwd_combine,0
45,2,backward,ep_fwd_combine,0
46,2,forward,ep_fwd_combine,0
46,2,backward,ep_fwd_combine,0
47,2,forward,ep_fwd_combine,0
47,2,backward,ep_fwd_combine,0
48,3,forward,ep_fwd_combine,0
48,3,backward,ep_fwd_combine,0
49,3,forward,ep_fwd_combine,0
49,3,backward,ep_fwd_combine,0
50,3,forward,ep_fwd_combine,0
50,3,backward,ep_fwd_combine,0
51,3,forward,ep_fwd_combine,0
51,3,backward,ep_fwd_combine,0
52,3,forward,ep_fwd_combine,0
52,3,backward,ep_fwd_combine,0
53,3,forward,ep_fwd_combine,0
53,3,backward,ep_fwd_combine,0
54,3,forward,ep_fwd_combine,0
54,3,backward,ep_fwd_combine,0
55,3,forward,ep_fwd_combine,0
55,3,backward,ep_fwd_combine,0
56,3,forward,ep_fwd_combine,0
56,3,backward,ep_fwd_combine,0
57,3,forward,ep_fwd_combine,0
57,3,backward,ep_fwd_combine,0
58,3,forward,ep_fwd_combine,0
58,3,backward,ep_fwd_combine,0
59,3,forward,ep_fwd_combine,0
59,3,backward,ep_fwd_combine,0
60,3,forward,ep_fwd_combine,0
60,3,backward,ep_fwd_combine,0
61,3,forward,ep_fwd_combine,0
61,3,backward,ep_fwd_combine,0
62,3,forward,ep_fwd_combine,0
62,3,backward,ep_fwd_combine,0
63,3,forward,ep_fwd_combine,0
63,3,backward,ep_fwd_combine,0
64,4,forward,ep_fwd_combine,0
64,4,backward,ep_fwd_combine,0
65,4,forward,ep_fwd_combine,0
65,4,backward,ep_fwd_combine,0
66,4,forward,ep_fwd_combine,0
66,4,backward,ep_fwd_combine,0
67,4,forward,ep_fwd_combine,0
67,4,backward,ep_fwd_combine,0
68,4,forward,ep_fwd_combine,0
68,4,backward,ep_fwd_combine,0
69,4,forward,ep_fwd_combine,0
69,4,backward,ep_fwd_combine,0
70,4,forward,ep_fwd_combine,0
70,4,backward,ep_fwd_combine,0
71,4,forward,ep_fwd_combine,0
71,4,backward,ep_fwd_combine,0
72,4,forward,ep_fwd_combine,0
72,4,backward,ep_fwd_combine,0
73,4,forward,ep_fwd_combine,0
73,4,backward,ep_fwd_combine,0
74,4,forward,ep_fwd_combine,0
74,4,backward,ep_fwd_combine,0
75,4,forward,ep_fwd_combine,0
75,4,backward,ep_fwd_combine,0
76,4,forward,ep_fwd_combine,0
76,4,backward,ep_fwd_combine,0
77,4,forward,ep_fwd_combine,0
77,4,backward,ep_fwd_combine,0
78,4,forward,ep_fwd_combine,0
78,4,backward,ep_fwd_combine,0
79,4,forward,ep_fwd_combine,0
79,4,backward,ep_fwd_combine,0
80,5,forward,ep_fwd_combine,0
80,5,backward,ep_fwd_combine,0
81,5,forward,ep_fwd_combine,0
81,5,backward,ep_fwd_combine,0
82,5,forward,ep_fwd_combine,0
82,5,backward,ep_fwd_combine,0
83,5,forward,ep_fwd_combine,0
83,5,backward,ep_fwd_combine,0
84,5,forward,ep_fwd_combine,0
84,5,backward,ep_fwd_combine,0
85,5,forward,ep_fwd_combine,0
85,5,backward,ep_fwd_combine,0
86,5,forward,ep_fwd_combine,0
86,5,backward,ep_fwd_combine,0
87,5,forward,ep_fwd_combine,0
87,5,backward,ep_fwd_combine,0
88,5,forward,ep_fwd_combine,0
88,5,backward,ep_fwd_combine,0
89,5,forward,ep_fwd_combine,0
89,5,backward,ep_fwd_combine,0
90,5,forward,ep_fwd_combine,0
90,5,backward,ep_fwd_combine,0
91,5,forward,ep_fwd_combine,0
91,5,backward,ep_fwd_combine,0
92,5,forward,ep_fwd_combine,0
92,5,backward,ep_fwd_combine,0
93,5,forward,ep_fwd_combine,0
93,5,backward,ep_fwd_combine,0
94,5,forward,ep_fwd_combine,0
94,5,backward,ep_fwd_combine,0
95,5,forward,ep_fwd_combine,0
95,5,backward,ep_fwd_combine,0
96,6,forward,ep_fwd_combine,0
96,6,backward,ep_fwd_combine,0
97,6,forward,ep_fwd_combine,0
97,6,backward,ep_fwd_combine,0
98,6,forward,ep_fwd_combine,0
98,6,backward,ep_fwd_combine,0
99,6,forward,ep_fwd_combine,0
99,6,backward,ep_fwd_combine,0
100,6,forward,ep_fwd_combine,0
100,6,backward,ep_fwd_combine,0
101,6,forward,ep_fwd_combine,0
101,6,backward,ep_fwd_combine,0
102,6,forward,ep_fwd_combine,0
102,6,backward,ep_fwd_combine,0
103,6,forward,ep_fwd_combine,0
103,6,backward,ep_fwd_combine,0
104,6,forward,ep_fwd_combine,0
104,6,backward,ep_fwd_combine,0
105,6,forward,ep_fwd_combine,0
105,6,backward,ep_fwd_combine,0
106,6,forward,ep_fwd_combine,0
106,6,backward,ep_fwd_combine,0
107,6,forward,ep_fwd_combine,0
107,6,backward,ep_fwd_combine,0
108,6,forward,ep_fwd_combine,0
108,6,backward,ep_fwd_combine,0
109,6,forward,ep_fwd_combine,0
109,6,backward,ep_fwd_combine,0
110,6,forward,ep_fwd_combine,0
110,6,backward,ep_fwd_combine,0
111,6,forward,ep_fwd_combine,0
111,6,backward,ep_fwd_combine,0
112,7,forward,ep_fwd_combine,0
112,7,backward,ep_fwd_combine,0
113,7,forward,ep_fwd_combine,0
113,7,backward,ep_fwd_combine,0
114,7,forward,ep_fwd_combine,0
114,7,backward,ep_fwd_combine,0
115,7,forward,ep_fwd_combine,0
115,7,backward,ep_fwd_combine,0
116,7,forward,ep_fwd_combine,0
116,7,backward,ep_fwd_combine,0
117,7,forward,ep_fwd_combine,0
117,7,backward,ep_fwd_combine,0
118,7,forward,ep_fwd_combine,0
118,7,backward,ep_fwd_combine,0
119,7,forward,ep_fwd_combine,0
119,7,backward,ep_fwd_combine,0
120,7,forward,ep_fwd_combine,0
120,7,backward,ep_fwd_combine,0
121,7,forward,ep_fwd_combine,0
121,7,backward,ep_fwd_combine,0
122,7,forward,ep_fwd_combine,0
122,7,backward,ep_fwd_combine,0
123,7,forward,ep_fwd_combine,0
123,7,backward,ep_fwd_combine,0
124,7,forward,ep_fwd_combine,0
124,7,backward,ep_fwd_combine,0
125,7,forward,ep_fwd_combine,0
125,7,backward,ep_fwd_combine,0
126,7,forward,ep_fwd_combine,0
126,7,backward,ep_fwd_combine,0
127,7,forward,ep_fwd_combine,0
127,7,backward,ep_fwd_combine,0
128,8,forward,ep_fwd_combine,0
128,8,backward,ep_fwd_combine,0
129,8,forward,ep_fwd_combine,0
129,8,backward,ep_fwd_combine,0
130,8,forward,ep_fwd_combine,0
130,8,backward,ep_fwd_combine,0
131,8,forward,ep_fwd_combine,0
131,8,backward,ep_fwd_combine,0
132,8,forward,ep_fwd_combine,0
132,8,backward,ep_fwd_combine,0
133,8,forward,ep_fwd_combine,0
133,8,backward,ep_fwd_combine,0
134,8,forward,ep_fwd_combine,0
134,8,backward,ep_fwd_combine,0
135,8,forward,ep_fwd_combine,0
135,8,backward,ep_fwd_combine,0
136,8,forward,ep_fwd_combine,0
136,8,backward,ep_fwd_combine,0
137,8,forward,ep_fwd_combine,0
137,8,backward,ep_fwd_combine,0
138,8,forward,ep_fwd_combine,0
138,8,backward,ep_fwd_combine,0
139,8,forward,ep_fwd_combine,0
139,8,backward,ep_fwd_combine,0
140,8,forward,ep_fwd_combine,0
140,8,backward,ep_fwd_combine,0
141,8,forward,ep_fwd_combine,0
141,8,backward,ep_fwd_combine,0
142,8,forward,ep_fwd_combine,0
142,8,backward,ep_fwd_combine,0
143,8,forward,ep_fwd_combine,0
143,8,backward,ep_fwd_combine,0
144,9,forward,ep_fwd_combine,0
144,9,backward,ep_fwd_combine,0
145,9,forward,ep_fwd_combine,0
145,9,backward,ep_fwd_combine,0
146,9,forward,ep_fwd_combine,0
146,9,backward,ep_fwd_combine,0
147,9,forward,ep_fwd_combine,0
147,9,backward,ep_fwd_combine,0
148,9,forward,ep_fwd_combine,0
148,9,backward,ep_fwd_combine,0
149,9,forward,ep_fwd_combine,0
149,9,backward,ep_fwd_combine,0
150,9,forward,ep_fwd_combine,0
150,9,backward,ep_fwd_combine,0
151,9,forward,ep_fwd_combine,0
151,9,backward,ep_fwd_combine,0
152,9,forward,ep_fwd_combine,0
152,9,backward,ep_fwd_combine,0
153,9,forward,ep_fwd_combine,0
153,9,backward,ep_fwd_combine,0
154,9,forward,ep_fwd_combine,0
154,9,backward,ep_fwd_combine,0
155,9,forward,ep_fwd_combine,0
155,9,backward,ep_fwd_combine,0
156,9,forward,ep_fwd_combine,0
156,9,backward,ep_fwd_combine,0
157,9,forward,ep_fwd_combine,0
157,9,backward,ep_fwd_combine,0
158,9,forward,ep_fwd_combine,0
158,9,backward,ep_fwd_combine,0
159,9,forward,ep_fwd_combine,0
159,9,backward,ep_fwd_combine,0
160,10,forward,ep_fwd_combine,0
160,10,backward,ep_fwd_combine,0
161,10,forward,ep_fwd_combine,0
161,10,backward,ep_fwd_combine,0
162,10,forward,ep_fwd_combine,0
162,10,backward,ep_fwd_combine,0
163,10,forward,ep_fwd_combine,0
163,10,backward,ep_fwd_combine,0
164,10,forward,ep_fwd_combine,0
164,10,backward,ep_fwd_combine,0
165,10,forward,ep_fwd_combine,0
165,10,backward,ep_fwd_combine,0
166,10,forward,ep_fwd_combine,0
166,10,backward,ep_fwd_combine,0
167,10,forward,ep_fwd_combine,0
167,10,backward,ep_fwd_combine,0
168,10,forward,ep_fwd_combine,0
168,10,backward,ep_fwd_combine,0
169,10,forward,ep_fwd_combine,0
169,10,backward,ep_fwd_combine,0
170,10,forward,ep_fwd_combine,0
170,10,backward,ep_fwd_combine,0
171,10,forward,ep_fwd_combine,0
171,10,backward,ep_fwd_combine,0
172,10,forward,ep_fwd_combine,0
172,10,backward,ep_fwd_combine,0
173,10,forward,ep_fwd_combine,0
173,10,backward,ep_fwd_combine,0
174,10,forward,ep_fwd_combine,0
174,10,backward,ep_fwd_combine,0
175,10,forward,ep_fwd_combine,0
175,10,backward,ep_fwd_combine,0
176,11,forward,ep_fwd_combine,0
176,11,backward,ep_fwd_combine,0
177,11,forward,ep_fwd_combine,0
177,11,backward,ep_fwd_combine,0
178,11,forward,ep_fwd_combine,0
178,11,backward,ep_fwd_combine,0
179,11,forward,ep_fwd_combine,0
179,11,backward,ep_fwd_combine,0
180,11,forward,ep_fwd_combine,0
180,11,backward,ep_fwd_combine,0
181,11,forward,ep_fwd_combine,0
181,11,backward,ep_fwd_combine,0
182,11,forward,ep_fwd_combine,0
182,11,backward,ep_fwd_combine,0
183,11,forward,ep_fwd_combine,0
183,11,backward,ep_fwd_combine,0
184,11,forward,ep_fwd_combine,0
184,11,backward,ep_fwd_combine,0
185,11,forward,ep_fwd_combine,0
185,11,backward,ep_fwd_combine,0
186,11,forward,ep_fwd_combine,0
186,11,backward,ep_fwd_combine,0
187,11,forward,ep_fwd_combine,0
187,11,backward,ep_fwd_combine,0
188,11,forward,ep_fwd_combine,0
188,11,backward,ep_fwd_combine,0
189,11,forward,ep_fwd_combine,0
189,11,backward,ep_fwd_combine,0
190,11,forward,ep_fwd_combine,0
190,11,backward,ep_fwd_combine,0
191,11,forward,ep_fwd_combine,0
191,11,backward,ep_fwd_combine,0
192,12,forward,ep_fwd_combine,0
192,12,backward,ep_fwd_combine,0
193,12,forward,ep_fwd_combine,0
193,12,backward,ep_fwd_combine,0
194,12,forward,ep_fwd_combine,0
194,12,backward,ep_fwd_combine,0
195,12,forward,ep_fwd_combine,0
195,12,backward,ep_fwd_combine,0
196,12,forward,ep_fwd_combine,0
196,12,backward,ep_fwd_combine,0
197,12,forward,ep_fwd_combine,0
197,12,backward,ep_fwd_combine,0
198,12,forward,ep_fwd_combine,0
198,12,backward,ep_fwd_combine,0
199,12,forward,ep_fwd_combine,0
199,12,backward,ep_fwd_combine,0
200,12,forward,ep_fwd_combine,0
200,12,backward,ep_fwd_combine,0
201,12,forward,ep_fwd_combine,0
201,12,backward,ep_fwd_combine,0
202,12,forward,ep_fwd_combine,0
202,12,backward,ep_fwd_combine,0
203,12,forward,ep_fwd_combine,0
203,12,backward,ep_fwd_combine,0
204,12,forward,ep_fwd_combine,0
204,12,backward,ep_fwd_combine,0
205,12,forward,ep_fwd_combine,0
205,12,backward,ep_fwd_combine,0
206,12,forward,ep_fwd_combine,0
206,12,backward,ep_fwd_combine,0
207,12,forward,ep_fwd_combine,0
207,12,backward,ep_fwd_combine,0
208,13,forward,ep_fwd_combine,0
208,13,backward,ep_fwd_combine,0
209,13,forward,ep_fwd_combine,0
209,13,backward,ep_fwd_combine,0
210,13,forward,ep_fwd_combine,0
210,13,backward,ep_fwd_combine,0
211,13,forward,ep_fwd_combine,0
211,13,backward,ep_fwd_combine,0
212,13,forward,ep_fwd_combine,0
212,13,backward,ep_fwd_combine,0
213,13,forward,ep_fwd_combine,0
213,13,backward,ep_fwd_combine,0
214,13,forward,ep_fwd_combine,0
214,13,backward,ep_fwd_combine,0
215,13,forward,ep_fwd_combine,0
215,13,backward,ep_fwd_combine,0
216,13,forward,ep_fwd_combine,0
216,13,backward,ep_fwd_combine,0
217,13,forward,ep_fwd_combine,0
217,13,backward,ep_fwd_combine,0
218,13,forward,ep_fwd_combine,0
218,13,backward,ep_fwd_combine,0
219,13,forward,ep_fwd_combine,0
219,13,backward,ep_fwd_combine,0
220,13,forward,ep_fwd_combine,0
220,13,backward,ep_fwd_combine,0
221,13,forward,ep_fwd_combine,0
221,13,backward,ep_fwd_combine,0
222,13,forward,ep_fwd_combine,0
222,13,backward,ep_fwd_combine,0
223,13,forward,ep_fwd_combine,0
223,13,backward,ep_fwd_combine,0
224,14,forward,ep_fwd_combine,0
224,14,backward,ep_fwd_combine,0
225,14,forward,ep_fwd_combine,0
225,14,backward,ep_fwd_combine,0
226,14,forward,ep_fwd_combine,0
226,14,backward,ep_fwd_combine,0
227,14,forward,ep_fwd_combine,0
227,14,backward,ep_fwd_combine,0
228,14,forward,ep_fwd_combine,0
228,14,backward,ep_fwd_combine,0
229,14,forward,ep_fwd_combine,0
229,14,backward,ep_fwd_combine,0
230,14,forward,ep_fwd_combine,0
230,14,backward,ep_fwd_combine,0
231,14,forward,ep_fwd_combine,0
231,14,backward,ep_fwd_combine,0
232,14,forward,ep_fwd_combine,0
232,14,backward,ep_fwd_combine,0
233,14,forward,ep_fwd_combine,0
233,14,backward,ep_fwd_combine,0
234,14,forward,ep_fwd_combine,0
234,14,backward,ep_fwd_combine,0
235,14,forward,ep_fwd_combine,0
235,14,backward,ep_fwd_combine,0
236,14,forward,ep_fwd_combine,0
236,14,backward,ep_fwd_combine,0
237,14,forward,ep_fwd_combine,0
237,14,backward,ep_fwd_combine,0
238,14,forward,ep_fwd_combine,0
238,14,backward,ep_fwd_combine,0
239,14,forward,ep_fwd_combine,0
239,14,backward,ep_fwd_combine,0
240,15,forward,ep_fwd_combine,0
240,15,backward,ep_fwd_combine,0
241,15,forward,ep_fwd_combine,0
241,15,backward,ep_fwd_combine,0
242,15,forward,ep_fwd_combine,0
242,15,backward,ep_fwd_combine,0
243,15,forward,ep_fwd_combine,0
243,15,backward,ep_fwd_combine,0
244,15,forward,ep_fwd_combine,0
244,15,backward,ep_fwd_combine,0
245,15,forward,ep_fwd_combine,0
245,15,backward,ep_fwd_combine,0
246,15,forward,ep_fwd_combine,0
246,15,backward,ep_fwd_combine,0
247,15,forward,ep_fwd_combine,0
247,15,backward,ep_fwd_combine,0
248,15,forward,ep_fwd_combine,0
248,15,backward,ep_fwd_combine,0
249,15,forward,ep_fwd_combine,0
249,15,backward,ep_fwd_combine,0
250,15,forward,ep_fwd_combine,0
250,15,backward,ep_fwd_combine,0
251,15,forward,ep_fwd_combine,0
251,15,backward,ep_fwd_combine,0
252,15,forward,ep_fwd_combine,0
252,15,backward,ep_fwd_combine,0
253,15,forward,ep_fwd_combine,0
253,15,backward,ep_fwd_combine,0
254,15,forward,ep_fwd_combine,0
254,15,backward,ep_fwd_combine,0
255,15,forward,ep_fwd_combine,0
255,15,backward,ep_fwd_combine,0
0,0,forward,ep_fwd_dispatch,0
0,0,backward,ep_fwd_dispatch,0
1,0,forward,ep_fwd_dispatch,0
1,0,backward,ep_fwd_dispatch,0
2,0,forward,ep_fwd_dispatch,0
2,0,backward,ep_fwd_dispatch,0
3,0,forward,ep_fwd_dispatch,0
3,0,backward,ep_fwd_dispatch,0
4,0,forward,ep_fwd_dispatch,0
4,0,backward,ep_fwd_dispatch,0
5,0,forward,ep_fwd_dispatch,0
5,0,backward,ep_fwd_dispatch,0
6,0,forward,ep_fwd_dispatch,0
6,0,backward,ep_fwd_dispatch,0
7,0,forward,ep_fwd_dispatch,0
7,0,backward,ep_fwd_dispatch,0
8,0,forward,ep_fwd_dispatch,0
8,0,backward,ep_fwd_dispatch,0
9,0,forward,ep_fwd_dispatch,0
9,0,backward,ep_fwd_dispatch,0
10,0,forward,ep_fwd_dispatch,0
10,0,backward,ep_fwd_dispatch,0
11,0,forward,ep_fwd_dispatch,0
11,0,backward,ep_fwd_dispatch,0
12,0,forward,ep_fwd_dispatch,0
12,0,backward,ep_fwd_dispatch,0
13,0,forward,ep_fwd_dispatch,0
13,0,backward,ep_fwd_dispatch,0
14,0,forward,ep_fwd_dispatch,0
14,0,backward,ep_fwd_dispatch,0
15,0,forward,ep_fwd_dispatch,0
15,0,backward,ep_fwd_dispatch,0
16,1,forward,ep_fwd_dispatch,0
16,1,backward,ep_fwd_dispatch,0
17,1,forward,ep_fwd_dispatch,0
17,1,backward,ep_fwd_dispatch,0
18,1,forward,ep_fwd_dispatch,0
18,1,backward,ep_fwd_dispatch,0
19,1,forward,ep_fwd_dispatch,0
19,1,backward,ep_fwd_dispatch,0
20,1,forward,ep_fwd_dispatch,0
20,1,backward,ep_fwd_dispatch,0
21,1,forward,ep_fwd_dispatch,0
21,1,backward,ep_fwd_dispatch,0
22,1,forward,ep_fwd_dispatch,0
22,1,backward,ep_fwd_dispatch,0
23,1,forward,ep_fwd_dispatch,0
23,1,backward,ep_fwd_dispatch,0
24,1,forward,ep_fwd_dispatch,0
24,1,backward,ep_fwd_dispatch,0
25,1,forward,ep_fwd_dispatch,0
25,1,backward,ep_fwd_dispatch,0
26,1,forward,ep_fwd_dispatch,0
26,1,backward,ep_fwd_dispatch,0
27,1,forward,ep_fwd_dispatch,0
27,1,backward,ep_fwd_dispatch,0
28,1,forward,ep_fwd_dispatch,0
28,1,backward,ep_fwd_dispatch,0
29,1,forward,ep_fwd_dispatch,0
29,1,backward,ep_fwd_dispatch,0
30,1,forward,ep_fwd_dispatch,0
30,1,backward,ep_fwd_dispatch,0
31,1,forward,ep_fwd_dispatch,0
31,1,backward,ep_fwd_dispatch,0
32,2,forward,ep_fwd_dispatch,0
32,2,backward,ep_fwd_dispatch,0
33,2,forward,ep_fwd_dispatch,0
33,2,backward,ep_fwd_dispatch,0
34,2,forward,ep_fwd_dispatch,0
34,2,backward,ep_fwd_dispatch,0
35,2,forward,ep_fwd_dispatch,0
35,2,backward,ep_fwd_dispatch,0
36,2,forward,ep_fwd_dispatch,0
36,2,backward,ep_fwd_dispatch,0
37,2,forward,ep_fwd_dispatch,0
37,2,backward,ep_fwd_dispatch,0
38,2,forward,ep_fwd_dispatch,0
38,2,backward,ep_fwd_dispatch,0
39,2,forward,ep_fwd_dispatch,0
39,2,backward,ep_fwd_dispatch,0
40,2,forward,ep_fwd_dispatch,0
40,2,backward,ep_fwd_dispatch,0
41,2,forward,ep_fwd_dispatch,0
41,2,backward,ep_fwd_dispatch,0
42,2,forward,ep_fwd_dispatch,0
42,2,backward,ep_fwd_dispatch,0
43,2,forward,ep_fwd_dispatch,0
43,2,backward,ep_fwd_dispatch,0
44,2,forward,ep_fwd_dispatch,0
44,2,backward,ep_fwd_dispatch,0
45,2,forward,ep_fwd_dispatch,0
45,2,backward,ep_fwd_dispatch,0
46,2,forward,ep_fwd_dispatch,0
46,2,backward,ep_fwd_dispatch,0
47,2,forward,ep_fwd_dispatch,0
47,2,backward,ep_fwd_dispatch,0
48,3,forward,ep_fwd_dispatch,0
48,3,backward,ep_fwd_dispatch,0
49,3,forward,ep_fwd_dispatch,0
49,3,backward,ep_fwd_dispatch,0
50,3,forward,ep_fwd_dispatch,0
50,3,backward,ep_fwd_dispatch,0
51,3,forward,ep_fwd_dispatch,0
51,3,backward,ep_fwd_dispatch,0
52,3,forward,ep_fwd_dispatch,0
52,3,backward,ep_fwd_dispatch,0
53,3,forward,ep_fwd_dispatch,0
53,3,backward,ep_fwd_dispatch,0
54,3,forward,ep_fwd_dispatch,0
54,3,backward,ep_fwd_dispatch,0
55,3,forward,ep_fwd_dispatch,0
55,3,backward,ep_fwd_dispatch,0
56,3,forward,ep_fwd_dispatch,0
56,3,backward,ep_fwd_dispatch,0
57,3,forward,ep_fwd_dispatch,0
57,3,backward,ep_fwd_dispatch,0
58,3,forward,ep_fwd_dispatch,0
58,3,backward,ep_fwd_dispatch,0
59,3,forward,ep_fwd_dispatch,0
59,3,backward,ep_fwd_dispatch,0
60,3,forward,ep_fwd_dispatch,0
60,3,backward,ep_fwd_dispatch,0
61,3,forward,ep_fwd_dispatch,0
61,3,backward,ep_fwd_dispatch,0
62,3,forward,ep_fwd_dispatch,0
62,3,backward,ep_fwd_dispatch,0
63,3,forward,ep_fwd_dispatch,0
63,3,backward,ep_fwd_dispatch,0
64,4,forward,ep_fwd_dispatch,0
64,4,backward,ep_fwd_dispatch,0
65,4,forward,ep_fwd_dispatch,0
65,4,backward,ep_fwd_dispatch,0
66,4,forward,ep_fwd_dispatch,0
66,4,backward,ep_fwd_dispatch,0
67,4,forward,ep_fwd_dispatch,0
67,4,backward,ep_fwd_dispatch,0
68,4,forward,ep_fwd_dispatch,0
68,4,backward,ep_fwd_dispatch,0
69,4,forward,ep_fwd_dispatch,0
69,4,backward,ep_fwd_dispatch,0
70,4,forward,ep_fwd_dispatch,0
70,4,backward,ep_fwd_dispatch,0
71,4,forward,ep_fwd_dispatch,0
71,4,backward,ep_fwd_dispatch,0
72,4,forward,ep_fwd_dispatch,0
72,4,backward,ep_fwd_dispatch,0
73,4,forward,ep_fwd_dispatch,0
73,4,backward,ep_fwd_dispatch,0
74,4,forward,ep_fwd_dispatch,0
74,4,backward,ep_fwd_dispatch,0
75,4,forward,ep_fwd_dispatch,0
75,4,backward,ep_fwd_dispatch,0
76,4,forward,ep_fwd_dispatch,0
76,4,backward,ep_fwd_dispatch,0
77,4,forward,ep_fwd_dispatch,0
77,4,backward,ep_fwd_dispatch,0
78,4,forward,ep_fwd_dispatch,0
78,4,backward,ep_fwd_dispatch,0
79,4,forward,ep_fwd_dispatch,0
79,4,backward,ep_fwd_dispatch,0
80,5,forward,ep_fwd_dispatch,0
80,5,backward,ep_fwd_dispatch,0
81,5,forward,ep_fwd_dispatch,0
81,5,backward,ep_fwd_dispatch,0
82,5,forward,ep_fwd_dispatch,0
82,5,backward,ep_fwd_dispatch,0
83,5,forward,ep_fwd_dispatch,0
83,5,backward,ep_fwd_dispatch,0
84,5,forward,ep_fwd_dispatch,0
84,5,backward,ep_fwd_dispatch,0
85,5,forward,ep_fwd_dispatch,0
85,5,backward,ep_fwd_dispatch,0
86,5,forward,ep_fwd_dispatch,0
86,5,backward,ep_fwd_dispatch,0
87,5,forward,ep_fwd_dispatch,0
87,5,backward,ep_fwd_dispatch,0
88,5,forward,ep_fwd_dispatch,0
88,5,backward,ep_fwd_dispatch,0
89,5,forward,ep_fwd_dispatch,0
89,5,backward,ep_fwd_dispatch,0
90,5,forward,ep_fwd_dispatch,0
90,5,backward,ep_fwd_dispatch,0
91,5,forward,ep_fwd_dispatch,0
91,5,backward,ep_fwd_dispatch,0
92,5,forward,ep_fwd_dispatch,0
92,5,backward,ep_fwd_dispatch,0
93,5,forward,ep_fwd_dispatch,0
93,5,backward,ep_fwd_dispatch,0
94,5,forward,ep_fwd_dispatch,0
94,5,backward,ep_fwd_dispatch,0
95,5,forward,ep_fwd_dispatch,0
95,5,backward,ep_fwd_dispatch,0
96,6,forward,ep_fwd_dispatch,0
96,6,backward,ep_fwd_dispatch,0
97,6,forward,ep_fwd_dispatch,0
97,6,backward,ep_fwd_dispatch,0
98,6,forward,ep_fwd_dispatch,0
98,6,backward,ep_fwd_dispatch,0
99,6,forward,ep_fwd_dispatch,0
99,6,backward,ep_fwd_dispatch,0
100,6,forward,ep_fwd_dispatch,0
100,6,backward,ep_fwd_dispatch,0
101,6,forward,ep_fwd_dispatch,0
101,6,backward,ep_fwd_dispatch,0
102,6,forward,ep_fwd_dispatch,0
102,6,backward,ep_fwd_dispatch,0
103,6,forward,ep_fwd_dispatch,0
103,6,backward,ep_fwd_dispatch,0
104,6,forward,ep_fwd_dispatch,0
104,6,backward,ep_fwd_dispatch,0
105,6,forward,ep_fwd_dispatch,0
105,6,backward,ep_fwd_dispatch,0
106,6,forward,ep_fwd_dispatch,0
106,6,backward,ep_fwd_dispatch,0
107,6,forward,ep_fwd_dispatch,0
107,6,backward,ep_fwd_dispatch,0
108,6,forward,ep_fwd_dispatch,0
108,6,backward,ep_fwd_dispatch,0
109,6,forward,ep_fwd_dispatch,0
109,6,backward,ep_fwd_dispatch,0
110,6,forward,ep_fwd_dispatch,0
110,6,backward,ep_fwd_dispatch,0
111,6,forward,ep_fwd_dispatch,0
111,6,backward,ep_fwd_dispatch,0
112,7,forward,ep_fwd_dispatch,0
112,7,backward,ep_fwd_dispatch,0
113,7,forward,ep_fwd_dispatch,0
113,7,backward,ep_fwd_dispatch,0
114,7,forward,ep_fwd_dispatch,0
114,7,backward,ep_fwd_dispatch,0
115,7,forward,ep_fwd_dispatch,0
115,7,backward,ep_fwd_dispatch,0
116,7,forward,ep_fwd_dispatch,0
116,7,backward,ep_fwd_dispatch,0
117,7,forward,ep_fwd_dispatch,0
117,7,backward,ep_fwd_dispatch,0
118,7,forward,ep_fwd_dispatch,0
118,7,backward,ep_fwd_dispatch,0
119,7,forward,ep_fwd_dispatch,0
119,7,backward,ep_fwd_dispatch,0
120,7,forward,ep_fwd_dispatch,0
120,7,backward,ep_fwd_dispatch,0
121,7,forward,ep_fwd_dispatch,0
121,7,backward,ep_fwd_dispatch,0
122,7,forward,ep_fwd_dispatch,0
122,7,backward,ep_fwd_dispatch,0
123,7,forward,ep_fwd_dispatch,0
123,7,backward,ep_fwd_dispatch,0
124,7,forward,ep_fwd_dispatch,0
124,7,backward,ep_fwd_dispatch,0
125,7,forward,ep_fwd_dispatch,0
125,7,backward,ep_fwd_dispatch,0
126,7,forward,ep_fwd_dispatch,0
126,7,backward,ep_fwd_dispatch,0
127,7,forward,ep_fwd_dispatch,0
127,7,backward,ep_fwd_dispatch,0
128,8,forward,ep_fwd_dispatch,0
128,8,backward,ep_fwd_dispatch,0
129,8,forward,ep_fwd_dispatch,0
129,8,backward,ep_fwd_dispatch,0
130,8,forward,ep_fwd_dispatch,0
130,8,backward,ep_fwd_dispatch,0
131,8,forward,ep_fwd_dispatch,0
131,8,backward,ep_fwd_dispatch,0
132,8,forward,ep_fwd_dispatch,0
132,8,backward,ep_fwd_dispatch,0
133,8,forward,ep_fwd_dispatch,0
133,8,backward,ep_fwd_dispatch,0
134,8,forward,ep_fwd_dispatch,0
134,8,backward,ep_fwd_dispatch,0
135,8,forward,ep_fwd_dispatch,0
135,8,backward,ep_fwd_dispatch,0
136,8,forward,ep_fwd_dispatch,0
136,8,backward,ep_fwd_dispatch,0
137,8,forward,ep_fwd_dispatch,0
137,8,backward,ep_fwd_dispatch,0
138,8,forward,ep_fwd_dispatch,0
138,8,backward,ep_fwd_dispatch,0
139,8,forward,ep_fwd_dispatch,0
139,8,backward,ep_fwd_dispatch,0
140,8,forward,ep_fwd_dispatch,0
140,8,backward,ep_fwd_dispatch,0
141,8,forward,ep_fwd_dispatch,0
141,8,backward,ep_fwd_dispatch,0
142,8,forward,ep_fwd_dispatch,0
142,8,backward,ep_fwd_dispatch,0
143,8,forward,ep_fwd_dispatch,0
143,8,backward,ep_fwd_dispatch,0
144,9,forward,ep_fwd_dispatch,0
144,9,backward,ep_fwd_dispatch,0
145,9,forward,ep_fwd_dispatch,0
145,9,backward,ep_fwd_dispatch,0
146,9,forward,ep_fwd_dispatch,0
146,9,backward,ep_fwd_dispatch,0
147,9,forward,ep_fwd_dispatch,0
147,9,backward,ep_fwd_dispatch,0
148,9,forward,ep_fwd_dispatch,0
148,9,backward,ep_fwd_dispatch,0
149,9,forward,ep_fwd_dispatch,0
149,9,backward,ep_fwd_dispatch,0
150,9,forward,ep_fwd_dispatch,0
150,9,backward,ep_fwd_dispatch,0
151,9,forward,ep_fwd_dispatch,0
151,9,backward,ep_fwd_dispatch,0
152,9,forward,ep_fwd_dispatch,0
152,9,backward,ep_fwd_dispatch,0
153,9,forward,ep_fwd_dispatch,0
153,9,backward,ep_fwd_dispatch,0
154,9,forward,ep_fwd_dispatch,0
154,9,backward,ep_fwd_dispatch,0
155,9,forward,ep_fwd_dispatch,0
155,9,backward,ep_fwd_dispatch,0
156,9,forward,ep_fwd_dispatch,0
156,9,backward,ep_fwd_dispatch,0
157,9,forward,ep_fwd_dispatch,0
157,9,backward,ep_fwd_dispatch,0
158,9,forward,ep_fwd_dispatch,0
158,9,backward,ep_fwd_dispatch,0
159,9,forward,ep_fwd_dispatch,0
159,9,backward,ep_fwd_dispatch,0
160,10,forward,ep_fwd_dispatch,0
160,10,backward,ep_fwd_dispatch,0
161,10,forward,ep_fwd_dispatch,0
161,10,backward,ep_fwd_dispatch,0
162,10,forward,ep_fwd_dispatch,0
162,10,backward,ep_fwd_dispatch,0
163,10,forward,ep_fwd_dispatch,0
163,10,backward,ep_fwd_dispatch,0
164,10,forward,ep_fwd_dispatch,0
164,10,backward,ep_fwd_dispatch,0
165,10,forward,ep_fwd_dispatch,0
165,10,backward,ep_fwd_dispatch,0
166,10,forward,ep_fwd_dispatch,0
166,10,backward,ep_fwd_dispatch,0
167,10,forward,ep_fwd_dispatch,0
167,10,backward,ep_fwd_dispatch,0
168,10,forward,ep_fwd_dispatch,0
168,10,backward,ep_fwd_dispatch,0
169,10,forward,ep_fwd_dispatch,0
169,10,backward,ep_fwd_dispatch,0
170,10,forward,ep_fwd_dispatch,0
170,10,backward,ep_fwd_dispatch,0
171,10,forward,ep_fwd_dispatch,0
171,10,backward,ep_fwd_dispatch,0
172,10,forward,ep_fwd_dispatch,0
172,10,backward,ep_fwd_dispatch,0
173,10,forward,ep_fwd_dispatch,0
173,10,backward,ep_fwd_dispatch,0
174,10,forward,ep_fwd_dispatch,0
174,10,backward,ep_fwd_dispatch,0
175,10,forward,ep_fwd_dispatch,0
175,10,backward,ep_fwd_dispatch,0
176,11,forward,ep_fwd_dispatch,0
176,11,backward,ep_fwd_dispatch,0
177,11,forward,ep_fwd_dispatch,0
177,11,backward,ep_fwd_dispatch,0
178,11,forward,ep_fwd_dispatch,0
178,11,backward,ep_fwd_dispatch,0
179,11,forward,ep_fwd_dispatch,0
179,11,backward,ep_fwd_dispatch,0
180,11,forward,ep_fwd_dispatch,0
180,11,backward,ep_fwd_dispatch,0
181,11,forward,ep_fwd_dispatch,0
181,11,backward,ep_fwd_dispatch,0
182,11,forward,ep_fwd_dispatch,0
182,11,backward,ep_fwd_dispatch,0
183,11,forward,ep_fwd_dispatch,0
183,11,backward,ep_fwd_dispatch,0
184,11,forward,ep_fwd_dispatch,0
184,11,backward,ep_fwd_dispatch,0
185,11,forward,ep_fwd_dispatch,0
185,11,backward,ep_fwd_dispatch,0
186,11,forward,ep_fwd_dispatch,0
186,11,backward,ep_fwd_dispatch,0
187,11,forward,ep_fwd_dispatch,0
187,11,backward,ep_fwd_dispatch,0
188,11,forward,ep_fwd_dispatch,0
188,11,backward,ep_fwd_dispatch,0
189,11,forward,ep_fwd_dispatch,0
189,11,backward,ep_fwd_dispatch,0
190,11,forward,ep_fwd_dispatch,0
190,11,backward,ep_fwd_dispatch,0
191,11,forward,ep_fwd_dispatch,0
191,11,backward,ep_fwd_dispatch,0
192,12,forward,ep_fwd_dispatch,0
192,12,backward,ep_fwd_dispatch,0
193,12,forward,ep_fwd_dispatch,0
193,12,backward,ep_fwd_dispatch,0
194,12,forward,ep_fwd_dispatch,0
194,12,backward,ep_fwd_dispatch,0
195,12,forward,ep_fwd_dispatch,0
195,12,backward,ep_fwd_dispatch,0
196,12,forward,ep_fwd_dispatch,0
196,12,backward,ep_fwd_dispatch,0
197,12,forward,ep_fwd_dispatch,0
197,12,backward,ep_fwd_dispatch,0
198,12,forward,ep_fwd_dispatch,0
198,12,backward,ep_fwd_dispatch,0
199,12,forward,ep_fwd_dispatch,0
199,12,backward,ep_fwd_dispatch,0
200,12,forward,ep_fwd_dispatch,0
200,12,backward,ep_fwd_dispatch,0
201,12,forward,ep_fwd_dispatch,0
201,12,backward,ep_fwd_dispatch,0
202,12,forward,ep_fwd_dispatch,0
202,12,backward,ep_fwd_dispatch,0
203,12,forward,ep_fwd_dispatch,0
203,12,backward,ep_fwd_dispatch,0
204,12,forward,ep_fwd_dispatch,0
204,12,backward,ep_fwd_dispatch,0
205,12,forward,ep_fwd_dispatch,0
205,12,backward,ep_fwd_dispatch,0
206,12,forward,ep_fwd_dispatch,0
206,12,backward,ep_fwd_dispatch,0
207,12,forward,ep_fwd_dispatch,0
207,12,backward,ep_fwd_dispatch,0
208,13,forward,ep_fwd_dispatch,0
208,13,backward,ep_fwd_dispatch,0
209,13,forward,ep_fwd_dispatch,0
209,13,backward,ep_fwd_dispatch,0
210,13,forward,ep_fwd_dispatch,0
210,13,backward,ep_fwd_dispatch,0
211,13,forward,ep_fwd_dispatch,0
211,13,backward,ep_fwd_dispatch,0
212,13,forward,ep_fwd_dispatch,0
212,13,backward,ep_fwd_dispatch,0
213,13,forward,ep_fwd_dispatch,0
213,13,backward,ep_fwd_dispatch,0
214,13,forward,ep_fwd_dispatch,0
214,13,backward,ep_fwd_dispatch,0
215,13,forward,ep_fwd_dispatch,0
215,13,backward,ep_fwd_dispatch,0
216,13,forward,ep_fwd_dispatch,0
216,13,backward,ep_fwd_dispatch,0
217,13,forward,ep_fwd_dispatch,0
217,13,backward,ep_fwd_dispatch,0
218,13,forward,ep_fwd_dispatch,0
218,13,backward,ep_fwd_dispatch,0
219,13,forward,ep_fwd_dispatch,0
219,13,backward,ep_fwd_dispatch,0
220,13,forward,ep_fwd_dispatch,0
220,13,backward,ep_fwd_dispatch,0
221,13,forward,ep_fwd_dispatch,0
221,13,backward,ep_fwd_dispatch,0
222,13,forward,ep_fwd_dispatch,0
222,13,backward,ep_fwd_dispatch,0
223,13,forward,ep_fwd_dispatch,0
223,13,backward,ep_fwd_dispatch,0
224,14,forward,ep_fwd_dispatch,0
224,14,backward,ep_fwd_dispatch,0
225,14,forward,ep_fwd_dispatch,0
225,14,backward,ep_fwd_dispatch,0
226,14,forward,ep_fwd_dispatch,0
226,14,backward,ep_fwd_dispatch,0
227,14,forward,ep_fwd_dispatch,0
227,14,backward,ep_fwd_dispatch,0
228,14,forward,ep_fwd_dispatch,0
228,14,backward,ep_fwd_dispatch,0
229,14,forward,ep_fwd_dispatch,0
229,14,backward,ep_fwd_dispatch,0
230,14,forward,ep_fwd_dispatch,0
230,14,backward,ep_fwd_dispatch,0
231,14,forward,ep_fwd_dispatch,0
231,14,backward,ep_fwd_dispatch,0
232,14,forward,ep_fwd_dispatch,0
232,14,backward,ep_fwd_dispatch,0
233,14,forward,ep_fwd_dispatch,0
233,14,backward,ep_fwd_dispatch,0
234,14,forward,ep_fwd_dispatch,0
234,14,backward,ep_fwd_dispatch,0
235,14,forward,ep_fwd_dispatch,0
235,14,backward,ep_fwd_dispatch,0
236,14,forward,ep_fwd_dispatch,0
236,14,backward,ep_fwd_dispatch,0
237,14,forward,ep_fwd_dispatch,0
237,14,backward,ep_fwd_dispatch,0
238,14,forward,ep_fwd_dispatch,0
238,14,backward,ep_fwd_dispatch,0
239,14,forward,ep_fwd_dispatch,0
239,14,backward,ep_fwd_dispatch,0
240,15,forward,ep_fwd_dispatch,0
240,15,backward,ep_fwd_dispatch,0
241,15,forward,ep_fwd_dispatch,0
241,15,backward,ep_fwd_dispatch,0
242,15,forward,ep_fwd_dispatch,0
242,15,backward,ep_fwd_dispatch,0
243,15,forward,ep_fwd_dispatch,0
243,15,backward,ep_fwd_dispatch,0
244,15,forward,ep_fwd_dispatch,0
244,15,backward,ep_fwd_dispatch,0
245,15,forward,ep_fwd_dispatch,0
245,15,backward,ep_fwd_dispatch,0
246,15,forward,ep_fwd_dispatch,0
246,15,backward,ep_fwd_dispatch,0
247,15,forward,ep_fwd_dispatch,0
247,15,backward,ep_fwd_dispatch,0
248,15,forward,ep_fwd_dispatch,0
248,15,backward,ep_fwd_dispatch,0
249,15,forward,ep_fwd_dispatch,0
249,15,backward,ep_fwd_dispatch,0
250,15,forward,ep_fwd_dispatch,0
250,15,backward,ep_fwd_dispatch,0
251,15,forward,ep_fwd_dispatch,0
251,15,backward,ep_fwd_dispatch,0
252,15,forward,ep_fwd_dispatch,0
252,15,backward,ep_fwd_dispatch,0
253,15,forward,ep_fwd_dispatch,0
253,15,backward,ep_fwd_dispatch,0
254,15,forward,ep_fwd_dispatch,0
254,15,backward,ep_fwd_dispatch,0
255,15,forward,ep_fwd_dispatch,0
255,15,backward,ep_fwd_dispatch,0
