request_id,first_release_ns,last_release_ns,last_flow_end_ns,collective_elapsed_ns,arrival_span_ns,tail_after_last_release_ns,source,simulator_commit,topology_hash
iter55:pp0:dp_rs:round0:dp_grad_reduce_scatter:pg=1:rel-eee33f1d96b9,0,133801203,162221317,162221317,133801203,28420114,mock_oisa_scale_1.2,mock,mock-target-cluster
iter55:pp1:dp_rs:round0:dp_grad_reduce_scatter:pg=3:rel-e285e1ed3259,0,131450601,150222603,150222603,131450601,18772002,mock_oisa_scale_1.2,mock,mock-target-cluster
iter55:pp2:dp_rs:round0:dp_grad_reduce_scatter:pg=5:rel-c2f93a0f917e,0,127807572,146448326,146448326,127807572,18640754,mock_oisa_scale_1.2,mock,mock-target-cluster
iter55:pp3:dp_rs:round0:dp_grad_reduce_scatter:pg=7:rel-5bfd64c993dc,0,142771620,161930288,161930288,142771620,19158668,mock_oisa_scale_1.2,mock,mock-target-cluster
iter55:pp4:dp_rs:round0:dp_grad_reduce_scatter:pg=9:rel-9936263543e5,0,169122866,187943742,187943742,169122866,18820876,mock_oisa_scale_1.2,mock,mock-target-cluster
iter55:pp5:dp_rs:round0:dp_grad_reduce_scatter:pg=11:rel-2b010a746237,0,191253836,210208628,210208628,191253836,18954792,mock_oisa_scale_1.2,mock,mock-target-cluster
iter55:pp6:dp_rs:round0:dp_grad_reduce_scatter:pg=13:rel-e007e807d741,0,197925508,216521492,216521492,197925508,18595984,mock_oisa_scale_1.2,mock,mock-target-cluster
iter55:pp7:dp_rs:round0:dp_grad_reduce_scatter:pg=15:rel-19b4c777b71a,0,212800605,231843026,231843026,212800605,19042421,mock_oisa_scale_1.2,mock,mock-target-cluster
iter55:pp8:dp_rs:round0:dp_grad_reduce_scatter:pg=17:rel-abcc3210628f,0,222529787,241331925,241331925,222529787,18802138,mock_oisa_scale_1.2,mock,mock-target-cluster
iter55:pp9:dp_rs:round0:dp_grad_reduce_scatter:pg=19:rel-6ab0890d91f5,0,180980819,203103403,203103403,180980819,22122584,mock_oisa_scale_1.2,mock,mock-target-cluster
iter55:pp10:dp_rs:round0:dp_grad_reduce_scatter:pg=21:rel-f00835d64bd8,0,163689211,182852325,182852325,163689211,19163114,mock_oisa_scale_1.2,mock,mock-target-cluster
iter55:pp11:dp_rs:round0:dp_grad_reduce_scatter:pg=23:rel-1d351c243f8d,0,177264102,196616922,196616922,177264102,19352820,mock_oisa_scale_1.2,mock,mock-target-cluster
iter55:pp12:dp_rs:round0:dp_grad_reduce_scatter:pg=25:rel-8c21098cf956,0,169479245,188292300,188292300,169479245,18813055,mock_oisa_scale_1.2,mock,mock-target-cluster
iter55:pp13:dp_rs:round0:dp_grad_reduce_scatter:pg=27:rel-1544ad2743d2,0,175227794,194284755,194284755,175227794,19056961,mock_oisa_scale_1.2,mock,mock-target-cluster
iter55:pp14:dp_rs:round0:dp_grad_reduce_scatter:pg=29:rel-420c95dd30c3,0,174932588,195563448,195563448,174932588,20630860,mock_oisa_scale_1.2,mock,mock-target-cluster
iter55:pp15:dp_rs:round0:dp_grad_reduce_scatter:pg=31:rel-644a1bf96e16,0,166305007,198651923,198651923,166305007,32346916,mock_oisa_scale_1.2,mock,mock-target-cluster
iter55:pp0:edp_rs:round0:expert_dp_grad_reduce_scatter:pg=1043:rel-3edb6df10d0f,0,69231,57657093,57657093,69231,57587862,mock_oisa_scale_1.2,mock,mock-target-cluster
iter55:pp0:edp_rs:round0:expert_dp_grad_reduce_scatter:pg=1045:rel-060f3f97d24e,0,60557,67117749,67117749,60557,67057192,mock_oisa_scale_1.2,mock,mock-target-cluster
iter55:pp0:edp_rs:round0:expert_dp_grad_reduce_scatter:pg=1047:rel-add20bb4a986,0,17466,64963475,64963475,17466,64946009,mock_oisa_scale_1.2,mock,mock-target-cluster
iter55:pp0:edp_rs:round0:expert_dp_grad_reduce_scatter:pg=1049:rel-45e0ac40d9fe,0,106936,68014479,68014479,106936,67907543,mock_oisa_scale_1.2,mock,mock-target-cluster
iter55:pp0:edp_rs:round0:expert_dp_grad_reduce_scatter:pg=1051:rel-682953038fbf,0,64399,67905078,67905078,64399,67840679,mock_oisa_scale_1.2,mock,mock-target-cluster
iter55:pp0:edp_rs:round0:expert_dp_grad_reduce_scatter:pg=1053:rel-1b037775be66,0,27798,65210945,65210945,27798,65183147,mock_oisa_scale_1.2,mock,mock-target-cluster
iter55:pp0:edp_rs:round0:expert_dp_grad_reduce_scatter:pg=1055:rel-f1d65da828a2,0,65718,67804002,67804002,65718,67738284,mock_oisa_scale_1.2,mock,mock-target-cluster
iter55:pp0:edp_rs:round0:expert_dp_grad_reduce_scatter:pg=1057:rel-69f287cc15be,0,171775,57989397,57989397,171775,57817622,mock_oisa_scale_1.2,mock,mock-target-cluster
iter55:pp1:edp_rs:round0:expert_dp_grad_reduce_scatter:pg=1059:rel-2afe772e0e28,0,139395,250645766,250645766,139395,250506371,mock_oisa_scale_1.2,mock,mock-target-cluster
iter55:pp1:edp_rs:round0:expert_dp_grad_reduce_scatter:pg=1061:rel-bb3f7ab23c96,0,157720,254849949,254849949,157720,254692229,mock_oisa_scale_1.2,mock,mock-target-cluster
iter55:pp1:edp_rs:round0:expert_dp_grad_reduce_scatter:pg=1063:rel-24b1075fef7f,0,150900,252883337,252883337,150900,252732437,mock_oisa_scale_1.2,mock,mock-target-cluster
iter55:pp1:edp_rs:round0:expert_dp_grad_reduce_scatter:pg=1065:rel-d9659fa15c73,0,25110,250033147,250033147,25110,250008037,mock_oisa_scale_1.2,mock,mock-target-cluster
iter55:pp1:edp_rs:round0:expert_dp_grad_reduce_scatter:pg=1067:rel-b2c47db54841,0,378311,255041508,255041508,378311,254663197,mock_oisa_scale_1.2,mock,mock-target-cluster
iter55:pp1:edp_rs:round0:expert_dp_grad_reduce_scatter:pg=1069:rel-ce6031e473de,0,7047,249115275,249115275,7047,249108228,mock_oisa_scale_1.2,mock,mock-target-cluster
iter55:pp1:edp_rs:round0:expert_dp_grad_reduce_scatter:pg=1071:rel-811b79c8a7f4,0,523118,258236430,258236430,523118,257713312,mock_oisa_scale_1.2,mock,mock-target-cluster
iter55:pp1:edp_rs:round0:expert_dp_grad_reduce_scatter:pg=1073:rel-5255528a9a39,0,123097,251324294,251324294,123097,251201197,mock_oisa_scale_1.2,mock,mock-target-cluster
iter55:pp2:edp_rs:round0:expert_dp_grad_reduce_scatter:pg=1075:rel-16df77b952d7,0,107951,243841402,243841402,107951,243733451,mock_oisa_scale_1.2,mock,mock-target-cluster
iter55:pp2:edp_rs:round0:expert_dp_grad_reduce_scatter:pg=1077:rel-5dca908e0c6b,0,131796,253762568,253762568,131796,253630772,mock_oisa_scale_1.2,mock,mock-target-cluster
iter55:pp2:edp_rs:round0:expert_dp_grad_reduce_scatter:pg=1079:rel-7eb527922249,0,114666,252276032,252276032,114666,252161366,mock_oisa_scale_1.2,mock,mock-target-cluster
iter55:pp2:edp_rs:round0:expert_dp_grad_reduce_scatter:pg=1081:rel-1e09968b6ab3,0,115419,253828641,253828641,115419,253713222,mock_oisa_scale_1.2,mock,mock-target-cluster
iter55:pp2:edp_rs:round0:expert_dp_grad_reduce_scatter:pg=1083:rel-fc7ba47441c8,0,410143,252567402,252567402,410143,252157259,mock_oisa_scale_1.2,mock,mock-target-cluster
iter55:pp2:edp_rs:round0:expert_dp_grad_reduce_scatter:pg=1085:rel-46b0ad4b264e,0,89522,255019465,255019465,89522,254929943,mock_oisa_scale_1.2,mock,mock-target-cluster
iter55:pp2:edp_rs:round0:expert_dp_grad_reduce_scatter:pg=1087:rel-e54eca9bcd4a,0,21982,250894904,250894904,21982,250872922,mock_oisa_scale_1.2,mock,mock-target-cluster
iter55:pp2:edp_rs:round0:expert_dp_grad_reduce_scatter:pg=1089:rel-f804234bc0bb,0,82873,253226396,253226396,82873,253143523,mock_oisa_scale_1.2,mock,mock-target-cluster
iter55:pp3:edp_rs:round0:expert_dp_grad_reduce_scatter:pg=1091:rel-f2ce49c10662,0,547330,250008191,250008191,547330,249460861,mock_oisa_scale_1.2,mock,mock-target-cluster
iter55:pp3:edp_rs:round0:expert_dp_grad_reduce_scatter:pg=1093:rel-c786080df1db,0,142007,261487854,261487854,142007,261345847,mock_oisa_scale_1.2,mock,mock-target-cluster
iter55:pp3:edp_rs:round0:expert_dp_grad_reduce_scatter:pg=1095:rel-890695343734,0,353210,249832292,249832292,353210,249479082,mock_oisa_scale_1.2,mock,mock-target-cluster
iter55:pp3:edp_rs:round0:expert_dp_grad_reduce_scatter:pg=1097:rel-5d4ec32402ec,0,265792,271896059,271896059,265792,271630267,mock_oisa_scale_1.2,mock,mock-target-cluster
iter55:pp3:edp_rs:round0:expert_dp_grad_reduce_scatter:pg=1099:rel-ddb1960efb5b,0,164158,250315134,250315134,164158,250150976,mock_oisa_scale_1.2,mock,mock-target-cluster
iter55:pp3:edp_rs:round0:expert_dp_grad_reduce_scatter:pg=1101:rel-b7f20d5b1645,0,64962,251171765,251171765,64962,251106803,mock_oisa_scale_1.2,mock,mock-target-cluster
iter55:pp3:edp_rs:round0:expert_dp_grad_reduce_scatter:pg=1103:rel-266b59edc53c,0,83763,249693995,249693995,83763,249610232,mock_oisa_scale_1.2,mock,mock-target-cluster
iter55:pp3:edp_rs:round0:expert_dp_grad_reduce_scatter:pg=1105:rel-829f5273926a,0,790550,255165399,255165399,790550,254374849,mock_oisa_scale_1.2,mock,mock-target-cluster
iter55:pp4:edp_rs:round0:expert_dp_grad_reduce_scatter:pg=1107:rel-77c8c73fc956,0,46232,245399817,245399817,46232,245353585,mock_oisa_scale_1.2,mock,mock-target-cluster
iter55:pp4:edp_rs:round0:expert_dp_grad_reduce_scatter:pg=1109:rel-c70223e2b6b7,0,450524,229412835,229412835,450524,228962311,mock_oisa_scale_1.2,mock,mock-target-cluster
iter55:pp4:edp_rs:round0:expert_dp_grad_reduce_scatter:pg=1111:rel-58b33f6f2575,0,388816,249160230,249160230,388816,248771414,mock_oisa_scale_1.2,mock,mock-target-cluster
iter55:pp4:edp_rs:round0:expert_dp_grad_reduce_scatter:pg=1113:rel-e67f9f67a293,0,1903185,249006819,249006819,1903185,247103634,mock_oisa_scale_1.2,mock,mock-target-cluster
iter55:pp4:edp_rs:round0:expert_dp_grad_reduce_scatter:pg=1115:rel-936c215fab74,0,68270,256967102,256967102,68270,256898832,mock_oisa_scale_1.2,mock,mock-target-cluster
iter55:pp4:edp_rs:round0:expert_dp_grad_reduce_scatter:pg=1117:rel-e55d5ece25fe,0,229393,249334095,249334095,229393,249104702,mock_oisa_scale_1.2,mock,mock-target-cluster
iter55:pp4:edp_rs:round0:expert_dp_grad_reduce_scatter:pg=1119:rel-471c9b77ddf5,0,496644,228022558,228022558,496644,227525914,mock_oisa_scale_1.2,mock,mock-target-cluster
iter55:pp4:edp_rs:round0:expert_dp_grad_reduce_scatter:pg=1121:rel-f5a6ac27ea88,0,33116,264282099,264282099,33116,264248983,mock_oisa_scale_1.2,mock,mock-target-cluster
iter55:pp5:edp_rs:round0:expert_dp_grad_reduce_scatter:pg=1123:rel-933bd5a3ebea,0,219139,230920825,230920825,219139,230701686,mock_oisa_scale_1.2,mock,mock-target-cluster
iter55:pp5:edp_rs:round0:expert_dp_grad_reduce_scatter:pg=1125:rel-a237cac76a9e,0,340689,248612869,248612869,340689,248272180,mock_oisa_scale_1.2,mock,mock-target-cluster
iter55:pp5:edp_rs:round0:expert_dp_grad_reduce_scatter:pg=1127:rel-e53d5db49ca7,0,73725,253048075,253048075,73725,252974350,mock_oisa_scale_1.2,mock,mock-target-cluster
iter55:pp5:edp_rs:round0:expert_dp_grad_reduce_scatter:pg=1129:rel-9c7f8d60da35,0,448066,255106329,255106329,448066,254658263,mock_oisa_scale_1.2,mock,mock-target-cluster
iter55:pp5:edp_rs:round0:expert_dp_grad_reduce_scatter:pg=1131:rel-b0a1e6db3da3,0,127816,248772780,248772780,127816,248644964,mock_oisa_scale_1.2,mock,mock-target-cluster
iter55:pp5:edp_rs:round0:expert_dp_grad_reduce_scatter:pg=1133:rel-7be2df09c0c0,0,143421,254160345,254160345,143421,254016924,mock_oisa_scale_1.2,mock,mock-target-cluster
iter55:pp5:edp_rs:round0:expert_dp_grad_reduce_scatter:pg=1135:rel-6837080682fb,0,510969,250159691,250159691,510969,249648722,mock_oisa_scale_1.2,mock,mock-target-cluster
iter55:pp5:edp_rs:round0:expert_dp_grad_reduce_scatter:pg=1137:rel-767db1c7b6a8,0,310641,263221875,263221875,310641,262911234,mock_oisa_scale_1.2,mock,mock-target-cluster
iter55:pp6:edp_rs:round0:expert_dp_grad_reduce_scatter:pg=1139:rel-d42e4641fe01,0,104296,264072818,264072818,104296,263968522,mock_oisa_scale_1.2,mock,mock-target-cluster
iter55:pp6:edp_rs:round0:expert_dp_grad_reduce_scatter:pg=1141:rel-caeacd8507d6,0,215634,255177697,255177697,215634,254962063,mock_oisa_scale_1.2,mock,mock-target-cluster
iter55:pp6:edp_rs:round0:expert_dp_grad_reduce_scatter:pg=1143:rel-212addbdedeb,0,122920,259880840,259880840,122920,259757920,mock_oisa_scale_1.2,mock,mock-target-cluster
iter55:pp6:edp_rs:round0:expert_dp_grad_reduce_scatter:pg=1145:rel-d0ba55d64eff,0,120522,254237303,254237303,120522,254116781,mock_oisa_scale_1.2,mock,mock-target-cluster
iter55:pp6:edp_rs:round0:expert_dp_grad_reduce_scatter:pg=1147:rel-f28a67947d09,0,194893,249761437,249761437,194893,249566544,mock_oisa_scale_1.2,mock,mock-target-cluster
iter55:pp6:edp_rs:round0:expert_dp_grad_reduce_scatter:pg=1149:rel-5d2987245d88,0,77553,249329662,249329662,77553,249252109,mock_oisa_scale_1.2,mock,mock-target-cluster
iter55:pp6:edp_rs:round0:expert_dp_grad_reduce_scatter:pg=1151:rel-085389c3d4ba,0,15676,242256402,242256402,15676,242240726,mock_oisa_scale_1.2,mock,mock-target-cluster
iter55:pp6:edp_rs:round0:expert_dp_grad_reduce_scatter:pg=1153:rel-f8c916bf3ec3,0,399845,263691977,263691977,399845,263292132,mock_oisa_scale_1.2,mock,mock-target-cluster
iter55:pp7:edp_rs:round0:expert_dp_grad_reduce_scatter:pg=1155:rel-2e4af2f3c93b,0,104974,248054517,248054517,104974,247949543,mock_oisa_scale_1.2,mock,mock-target-cluster
iter55:pp7:edp_rs:round0:expert_dp_grad_reduce_scatter:pg=1157:rel-71a3e28ae089,0,87599,251518623,251518623,87599,251431024,mock_oisa_scale_1.2,mock,mock-target-cluster
iter55:pp7:edp_rs:round0:expert_dp_grad_reduce_scatter:pg=1159:rel-c0d0c5ab995a,0,338836,254150735,254150735,338836,253811899,mock_oisa_scale_1.2,mock,mock-target-cluster
iter55:pp7:edp_rs:round0:expert_dp_grad_reduce_scatter:pg=1161:rel-2cb32d32daef,0,451717,247251439,247251439,451717,246799722,mock_oisa_scale_1.2,mock,mock-target-cluster
iter55:pp7:edp_rs:round0:expert_dp_grad_reduce_scatter:pg=1163:rel-43169635438b,0,51531,240198038,240198038,51531,240146507,mock_oisa_scale_1.2,mock,mock-target-cluster
iter55:pp7:edp_rs:round0:expert_dp_grad_reduce_scatter:pg=1165:rel-e16dbd0d1905,0,142044,259167404,259167404,142044,259025360,mock_oisa_scale_1.2,mock,mock-target-cluster
iter55:pp7:edp_rs:round0:expert_dp_grad_reduce_scatter:pg=1167:rel-43e529d78656,0,275715,251095159,251095159,275715,250819444,mock_oisa_scale_1.2,mock,mock-target-cluster
iter55:pp7:edp_rs:round0:expert_dp_grad_reduce_scatter:pg=1169:rel-eab29ccfadb9,0,562301,255293437,255293437,562301,254731136,mock_oisa_scale_1.2,mock,mock-target-cluster
iter55:pp8:edp_rs:round0:expert_dp_grad_reduce_scatter:pg=1171:rel-129acb94824d,0,126197,264052312,264052312,126197,263926115,mock_oisa_scale_1.2,mock,mock-target-cluster
iter55:pp8:edp_rs:round0:expert_dp_grad_reduce_scatter:pg=1173:rel-430b9b7a3149,0,604,249030743,249030743,604,249030139,mock_oisa_scale_1.2,mock,mock-target-cluster
iter55:pp8:edp_rs:round0:expert_dp_grad_reduce_scatter:pg=1175:rel-dd295fa17aa5,0,252794,256984266,256984266,252794,256731472,mock_oisa_scale_1.2,mock,mock-target-cluster
iter55:pp8:edp_rs:round0:expert_dp_grad_reduce_scatter:pg=1177:rel-1f65ad8986ac,0,344836,254762544,254762544,344836,254417708,mock_oisa_scale_1.2,mock,mock-target-cluster
iter55:pp8:edp_rs:round0:expert_dp_grad_reduce_scatter:pg=1179:rel-a3347ebb717e,0,220496,254531338,254531338,220496,254310842,mock_oisa_scale_1.2,mock,mock-target-cluster
iter55:pp8:edp_rs:round0:expert_dp_grad_reduce_scatter:pg=1181:rel-c3d9fa598103,0,61430,254125521,254125521,61430,254064091,mock_oisa_scale_1.2,mock,mock-target-cluster
iter55:pp8:edp_rs:round0:expert_dp_grad_reduce_scatter:pg=1183:rel-42e4e0c64f27,0,320406,253574780,253574780,320406,253254374,mock_oisa_scale_1.2,mock,mock-target-cluster
iter55:pp8:edp_rs:round0:expert_dp_grad_reduce_scatter:pg=1185:rel-ccf8f95d9bc5,0,606197,257773429,257773429,606197,257167232,mock_oisa_scale_1.2,mock,mock-target-cluster
iter55:pp9:edp_rs:round0:expert_dp_grad_reduce_scatter:pg=1187:rel-cafc69c761e6,0,363425,253998964,253998964,363425,253635539,mock_oisa_scale_1.2,mock,mock-target-cluster
iter55:pp9:edp_rs:round0:expert_dp_grad_reduce_scatter:pg=1189:rel-850945dd71f3,0,228082,254899450,254899450,228082,254671368,mock_oisa_scale_1.2,mock,mock-target-cluster
iter55:pp9:edp_rs:round0:expert_dp_grad_reduce_scatter:pg=1191:rel-5bf5a54b88d7,0,63318,254593627,254593627,63318,254530309,mock_oisa_scale_1.2,mock,mock-target-cluster
iter55:pp9:edp_rs:round0:expert_dp_grad_reduce_scatter:pg=1193:rel-adf283698972,0,382691,246496341,246496341,382691,246113650,mock_oisa_scale_1.2,mock,mock-target-cluster
iter55:pp9:edp_rs:round0:expert_dp_grad_reduce_scatter:pg=1195:rel-f7fd828ac545,0,178772,250326926,250326926,178772,250148154,mock_oisa_scale_1.2,mock,mock-target-cluster
iter55:pp9:edp_rs:round0:expert_dp_grad_reduce_scatter:pg=1197:rel-d0d89fc26d7e,0,176507,260069437,260069437,176507,259892930,mock_oisa_scale_1.2,mock,mock-target-cluster
iter55:pp9:edp_rs:round0:expert_dp_grad_reduce_scatter:pg=1199:rel-9089097ad7f2,0,6579,222868109,222868109,6579,222861530,mock_oisa_scale_1.2,mock,mock-target-cluster
iter55:pp9:edp_rs:round0:expert_dp_grad_reduce_scatter:pg=1201:rel-c510da4f61d2,0,142231,254549601,254549601,142231,254407370,mock_oisa_scale_1.2,mock,mock-target-cluster
iter55:pp10:edp_rs:round0:expert_dp_grad_reduce_scatter:pg=1203:rel-fc82fef2dcf3,0,676830,234456206,234456206,676830,233779376,mock_oisa_scale_1.2,mock,mock-target-cluster
iter55:pp10:edp_rs:round0:expert_dp_grad_reduce_scatter:pg=1205:rel-5cedb4b8a17e,0,120741,250756372,250756372,120741,250635631,mock_oisa_scale_1.2,mock,mock-target-cluster
iter55:pp10:edp_rs:round0:expert_dp_grad_reduce_scatter:pg=1207:rel-196b5391d734,0,128498,247190200,247190200,128498,247061702,mock_oisa_scale_1.2,mock,mock-target-cluster
iter55:pp10:edp_rs:round0:expert_dp_grad_reduce_scatter:pg=1209:rel-2d659a256cb7,0,285550,268157628,268157628,285550,267872078,mock_oisa_scale_1.2,mock,mock-target-cluster
iter55:pp10:edp_rs:round0:expert_dp_grad_reduce_scatter:pg=1211:rel-c052821f624b,0,395343,249197289,249197289,395343,248801946,mock_oisa_scale_1.2,mock,mock-target-cluster
iter55:pp10:edp_rs:round0:expert_dp_grad_reduce_scatter:pg=1213:rel-2273957fa578,0,187673,249828663,249828663,187673,249640990,mock_oisa_scale_1.2,mock,mock-target-cluster
iter55:pp10:edp_rs:round0:expert_dp_grad_reduce_scatter:pg=1215:rel-6a889b613c61,0,19666,247629152,247629152,19666,247609486,mock_oisa_scale_1.2,mock,mock-target-cluster
iter55:pp10:edp_rs:round0:expert_dp_grad_reduce_scatter:pg=1217:rel-e6e6d58467d5,0,350639,248780422,248780422,350639,248429783,mock_oisa_scale_1.2,mock,mock-target-cluster
iter55:pp11:edp_rs:round0:expert_dp_grad_reduce_scatter:pg=1219:rel-0e021fe6ee9a,0,263489,262608805,262608805,263489,262345316,mock_oisa_scale_1.2,mock,mock-target-cluster
iter55:pp11:edp_rs:round0:expert_dp_grad_reduce_scatter:pg=1221:rel-472d047eb652,0,18731,250704275,250704275,18731,250685544,mock_oisa_scale_1.2,mock,mock-target-cluster
iter55:pp11:edp_rs:round0:expert_dp_grad_reduce_scatter:pg=1223:rel-d7d72beb017b,0,151695,257570806,257570806,151695,257419111,mock_oisa_scale_1.2,mock,mock-target-cluster
iter55:pp11:edp_rs:round0:expert_dp_grad_reduce_scatter:pg=1225:rel-85f206a67b4e,0,484453,254358518,254358518,484453,253874065,mock_oisa_scale_1.2,mock,mock-target-cluster
iter55:pp11:edp_rs:round0:expert_dp_grad_reduce_scatter:pg=1227:rel-7dc47a22a2db,0,220734,251908164,251908164,220734,251687430,mock_oisa_scale_1.2,mock,mock-target-cluster
iter55:pp11:edp_rs:round0:expert_dp_grad_reduce_scatter:pg=1229:rel-ce0db716bc7d,0,32974,252485999,252485999,32974,252453025,mock_oisa_scale_1.2,mock,mock-target-cluster
iter55:pp11:edp_rs:round0:expert_dp_grad_reduce_scatter:pg=1231:rel-9d5a7ec41342,0,164590,255137702,255137702,164590,254973112,mock_oisa_scale_1.2,mock,mock-target-cluster
iter55:pp11:edp_rs:round0:expert_dp_grad_reduce_scatter:pg=1233:rel-3aefa0c2bf46,0,192867,254902037,254902037,192867,254709170,mock_oisa_scale_1.2,mock,mock-target-cluster
iter55:pp12:edp_rs:round0:expert_dp_grad_reduce_scatter:pg=1235:rel-245e50756b3a,0,37737,250166375,250166375,37737,250128638,mock_oisa_scale_1.2,mock,mock-target-cluster
iter55:pp12:edp_rs:round0:expert_dp_grad_reduce_scatter:pg=1237:rel-cdda7e0cf38f,0,154148,250701171,250701171,154148,250547023,mock_oisa_scale_1.2,mock,mock-target-cluster
iter55:pp12:edp_rs:round0:expert_dp_grad_reduce_scatter:pg=1239:rel-6ab93a9269fd,0,278011,254918732,254918732,278011,254640721,mock_oisa_scale_1.2,mock,mock-target-cluster
iter55:pp12:edp_rs:round0:expert_dp_grad_reduce_scatter:pg=1241:rel-8757e60466a9,0,99089,254479853,254479853,99089,254380764,mock_oisa_scale_1.2,mock,mock-target-cluster
iter55:pp12:edp_rs:round0:expert_dp_grad_reduce_scatter:pg=1243:rel-6e463d9bc3ce,0,632601,250291970,250291970,632601,249659369,mock_oisa_scale_1.2,mock,mock-target-cluster
iter55:pp12:edp_rs:round0:expert_dp_grad_reduce_scatter:pg=1245:rel-c442e582575a,0,179622,252322710,252322710,179622,252143088,mock_oisa_scale_1.2,mock,mock-target-cluster
iter55:pp12:edp_rs:round0:expert_dp_grad_reduce_scatter:pg=1247:rel-3e115e9afe84,0,68194,248795992,248795992,68194,248727798,mock_oisa_scale_1.2,mock,mock-target-cluster
iter55:pp12:edp_rs:round0:expert_dp_grad_reduce_scatter:pg=1249:rel-6950408ec25b,0,832477,248840201,248840201,832477,248007724,mock_oisa_scale_1.2,mock,mock-target-cluster
iter55:pp13:edp_rs:round0:expert_dp_grad_reduce_scatter:pg=1251:rel-8145c37bb450,0,211773,258705074,258705074,211773,258493301,mock_oisa_scale_1.2,mock,mock-target-cluster
iter55:pp13:edp_rs:round0:expert_dp_grad_reduce_scatter:pg=1253:rel-6b0a73685f01,0,156598,271680033,271680033,156598,271523435,mock_oisa_scale_1.2,mock,mock-target-cluster
iter55:pp13:edp_rs:round0:expert_dp_grad_reduce_scatter:pg=1255:rel-3d0eafd1ee24,0,291858,235481356,235481356,291858,235189498,mock_oisa_scale_1.2,mock,mock-target-cluster
iter55:pp13:edp_rs:round0:expert_dp_grad_reduce_scatter:pg=1257:rel-79ddbd615254,0,192410,252914530,252914530,192410,252722120,mock_oisa_scale_1.2,mock,mock-target-cluster
iter55:pp13:edp_rs:round0:expert_dp_grad_reduce_scatter:pg=1259:rel-347ea51e4b4d,0,426034,270611729,270611729,426034,270185695,mock_oisa_scale_1.2,mock,mock-target-cluster
iter55:pp13:edp_rs:round0:expert_dp_grad_reduce_scatter:pg=1261:rel-327f9ee8aec6,0,137311,249617933,249617933,137311,249480622,mock_oisa_scale_1.2,mock,mock-target-cluster
iter55:pp13:edp_rs:round0:expert_dp_grad_reduce_scatter:pg=1263:rel-7dba9269df84,0,289435,252260262,252260262,289435,251970827,mock_oisa_scale_1.2,mock,mock-target-cluster
iter55:pp13:edp_rs:round0:expert_dp_grad_reduce_scatter:pg=1265:rel-7b403b21ec6e,0,58293,242917705,242917705,58293,242859412,mock_oisa_scale_1.2,mock,mock-target-cluster
iter55:pp14:edp_rs:round0:expert_dp_grad_reduce_scatter:pg=1267:rel-eefb8c47044f,0,1896092,264772590,264772590,1896092,262876498,mock_oisa_scale_1.2,mock,mock-target-cluster
iter55:pp14:edp_rs:round0:expert_dp_grad_reduce_scatter:pg=1269:rel-17b2ba6d5fcb,0,1378718,242738768,242738768,1378718,241360050,mock_oisa_scale_1.2,mock,mock-target-cluster
iter55:pp14:edp_rs:round0:expert_dp_grad_reduce_scatter:pg=1271:rel-51e930d510d3,0,698903,254749762,254749762,698903,254050859,mock_oisa_scale_1.2,mock,mock-target-cluster
iter55:pp14:edp_rs:round0:expert_dp_grad_reduce_scatter:pg=1273:rel-06c954babf1f,0,1447532,250346628,250346628,1447532,248899096,mock_oisa_scale_1.2,mock,mock-target-cluster
iter55:pp14:edp_rs:round0:expert_dp_grad_reduce_scatter:pg=1275:rel-df26f87ba383,0,119284,247886219,247886219,119284,247766935,mock_oisa_scale_1.2,mock,mock-target-cluster
iter55:pp14:edp_rs:round0:expert_dp_grad_reduce_scatter:pg=1277:rel-5fbaaf726551,0,57727,263760925,263760925,57727,263703198,mock_oisa_scale_1.2,mock,mock-target-cluster
iter55:pp14:edp_rs:round0:expert_dp_grad_reduce_scatter:pg=1279:rel-1523af828828,0,207253,256454419,256454419,207253,256247166,mock_oisa_scale_1.2,mock,mock-target-cluster
iter55:pp14:edp_rs:round0:expert_dp_grad_reduce_scatter:pg=1281:rel-ebb5f51064b2,0,374858,242592891,242592891,374858,242218033,mock_oisa_scale_1.2,mock,mock-target-cluster
iter55:pp15:edp_rs:round0:expert_dp_grad_reduce_scatter:pg=1283:rel-09896496ae3d,0,57223,126929048,126929048,57223,126871825,mock_oisa_scale_1.2,mock,mock-target-cluster
iter55:pp15:edp_rs:round0:expert_dp_grad_reduce_scatter:pg=1285:rel-d1af7eb44362,0,38928,126088732,126088732,38928,126049804,mock_oisa_scale_1.2,mock,mock-target-cluster
iter55:pp15:edp_rs:round0:expert_dp_grad_reduce_scatter:pg=1287:rel-966b544b1d84,0,357961,124972316,124972316,357961,124614355,mock_oisa_scale_1.2,mock,mock-target-cluster
iter55:pp15:edp_rs:round0:expert_dp_grad_reduce_scatter:pg=1289:rel-84e84bf9f9a7,0,98267,122491115,122491115,98267,122392848,mock_oisa_scale_1.2,mock,mock-target-cluster
iter55:pp15:edp_rs:round0:expert_dp_grad_reduce_scatter:pg=1291:rel-68b097a0d568,0,307123,123302947,123302947,307123,122995824,mock_oisa_scale_1.2,mock,mock-target-cluster
iter55:pp15:edp_rs:round0:expert_dp_grad_reduce_scatter:pg=1293:rel-f6218329d108,0,5290,127219557,127219557,5290,127214267,mock_oisa_scale_1.2,mock,mock-target-cluster
iter55:pp15:edp_rs:round0:expert_dp_grad_reduce_scatter:pg=1295:rel-61c6a60ae468,0,173060,123797176,123797176,173060,123624116,mock_oisa_scale_1.2,mock,mock-target-cluster
iter55:pp15:edp_rs:round0:expert_dp_grad_reduce_scatter:pg=1297:rel-8aad27564690,0,302157,125732259,125732259,302157,125430102,mock_oisa_scale_1.2,mock,mock-target-cluster
iter55:pp0:dp_ag0:round0:dp_param_allgather:pg=1:rel-ca97c78e5f45,0,828049,14964673,14964673,828049,14136624,mock_oisa_scale_1.2,mock,mock-target-cluster
iter55:pp1:dp_ag0:round0:dp_param_allgather:pg=3:rel-6c71aeec094e,0,1309419,10496879,10496879,1309419,9187460,mock_oisa_scale_1.2,mock,mock-target-cluster
iter55:pp2:dp_ag0:round0:dp_param_allgather:pg=5:rel-2c5e91d5d852,0,1222509,10182423,10182423,1222509,8959914,mock_oisa_scale_1.2,mock,mock-target-cluster
iter55:pp3:dp_ag0:round0:dp_param_allgather:pg=7:rel-b026165c6a38,0,1723907,10727273,10727273,1723907,9003366,mock_oisa_scale_1.2,mock,mock-target-cluster
iter55:pp4:dp_ag0:round0:dp_param_allgather:pg=9:rel-57da36ca3c9a,0,1039347,10058513,10058513,1039347,9019166,mock_oisa_scale_1.2,mock,mock-target-cluster
iter55:pp5:dp_ag0:round0:dp_param_allgather:pg=11:rel-43b93a603b20,0,1125919,10512290,10512290,1125919,9386371,mock_oisa_scale_1.2,mock,mock-target-cluster
iter55:pp6:dp_ag0:round0:dp_param_allgather:pg=13:rel-7d95db734590,0,1223266,10239392,10239392,1223266,9016126,mock_oisa_scale_1.2,mock,mock-target-cluster
iter55:pp7:dp_ag0:round0:dp_param_allgather:pg=15:rel-3ca45b340ca7,0,661018,10009356,10009356,661018,9348338,mock_oisa_scale_1.2,mock,mock-target-cluster
iter55:pp8:dp_ag0:round0:dp_param_allgather:pg=17:rel-b472583dc00b,0,1121719,10507926,10507926,1121719,9386207,mock_oisa_scale_1.2,mock,mock-target-cluster
iter55:pp9:dp_ag0:round0:dp_param_allgather:pg=19:rel-f21439115792,0,927585,10346956,10346956,927585,9419371,mock_oisa_scale_1.2,mock,mock-target-cluster
iter55:pp10:dp_ag0:round0:dp_param_allgather:pg=21:rel-dba009cbab91,0,698563,10077373,10077373,698563,9378810,mock_oisa_scale_1.2,mock,mock-target-cluster
iter55:pp11:dp_ag0:round0:dp_param_allgather:pg=23:rel-c5c9e29dd55d,0,1125255,10332247,10332247,1125255,9206992,mock_oisa_scale_1.2,mock,mock-target-cluster
iter55:pp12:dp_ag0:round0:dp_param_allgather:pg=25:rel-398d10393c4d,0,896057,10119727,10119727,896057,9223670,mock_oisa_scale_1.2,mock,mock-target-cluster
iter55:pp13:dp_ag0:round0:dp_param_allgather:pg=27:rel-77a30a9cc769,0,1189787,10078619,10078619,1189787,8888832,mock_oisa_scale_1.2,mock,mock-target-cluster
iter55:pp14:dp_ag0:round0:dp_param_allgather:pg=29:rel-c6b648fb20cd,0,765550,15183758,15183758,765550,14418208,mock_oisa_scale_1.2,mock,mock-target-cluster
iter55:pp15:dp_ag0:round0:dp_param_allgather:pg=31:rel-a0f88cdd625a,0,2570203,18044373,18044373,2570203,15474170,mock_oisa_scale_1.2,mock,mock-target-cluster
iter55:pp0:edp_ag0:round0:expert_dp_param_allgather:pg=1043:rel-5a4de837dcfb,0,14032,16268694,16268694,14032,16254662,mock_oisa_scale_1.2,mock,mock-target-cluster
iter55:pp0:edp_ag0:round0:expert_dp_param_allgather:pg=1045:rel-2ba71f72ccf8,0,42794,17667672,17667672,42794,17624878,mock_oisa_scale_1.2,mock,mock-target-cluster
iter55:pp0:edp_ag0:round0:expert_dp_param_allgather:pg=1047:rel-2d4614edfbaf,0,4731,16472661,16472661,4731,16467930,mock_oisa_scale_1.2,mock,mock-target-cluster
iter55:pp0:edp_ag0:round0:expert_dp_param_allgather:pg=1049:rel-4a390925a6ed,0,21330,15861896,15861896,21330,15840566,mock_oisa_scale_1.2,mock,mock-target-cluster
iter55:pp0:edp_ag0:round0:expert_dp_param_allgather:pg=1051:rel-e64473bf8f18,0,45681,18821727,18821727,45681,18776046,mock_oisa_scale_1.2,mock,mock-target-cluster
iter55:pp0:edp_ag0:round0:expert_dp_param_allgather:pg=1053:rel-5b5257db7b88,0,58270,16590962,16590962,58270,16532692,mock_oisa_scale_1.2,mock,mock-target-cluster
iter55:pp0:edp_ag0:round0:expert_dp_param_allgather:pg=1055:rel-9907cd20fb9f,0,13746,17502611,17502611,13746,17488865,mock_oisa_scale_1.2,mock,mock-target-cluster
iter55:pp0:edp_ag0:round0:expert_dp_param_allgather:pg=1057:rel-6bb0604e8791,0,5503,16318230,16318230,5503,16312727,mock_oisa_scale_1.2,mock,mock-target-cluster
iter55:pp1:edp_ag0:round0:expert_dp_param_allgather:pg=1059:rel-cc60a5310cc1,0,10255,65443267,65443267,10255,65433012,mock_oisa_scale_1.2,mock,mock-target-cluster
iter55:pp1:edp_ag0:round0:expert_dp_param_allgather:pg=1061:rel-ec7d9f048ff6,0,34109,64892735,64892735,34109,64858626,mock_oisa_scale_1.2,mock,mock-target-cluster
iter55:pp1:edp_ag0:round0:expert_dp_param_allgather:pg=1063:rel-caeba63cfc85,0,71965,63154353,63154353,71965,63082388,mock_oisa_scale_1.2,mock,mock-target-cluster
iter55:pp1:edp_ag0:round0:expert_dp_param_allgather:pg=1065:rel-f92ed78f7ef1,0,26620,66830698,66830698,26620,66804078,mock_oisa_scale_1.2,mock,mock-target-cluster
iter55:pp1:edp_ag0:round0:expert_dp_param_allgather:pg=1067:rel-c96b3db4e3f4,0,67299,65230143,65230143,67299,65162844,mock_oisa_scale_1.2,mock,mock-target-cluster
iter55:pp1:edp_ag0:round0:expert_dp_param_allgather:pg=1069:rel-157d4fbd9b06,0,90552,65208950,65208950,90552,65118398,mock_oisa_scale_1.2,mock,mock-target-cluster
iter55:pp1:edp_ag0:round0:expert_dp_param_allgather:pg=1071:rel-8fc1a6d628d4,0,88794,70816397,70816397,88794,70727603,mock_oisa_scale_1.2,mock,mock-target-cluster
iter55:pp1:edp_ag0:round0:expert_dp_param_allgather:pg=1073:rel-32bfd1c04011,0,29505,63926600,63926600,29505,63897095,mock_oisa_scale_1.2,mock,mock-target-cluster
iter55:pp2:edp_ag0:round0:expert_dp_param_allgather:pg=1075:rel-5b4547d0e049,0,40549,65300240,65300240,40549,65259691,mock_oisa_scale_1.2,mock,mock-target-cluster
iter55:pp2:edp_ag0:round0:expert_dp_param_allgather:pg=1077:rel-a0e484fa5e53,0,10777,65322906,65322906,10777,65312129,mock_oisa_scale_1.2,mock,mock-target-cluster
iter55:pp2:edp_ag0:round0:expert_dp_param_allgather:pg=1079:rel-fafe2df22a7e,0,118477,65548466,65548466,118477,65429989,mock_oisa_scale_1.2,mock,mock-target-cluster
iter55:pp2:edp_ag0:round0:expert_dp_param_allgather:pg=1081:rel-1dab2e473f4d,0,91961,70457170,70457170,91961,70365209,mock_oisa_scale_1.2,mock,mock-target-cluster
iter55:pp2:edp_ag0:round0:expert_dp_param_allgather:pg=1083:rel-17325c0e9458,0,89207,65843416,65843416,89207,65754209,mock_oisa_scale_1.2,mock,mock-target-cluster
iter55:pp2:edp_ag0:round0:expert_dp_param_allgather:pg=1085:rel-5d083a806e10,0,42518,70071313,70071313,42518,70028795,mock_oisa_scale_1.2,mock,mock-target-cluster
iter55:pp2:edp_ag0:round0:expert_dp_param_allgather:pg=1087:rel-10f1438e0165,0,44798,67086592,67086592,44798,67041794,mock_oisa_scale_1.2,mock,mock-target-cluster
iter55:pp2:edp_ag0:round0:expert_dp_param_allgather:pg=1089:rel-41dba3a946de,0,20656,64311032,64311032,20656,64290376,mock_oisa_scale_1.2,mock,mock-target-cluster
iter55:pp3:edp_ag0:round0:expert_dp_param_allgather:pg=1091:rel-7bf4699cb51b,0,95472,64534604,64534604,95472,64439132,mock_oisa_scale_1.2,mock,mock-target-cluster
iter55:pp3:edp_ag0:round0:expert_dp_param_allgather:pg=1093:rel-d352adc78f6c,0,30206,74346157,74346157,30206,74315951,mock_oisa_scale_1.2,mock,mock-target-cluster
iter55:pp3:edp_ag0:round0:expert_dp_param_allgather:pg=1095:rel-b529833f27c9,0,20911,64637433,64637433,20911,64616522,mock_oisa_scale_1.2,mock,mock-target-cluster
iter55:pp3:edp_ag0:round0:expert_dp_param_allgather:pg=1097:rel-dd6608609004,0,13281,64614599,64614599,13281,64601318,mock_oisa_scale_1.2,mock,mock-target-cluster
iter55:pp3:edp_ag0:round0:expert_dp_param_allgather:pg=1099:rel-c80c37f344ed,0,14567,64738479,64738479,14567,64723912,mock_oisa_scale_1.2,mock,mock-target-cluster
iter55:pp3:edp_ag0:round0:expert_dp_param_allgather:pg=1101:rel-1a01390f6ba3,0,23917,74865359,74865359,23917,74841442,mock_oisa_scale_1.2,mock,mock-target-cluster
iter55:pp3:edp_ag0:round0:expert_dp_param_allgather:pg=1103:rel-0c0d60592934,0,19047,65081611,65081611,19047,65062564,mock_oisa_scale_1.2,mock,mock-target-cluster
iter55:pp3:edp_ag0:round0:expert_dp_param_allgather:pg=1105:rel-fe4000499248,0,14890,64281924,64281924,14890,64267034,mock_oisa_scale_1.2,mock,mock-target-cluster
iter55:pp4:edp_ag0:round0:expert_dp_param_allgather:pg=1107:rel-6b8d067ad542,0,58506,63091825,63091825,58506,63033319,mock_oisa_scale_1.2,mock,mock-target-cluster
iter55:pp4:edp_ag0:round0:expert_dp_param_allgather:pg=1109:rel-8a95bf886d89,0,72152,62839569,62839569,72152,62767417,mock_oisa_scale_1.2,mock,mock-target-cluster
iter55:pp4:edp_ag0:round0:expert_dp_param_allgather:pg=1111:rel-894d7cc976cd,0,93927,64485055,64485055,93927,64391128,mock_oisa_scale_1.2,mock,mock-target-cluster
iter55:pp4:edp_ag0:round0:expert_dp_param_allgather:pg=1113:rel-180019d5d960,0,29631,66676058,66676058,29631,66646427,mock_oisa_scale_1.2,mock,mock-target-cluster
iter55:pp4:edp_ag0:round0:expert_dp_param_allgather:pg=1115:rel-53220f3e4ef2,0,132184,64454752,64454752,132184,64322568,mock_oisa_scale_1.2,mock,mock-target-cluster
iter55:pp4:edp_ag0:round0:expert_dp_param_allgather:pg=1117:rel-9c454eaa1092,0,9841,74495167,74495167,9841,74485326,mock_oisa_scale_1.2,mock,mock-target-cluster
iter55:pp4:edp_ag0:round0:expert_dp_param_allgather:pg=1119:rel-c2df285c0b88,0,115057,66050204,66050204,115057,65935147,mock_oisa_scale_1.2,mock,mock-target-cluster
iter55:pp4:edp_ag0:round0:expert_dp_param_allgather:pg=1121:rel-d07b70caad90,0,112640,63878971,63878971,112640,63766331,mock_oisa_scale_1.2,mock,mock-target-cluster
iter55:pp5:edp_ag0:round0:expert_dp_param_allgather:pg=1123:rel-8b86f5ebcada,0,45387,64612778,64612778,45387,64567391,mock_oisa_scale_1.2,mock,mock-target-cluster
iter55:pp5:edp_ag0:round0:expert_dp_param_allgather:pg=1125:rel-bfd55544447f,0,66944,66259566,66259566,66944,66192622,mock_oisa_scale_1.2,mock,mock-target-cluster
iter55:pp5:edp_ag0:round0:expert_dp_param_allgather:pg=1127:rel-802f21c9f1aa,0,99668,64535588,64535588,99668,64435920,mock_oisa_scale_1.2,mock,mock-target-cluster
iter55:pp5:edp_ag0:round0:expert_dp_param_allgather:pg=1129:rel-aac63d5a2902,0,31886,65241855,65241855,31886,65209969,mock_oisa_scale_1.2,mock,mock-target-cluster
iter55:pp5:edp_ag0:round0:expert_dp_param_allgather:pg=1131:rel-94f0f19eb056,0,70052,62416797,62416797,70052,62346745,mock_oisa_scale_1.2,mock,mock-target-cluster
iter55:pp5:edp_ag0:round0:expert_dp_param_allgather:pg=1133:rel-0eb487246599,0,47933,65308895,65308895,47933,65260962,mock_oisa_scale_1.2,mock,mock-target-cluster
iter55:pp5:edp_ag0:round0:expert_dp_param_allgather:pg=1135:rel-a56a8b9f2703,0,140005,63982368,63982368,140005,63842363,mock_oisa_scale_1.2,mock,mock-target-cluster
iter55:pp5:edp_ag0:round0:expert_dp_param_allgather:pg=1137:rel-303491caef9f,0,109575,70067195,70067195,109575,69957620,mock_oisa_scale_1.2,mock,mock-target-cluster
iter55:pp6:edp_ag0:round0:expert_dp_param_allgather:pg=1139:rel-e35efba9b8da,0,63595,63734253,63734253,63595,63670658,mock_oisa_scale_1.2,mock,mock-target-cluster
iter55:pp6:edp_ag0:round0:expert_dp_param_allgather:pg=1141:rel-00d06647e16c,0,57853,71988417,71988417,57853,71930564,mock_oisa_scale_1.2,mock,mock-target-cluster
iter55:pp6:edp_ag0:round0:expert_dp_param_allgather:pg=1143:rel-80b6abe6db21,0,31813,62797755,62797755,31813,62765942,mock_oisa_scale_1.2,mock,mock-target-cluster
iter55:pp6:edp_ag0:round0:expert_dp_param_allgather:pg=1145:rel-6d3857e8cc03,0,37061,73189824,73189824,37061,73152763,mock_oisa_scale_1.2,mock,mock-target-cluster
iter55:pp6:edp_ag0:round0:expert_dp_param_allgather:pg=1147:rel-ea760f2401ed,0,39148,64373938,64373938,39148,64334790,mock_oisa_scale_1.2,mock,mock-target-cluster
iter55:pp6:edp_ag0:round0:expert_dp_param_allgather:pg=1149:rel-08b147d61e9d,0,8905,65064567,65064567,8905,65055662,mock_oisa_scale_1.2,mock,mock-target-cluster
iter55:pp6:edp_ag0:round0:expert_dp_param_allgather:pg=1151:rel-419ec6fa4148,0,38295,69468032,69468032,38295,69429737,mock_oisa_scale_1.2,mock,mock-target-cluster
iter55:pp6:edp_ag0:round0:expert_dp_param_allgather:pg=1153:rel-6f5d77996879,0,47115,64782935,64782935,47115,64735820,mock_oisa_scale_1.2,mock,mock-target-cluster
iter55:pp7:edp_ag0:round0:expert_dp_param_allgather:pg=1155:rel-f806dca159fb,0,119686,64147797,64147797,119686,64028111,mock_oisa_scale_1.2,mock,mock-target-cluster
iter55:pp7:edp_ag0:round0:expert_dp_param_allgather:pg=1157:rel-4bfd6164d5fc,0,11754,76342858,76342858,11754,76331104,mock_oisa_scale_1.2,mock,mock-target-cluster
iter55:pp7:edp_ag0:round0:expert_dp_param_allgather:pg=1159:rel-6000dd7261a5,0,14136,64851752,64851752,14136,64837616,mock_oisa_scale_1.2,mock,mock-target-cluster
iter55:pp7:edp_ag0:round0:expert_dp_param_allgather:pg=1161:rel-4ff79bacaf1a,0,72396,63846488,63846488,72396,63774092,mock_oisa_scale_1.2,mock,mock-target-cluster
iter55:pp7:edp_ag0:round0:expert_dp_param_allgather:pg=1163:rel-b68f0ea82dde,0,20159,65744197,65744197,20159,65724038,mock_oisa_scale_1.2,mock,mock-target-cluster
iter55:pp7:edp_ag0:round0:expert_dp_param_allgather:pg=1165:rel-7677d199efcc,0,69500,65139225,65139225,69500,65069725,mock_oisa_scale_1.2,mock,mock-target-cluster
iter55:pp7:edp_ag0:round0:expert_dp_param_allgather:pg=1167:rel-7b2d49f325f2,0,67794,64725068,64725068,67794,64657274,mock_oisa_scale_1.2,mock,mock-target-cluster
iter55:pp7:edp_ag0:round0:expert_dp_param_allgather:pg=1169:rel-0c4d86b83c8f,0,97077,67411511,67411511,97077,67314434,mock_oisa_scale_1.2,mock,mock-target-cluster
iter55:pp8:edp_ag0:round0:expert_dp_param_allgather:pg=1171:rel-d5ab845f2ff4,0,11416,63791952,63791952,11416,63780536,mock_oisa_scale_1.2,mock,mock-target-cluster
iter55:pp8:edp_ag0:round0:expert_dp_param_allgather:pg=1173:rel-53aac181c2a0,0,38275,63871493,63871493,38275,63833218,mock_oisa_scale_1.2,mock,mock-target-cluster
iter55:pp8:edp_ag0:round0:expert_dp_param_allgather:pg=1175:rel-61d4025f1b2d,0,1201,69747320,69747320,1201,69746119,mock_oisa_scale_1.2,mock,mock-target-cluster
iter55:pp8:edp_ag0:round0:expert_dp_param_allgather:pg=1177:rel-cf29f87c991e,0,13621,65327029,65327029,13621,65313408,mock_oisa_scale_1.2,mock,mock-target-cluster
iter55:pp8:edp_ag0:round0:expert_dp_param_allgather:pg=1179:rel-0f67601f27dd,0,32263,63783473,63783473,32263,63751210,mock_oisa_scale_1.2,mock,mock-target-cluster
iter55:pp8:edp_ag0:round0:expert_dp_param_allgather:pg=1181:rel-79aa71a47e1c,0,37137,64919230,64919230,37137,64882093,mock_oisa_scale_1.2,mock,mock-target-cluster
iter55:pp8:edp_ag0:round0:expert_dp_param_allgather:pg=1183:rel-fa5e8c802bfb,0,30329,64528048,64528048,30329,64497719,mock_oisa_scale_1.2,mock,mock-target-cluster
iter55:pp8:edp_ag0:round0:expert_dp_param_allgather:pg=1185:rel-eca6286af19c,0,26497,62975937,62975937,26497,62949440,mock_oisa_scale_1.2,mock,mock-target-cluster
iter55:pp9:edp_ag0:round0:expert_dp_param_allgather:pg=1187:rel-f706eec20a90,0,7279,61704371,61704371,7279,61697092,mock_oisa_scale_1.2,mock,mock-target-cluster
iter55:pp9:edp_ag0:round0:expert_dp_param_allgather:pg=1189:rel-174989488d9b,0,66572,64958140,64958140,66572,64891568,mock_oisa_scale_1.2,mock,mock-target-cluster
iter55:pp9:edp_ag0:round0:expert_dp_param_allgather:pg=1191:rel-fc858d5957ff,0,125344,62027906,62027906,125344,61902562,mock_oisa_scale_1.2,mock,mock-target-cluster
iter55:pp9:edp_ag0:round0:expert_dp_param_allgather:pg=1193:rel-29d85c8f8b79,0,34536,65345182,65345182,34536,65310646,mock_oisa_scale_1.2,mock,mock-target-cluster
iter55:pp9:edp_ag0:round0:expert_dp_param_allgather:pg=1195:rel-5d180db34996,0,113786,64645141,64645141,113786,64531355,mock_oisa_scale_1.2,mock,mock-target-cluster
iter55:pp9:edp_ag0:round0:expert_dp_param_allgather:pg=1197:rel-a2d554ea8b13,0,23120,63656186,63656186,23120,63633066,mock_oisa_scale_1.2,mock,mock-target-cluster
iter55:pp9:edp_ag0:round0:expert_dp_param_allgather:pg=1199:rel-7fe1694dce61,0,130247,69209275,69209275,130247,69079028,mock_oisa_scale_1.2,mock,mock-target-cluster
iter55:pp9:edp_ag0:round0:expert_dp_param_allgather:pg=1201:rel-e95480e95a51,0,92306,61596943,61596943,92306,61504637,mock_oisa_scale_1.2,mock,mock-target-cluster
iter55:pp10:edp_ag0:round0:expert_dp_param_allgather:pg=1203:rel-ae73c57b2ecd,0,103880,64297755,64297755,103880,64193875,mock_oisa_scale_1.2,mock,mock-target-cluster
iter55:pp10:edp_ag0:round0:expert_dp_param_allgather:pg=1205:rel-fc33986fb699,0,109611,62695792,62695792,109611,62586181,mock_oisa_scale_1.2,mock,mock-target-cluster
iter55:pp10:edp_ag0:round0:expert_dp_param_allgather:pg=1207:rel-79d8ed353ecc,0,145445,64912242,64912242,145445,64766797,mock_oisa_scale_1.2,mock,mock-target-cluster
iter55:pp10:edp_ag0:round0:expert_dp_param_allgather:pg=1209:rel-c2f47636ec20,0,53844,64171777,64171777,53844,64117933,mock_oisa_scale_1.2,mock,mock-target-cluster
iter55:pp10:edp_ag0:round0:expert_dp_param_allgather:pg=1211:rel-64b6c744603e,0,130898,63828223,63828223,130898,63697325,mock_oisa_scale_1.2,mock,mock-target-cluster
iter55:pp10:edp_ag0:round0:expert_dp_param_allgather:pg=1213:rel-52a4083387f7,0,47651,64554874,64554874,47651,64507223,mock_oisa_scale_1.2,mock,mock-target-cluster
iter55:pp10:edp_ag0:round0:expert_dp_param_allgather:pg=1215:rel-a807ea6428f3,0,147611,64512413,64512413,147611,64364802,mock_oisa_scale_1.2,mock,mock-target-cluster
iter55:pp10:edp_ag0:round0:expert_dp_param_allgather:pg=1217:rel-7a88f450e516,0,110503,66233011,66233011,110503,66122508,mock_oisa_scale_1.2,mock,mock-target-cluster
iter55:pp11:edp_ag0:round0:expert_dp_param_allgather:pg=1219:rel-32eb477ce516,0,63149,64218744,64218744,63149,64155595,mock_oisa_scale_1.2,mock,mock-target-cluster
iter55:pp11:edp_ag0:round0:expert_dp_param_allgather:pg=1221:rel-a7fd89ab7587,0,50323,66601470,66601470,50323,66551147,mock_oisa_scale_1.2,mock,mock-target-cluster
iter55:pp11:edp_ag0:round0:expert_dp_param_allgather:pg=1223:rel-738f50875c18,0,70838,63947004,63947004,70838,63876166,mock_oisa_scale_1.2,mock,mock-target-cluster
iter55:pp11:edp_ag0:round0:expert_dp_param_allgather:pg=1225:rel-f8629c86b379,0,5385,67061743,67061743,5385,67056358,mock_oisa_scale_1.2,mock,mock-target-cluster
iter55:pp11:edp_ag0:round0:expert_dp_param_allgather:pg=1227:rel-60f910e96691,0,62290,72995586,72995586,62290,72933296,mock_oisa_scale_1.2,mock,mock-target-cluster
iter55:pp11:edp_ag0:round0:expert_dp_param_allgather:pg=1229:rel-8f2c568100f9,0,77129,63978699,63978699,77129,63901570,mock_oisa_scale_1.2,mock,mock-target-cluster
iter55:pp11:edp_ag0:round0:expert_dp_param_allgather:pg=1231:rel-8c87961387df,0,9668,63437058,63437058,9668,63427390,mock_oisa_scale_1.2,mock,mock-target-cluster
iter55:pp11:edp_ag0:round0:expert_dp_param_allgather:pg=1233:rel-7b30f721a471,0,17536,62803976,62803976,17536,62786440,mock_oisa_scale_1.2,mock,mock-target-cluster
iter55:pp12:edp_ag0:round0:expert_dp_param_allgather:pg=1235:rel-649c05ef65ef,0,47942,64928702,64928702,47942,64880760,mock_oisa_scale_1.2,mock,mock-target-cluster
iter55:pp12:edp_ag0:round0:expert_dp_param_allgather:pg=1237:rel-76ff89b687d3,0,34296,68173550,68173550,34296,68139254,mock_oisa_scale_1.2,mock,mock-target-cluster
iter55:pp12:edp_ag0:round0:expert_dp_param_allgather:pg=1239:rel-ec7e7d455b16,0,45915,65940907,65940907,45915,65894992,mock_oisa_scale_1.2,mock,mock-target-cluster
iter55:pp12:edp_ag0:round0:expert_dp_param_allgather:pg=1241:rel-2a6f19b330ad,0,46231,63546822,63546822,46231,63500591,mock_oisa_scale_1.2,mock,mock-target-cluster
iter55:pp12:edp_ag0:round0:expert_dp_param_allgather:pg=1243:rel-422e226e5e32,0,56532,65479316,65479316,56532,65422784,mock_oisa_scale_1.2,mock,mock-target-cluster
iter55:pp12:edp_ag0:round0:expert_dp_param_allgather:pg=1245:rel-850ee00b792f,0,49192,65094272,65094272,49192,65045080,mock_oisa_scale_1.2,mock,mock-target-cluster
iter55:pp12:edp_ag0:round0:expert_dp_param_allgather:pg=1247:rel-e2342fa2763d,0,9050,64894172,64894172,9050,64885122,mock_oisa_scale_1.2,mock,mock-target-cluster
iter55:pp12:edp_ag0:round0:expert_dp_param_allgather:pg=1249:rel-3e243beef854,0,9521,67490616,67490616,9521,67481095,mock_oisa_scale_1.2,mock,mock-target-cluster
iter55:pp13:edp_ag0:round0:expert_dp_param_allgather:pg=1251:rel-062609bab5cd,0,14806,64434264,64434264,14806,64419458,mock_oisa_scale_1.2,mock,mock-target-cluster
iter55:pp13:edp_ag0:round0:expert_dp_param_allgather:pg=1253:rel-81297033d10c,0,100929,70267127,70267127,100929,70166198,mock_oisa_scale_1.2,mock,mock-target-cluster
iter55:pp13:edp_ag0:round0:expert_dp_param_allgather:pg=1255:rel-685bfdc0bb09,0,63571,63198236,63198236,63571,63134665,mock_oisa_scale_1.2,mock,mock-target-cluster
iter55:pp13:edp_ag0:round0:expert_dp_param_allgather:pg=1257:rel-96d1f7a66074,0,61420,64849526,64849526,61420,64788106,mock_oisa_scale_1.2,mock,mock-target-cluster
iter55:pp13:edp_ag0:round0:expert_dp_param_allgather:pg=1259:rel-76d59a51654e,0,46270,64653935,64653935,46270,64607665,mock_oisa_scale_1.2,mock,mock-target-cluster
iter55:pp13:edp_ag0:round0:expert_dp_param_allgather:pg=1261:rel-0c04a2707d64,0,34589,62885213,62885213,34589,62850624,mock_oisa_scale_1.2,mock,mock-target-cluster
iter55:pp13:edp_ag0:round0:expert_dp_param_allgather:pg=1263:rel-ace63aee3601,0,29412,66304249,66304249,29412,66274837,mock_oisa_scale_1.2,mock,mock-target-cluster
iter55:pp13:edp_ag0:round0:expert_dp_param_allgather:pg=1265:rel-93d8251ed231,0,16169,62451346,62451346,16169,62435177,mock_oisa_scale_1.2,mock,mock-target-cluster
iter55:pp14:edp_ag0:round0:expert_dp_param_allgather:pg=1267:rel-1c21708c328f,0,58026,69658250,69658250,58026,69600224,mock_oisa_scale_1.2,mock,mock-target-cluster
iter55:pp14:edp_ag0:round0:expert_dp_param_allgather:pg=1269:rel-100bd789c62a,0,164152,64650569,64650569,164152,64486417,mock_oisa_scale_1.2,mock,mock-target-cluster
iter55:pp14:edp_ag0:round0:expert_dp_param_allgather:pg=1271:rel-bc71fa44c240,0,197627,64775809,64775809,197627,64578182,mock_oisa_scale_1.2,mock,mock-target-cluster
iter55:pp14:edp_ag0:round0:expert_dp_param_allgather:pg=1273:rel-65b3a91bcf0b,0,173652,69234668,69234668,173652,69061016,mock_oisa_scale_1.2,mock,mock-target-cluster
iter55:pp14:edp_ag0:round0:expert_dp_param_allgather:pg=1275:rel-4a1592f2994b,0,221603,63167679,63167679,221603,62946076,mock_oisa_scale_1.2,mock,mock-target-cluster
iter55:pp14:edp_ag0:round0:expert_dp_param_allgather:pg=1277:rel-11db0c62e9d9,0,83096,74927016,74927016,83096,74843920,mock_oisa_scale_1.2,mock,mock-target-cluster
iter55:pp14:edp_ag0:round0:expert_dp_param_allgather:pg=1279:rel-cf8e0bcdac9c,0,87570,80024659,80024659,87570,79937089,mock_oisa_scale_1.2,mock,mock-target-cluster
iter55:pp14:edp_ag0:round0:expert_dp_param_allgather:pg=1281:rel-ca419ae6c15a,0,2330,75611846,75611846,2330,75609516,mock_oisa_scale_1.2,mock,mock-target-cluster
iter55:pp15:edp_ag0:round0:expert_dp_param_allgather:pg=1283:rel-15f5dc08a454,0,11340,32377888,32377888,11340,32366548,mock_oisa_scale_1.2,mock,mock-target-cluster
iter55:pp15:edp_ag0:round0:expert_dp_param_allgather:pg=1285:rel-b1f928dcccd8,0,75347,35093201,35093201,75347,35017854,mock_oisa_scale_1.2,mock,mock-target-cluster
iter55:pp15:edp_ag0:round0:expert_dp_param_allgather:pg=1287:rel-d1f927401e2a,0,119459,34958842,34958842,119459,34839383,mock_oisa_scale_1.2,mock,mock-target-cluster
iter55:pp15:edp_ag0:round0:expert_dp_param_allgather:pg=1289:rel-e2cdf9d9777b,0,80659,32462931,32462931,80659,32382272,mock_oisa_scale_1.2,mock,mock-target-cluster
iter55:pp15:edp_ag0:round0:expert_dp_param_allgather:pg=1291:rel-80bff1676ad1,0,80371,33133001,33133001,80371,33052630,mock_oisa_scale_1.2,mock,mock-target-cluster
iter55:pp15:edp_ag0:round0:expert_dp_param_allgather:pg=1293:rel-9c74e653501d,0,73363,37268893,37268893,73363,37195530,mock_oisa_scale_1.2,mock,mock-target-cluster
iter55:pp15:edp_ag0:round0:expert_dp_param_allgather:pg=1295:rel-cf47a90ea6d0,0,75975,31976639,31976639,75975,31900664,mock_oisa_scale_1.2,mock,mock-target-cluster
iter55:pp15:edp_ag0:round0:expert_dp_param_allgather:pg=1297:rel-833e0811a000,0,69836,32211561,32211561,69836,32141725,mock_oisa_scale_1.2,mock,mock-target-cluster
iter55:pp0:dp_ag1:round1:dp_param_allgather:pg=1:rel-14d6fcda815c,0,3802871,17660656,17660656,3802871,13857785,mock_oisa_scale_1.2,mock,mock-target-cluster
iter55:pp1:dp_ag1:round1:dp_param_allgather:pg=3:rel-a207e230f823,0,10008206,18798433,18798433,10008206,8790227,mock_oisa_scale_1.2,mock,mock-target-cluster
iter55:pp2:dp_ag1:round1:dp_param_allgather:pg=5:rel-3f3393459987,0,6472653,15631286,15631286,6472653,9158633,mock_oisa_scale_1.2,mock,mock-target-cluster
iter55:pp3:dp_ag1:round1:dp_param_allgather:pg=7:rel-e36029ae4414,0,11575967,20424895,20424895,11575967,8848928,mock_oisa_scale_1.2,mock,mock-target-cluster
iter55:pp4:dp_ag1:round1:dp_param_allgather:pg=9:rel-a641a55d4297,0,12083991,20922415,20922415,12083991,8838424,mock_oisa_scale_1.2,mock,mock-target-cluster
iter55:pp5:dp_ag1:round1:dp_param_allgather:pg=11:rel-86278b1208e7,0,8334406,17336688,17336688,8334406,9002282,mock_oisa_scale_1.2,mock,mock-target-cluster
iter55:pp6:dp_ag1:round1:dp_param_allgather:pg=13:rel-1b9fedca1a48,0,11629490,20744990,20744990,11629490,9115500,mock_oisa_scale_1.2,mock,mock-target-cluster
iter55:pp7:dp_ag1:round1:dp_param_allgather:pg=15:rel-5d59b0cffefb,0,13551637,22444494,22444494,13551637,8892857,mock_oisa_scale_1.2,mock,mock-target-cluster
iter55:pp8:dp_ag1:round1:dp_param_allgather:pg=17:rel-9d5de9519f1d,0,8025258,17346744,17346744,8025258,9321486,mock_oisa_scale_1.2,mock,mock-target-cluster
iter55:pp9:dp_ag1:round1:dp_param_allgather:pg=19:rel-58a01f75f14a,0,7988140,16949378,16949378,7988140,8961238,mock_oisa_scale_1.2,mock,mock-target-cluster
iter55:pp10:dp_ag1:round1:dp_param_allgather:pg=21:rel-0b0477a6aac6,0,4693940,13412613,13412613,4693940,8718673,mock_oisa_scale_1.2,mock,mock-target-cluster
iter55:pp11:dp_ag1:round1:dp_param_allgather:pg=23:rel-7054b2041755,0,9905401,18981775,18981775,9905401,9076374,mock_oisa_scale_1.2,mock,mock-target-cluster
iter55:pp12:dp_ag1:round1:dp_param_allgather:pg=25:rel-b7a4e66b45a6,0,4824526,13713734,13713734,4824526,8889208,mock_oisa_scale_1.2,mock,mock-target-cluster
iter55:pp13:dp_ag1:round1:dp_param_allgather:pg=27:rel-b898e9d947e6,0,7851562,16827866,16827866,7851562,8976304,mock_oisa_scale_1.2,mock,mock-target-cluster
iter55:pp14:dp_ag1:round1:dp_param_allgather:pg=29:rel-a555ff219e97,0,17534559,30179599,30179599,17534559,12645040,mock_oisa_scale_1.2,mock,mock-target-cluster
iter55:pp15:dp_ag1:round1:dp_param_allgather:pg=31:rel-7fa25f3168e8,0,5237206,17849801,17849801,5237206,12612595,mock_oisa_scale_1.2,mock,mock-target-cluster
iter55:pp0:edp_ag1:round1:expert_dp_param_allgather:pg=1043:rel-241f7ef3644e,0,18274,15944523,15944523,18274,15926249,mock_oisa_scale_1.2,mock,mock-target-cluster
iter55:pp0:edp_ag1:round1:expert_dp_param_allgather:pg=1045:rel-dfa3503839cf,0,19133,15920011,15920011,19133,15900878,mock_oisa_scale_1.2,mock,mock-target-cluster
iter55:pp0:edp_ag1:round1:expert_dp_param_allgather:pg=1047:rel-5c6a5ac45538,0,27623,17530727,17530727,27623,17503104,mock_oisa_scale_1.2,mock,mock-target-cluster
iter55:pp0:edp_ag1:round1:expert_dp_param_allgather:pg=1049:rel-f1ee8da6f248,0,18304,16737639,16737639,18304,16719335,mock_oisa_scale_1.2,mock,mock-target-cluster
iter55:pp0:edp_ag1:round1:expert_dp_param_allgather:pg=1051:rel-d389b0487db2,0,14865,19229173,19229173,14865,19214308,mock_oisa_scale_1.2,mock,mock-target-cluster
iter55:pp0:edp_ag1:round1:expert_dp_param_allgather:pg=1053:rel-43ee9ab24684,0,101187,16474570,16474570,101187,16373383,mock_oisa_scale_1.2,mock,mock-target-cluster
iter55:pp0:edp_ag1:round1:expert_dp_param_allgather:pg=1055:rel-2f7e76052478,0,35119,15803034,15803034,35119,15767915,mock_oisa_scale_1.2,mock,mock-target-cluster
iter55:pp0:edp_ag1:round1:expert_dp_param_allgather:pg=1057:rel-9ccc1afd2bcf,0,2893,17583811,17583811,2893,17580918,mock_oisa_scale_1.2,mock,mock-target-cluster
iter55:pp1:edp_ag1:round1:expert_dp_param_allgather:pg=1059:rel-e92df965e193,0,2911,69496616,69496616,2911,69493705,mock_oisa_scale_1.2,mock,mock-target-cluster
iter55:pp1:edp_ag1:round1:expert_dp_param_allgather:pg=1061:rel-9930cdcebcf9,0,67070,62744726,62744726,67070,62677656,mock_oisa_scale_1.2,mock,mock-target-cluster
iter55:pp1:edp_ag1:round1:expert_dp_param_allgather:pg=1063:rel-b7ca74b087fa,0,24586,64228169,64228169,24586,64203583,mock_oisa_scale_1.2,mock,mock-target-cluster
iter55:pp1:edp_ag1:round1:expert_dp_param_allgather:pg=1065:rel-8b237926f52c,0,68558,65425290,65425290,68558,65356732,mock_oisa_scale_1.2,mock,mock-target-cluster
iter55:pp1:edp_ag1:round1:expert_dp_param_allgather:pg=1067:rel-ba2f51280233,0,65056,66114080,66114080,65056,66049024,mock_oisa_scale_1.2,mock,mock-target-cluster
iter55:pp1:edp_ag1:round1:expert_dp_param_allgather:pg=1069:rel-953dfa37226a,0,89256,63135431,63135431,89256,63046175,mock_oisa_scale_1.2,mock,mock-target-cluster
iter55:pp1:edp_ag1:round1:expert_dp_param_allgather:pg=1071:rel-64f80fcff21b,0,54488,65742082,65742082,54488,65687594,mock_oisa_scale_1.2,mock,mock-target-cluster
iter55:pp1:edp_ag1:round1:expert_dp_param_allgather:pg=1073:rel-b9e45399e4ae,0,85631,62945220,62945220,85631,62859589,mock_oisa_scale_1.2,mock,mock-target-cluster
iter55:pp2:edp_ag1:round1:expert_dp_param_allgather:pg=1075:rel-76ff5ab1d832,0,49276,65449247,65449247,49276,65399971,mock_oisa_scale_1.2,mock,mock-target-cluster
iter55:pp2:edp_ag1:round1:expert_dp_param_allgather:pg=1077:rel-7f75e1034643,0,41431,63860287,63860287,41431,63818856,mock_oisa_scale_1.2,mock,mock-target-cluster
iter55:pp2:edp_ag1:round1:expert_dp_param_allgather:pg=1079:rel-d592d89a5803,0,90855,64600585,64600585,90855,64509730,mock_oisa_scale_1.2,mock,mock-target-cluster
iter55:pp2:edp_ag1:round1:expert_dp_param_allgather:pg=1081:rel-2aef0524462d,0,103151,62656863,62656863,103151,62553712,mock_oisa_scale_1.2,mock,mock-target-cluster
iter55:pp2:edp_ag1:round1:expert_dp_param_allgather:pg=1083:rel-76a44b178a6d,0,70025,64680173,64680173,70025,64610148,mock_oisa_scale_1.2,mock,mock-target-cluster
iter55:pp2:edp_ag1:round1:expert_dp_param_allgather:pg=1085:rel-02ee7790c08a,0,65614,63944378,63944378,65614,63878764,mock_oisa_scale_1.2,mock,mock-target-cluster
iter55:pp2:edp_ag1:round1:expert_dp_param_allgather:pg=1087:rel-1d1331dae3e1,0,57265,62515680,62515680,57265,62458415,mock_oisa_scale_1.2,mock,mock-target-cluster
iter55:pp2:edp_ag1:round1:expert_dp_param_allgather:pg=1089:rel-bda990ae0c11,0,70902,67531261,67531261,70902,67460359,mock_oisa_scale_1.2,mock,mock-target-cluster
iter55:pp3:edp_ag1:round1:expert_dp_param_allgather:pg=1091:rel-0f064e9c7ff5,0,88236,63118663,63118663,88236,63030427,mock_oisa_scale_1.2,mock,mock-target-cluster
iter55:pp3:edp_ag1:round1:expert_dp_param_allgather:pg=1093:rel-1fd99d97a142,0,31692,74245883,74245883,31692,74214191,mock_oisa_scale_1.2,mock,mock-target-cluster
iter55:pp3:edp_ag1:round1:expert_dp_param_allgather:pg=1095:rel-3ab8c3827bc5,0,85429,63634847,63634847,85429,63549418,mock_oisa_scale_1.2,mock,mock-target-cluster
iter55:pp3:edp_ag1:round1:expert_dp_param_allgather:pg=1097:rel-ee4e6b3b91f9,0,10886,62730928,62730928,10886,62720042,mock_oisa_scale_1.2,mock,mock-target-cluster
iter55:pp3:edp_ag1:round1:expert_dp_param_allgather:pg=1099:rel-ffc4bf8a18af,0,55238,65008735,65008735,55238,64953497,mock_oisa_scale_1.2,mock,mock-target-cluster
iter55:pp3:edp_ag1:round1:expert_dp_param_allgather:pg=1101:rel-1d7594f404fa,0,34413,74391664,74391664,34413,74357251,mock_oisa_scale_1.2,mock,mock-target-cluster
iter55:pp3:edp_ag1:round1:expert_dp_param_allgather:pg=1103:rel-0ba819752379,0,107217,62529764,62529764,107217,62422547,mock_oisa_scale_1.2,mock,mock-target-cluster
iter55:pp3:edp_ag1:round1:expert_dp_param_allgather:pg=1105:rel-a4e143d2d8c8,0,52758,62575381,62575381,52758,62522623,mock_oisa_scale_1.2,mock,mock-target-cluster
iter55:pp4:edp_ag1:round1:expert_dp_param_allgather:pg=1107:rel-e0692ff70126,0,24033,64478721,64478721,24033,64454688,mock_oisa_scale_1.2,mock,mock-target-cluster
iter55:pp4:edp_ag1:round1:expert_dp_param_allgather:pg=1109:rel-8ee2a8ce8efc,0,4888,64411505,64411505,4888,64406617,mock_oisa_scale_1.2,mock,mock-target-cluster
iter55:pp4:edp_ag1:round1:expert_dp_param_allgather:pg=1111:rel-f89231c043fc,0,18416,62321281,62321281,18416,62302865,mock_oisa_scale_1.2,mock,mock-target-cluster
iter55:pp4:edp_ag1:round1:expert_dp_param_allgather:pg=1113:rel-a6fa2e24192e,0,47449,64447494,64447494,47449,64400045,mock_oisa_scale_1.2,mock,mock-target-cluster
iter55:pp4:edp_ag1:round1:expert_dp_param_allgather:pg=1115:rel-e0fc95bf620b,0,53600,64199289,64199289,53600,64145689,mock_oisa_scale_1.2,mock,mock-target-cluster
iter55:pp4:edp_ag1:round1:expert_dp_param_allgather:pg=1117:rel-e15b60c7f149,0,32387,62388725,62388725,32387,62356338,mock_oisa_scale_1.2,mock,mock-target-cluster
iter55:pp4:edp_ag1:round1:expert_dp_param_allgather:pg=1119:rel-aee62164609d,0,116591,63518244,63518244,116591,63401653,mock_oisa_scale_1.2,mock,mock-target-cluster
iter55:pp4:edp_ag1:round1:expert_dp_param_allgather:pg=1121:rel-f99dbda69389,0,23820,61183813,61183813,23820,61159993,mock_oisa_scale_1.2,mock,mock-target-cluster
iter55:pp5:edp_ag1:round1:expert_dp_param_allgather:pg=1123:rel-836d17389953,0,21379,64599858,64599858,21379,64578479,mock_oisa_scale_1.2,mock,mock-target-cluster
iter55:pp5:edp_ag1:round1:expert_dp_param_allgather:pg=1125:rel-242ab08fc47c,0,111690,63548957,63548957,111690,63437267,mock_oisa_scale_1.2,mock,mock-target-cluster
iter55:pp5:edp_ag1:round1:expert_dp_param_allgather:pg=1127:rel-87896bc57f16,0,165230,65608812,65608812,165230,65443582,mock_oisa_scale_1.2,mock,mock-target-cluster
iter55:pp5:edp_ag1:round1:expert_dp_param_allgather:pg=1129:rel-c5fe3204b9e8,0,44246,64382198,64382198,44246,64337952,mock_oisa_scale_1.2,mock,mock-target-cluster
iter55:pp5:edp_ag1:round1:expert_dp_param_allgather:pg=1131:rel-255ceeaa31ee,0,137663,61355399,61355399,137663,61217736,mock_oisa_scale_1.2,mock,mock-target-cluster
iter55:pp5:edp_ag1:round1:expert_dp_param_allgather:pg=1133:rel-a37e5608b606,0,18717,71853577,71853577,18717,71834860,mock_oisa_scale_1.2,mock,mock-target-cluster
iter55:pp5:edp_ag1:round1:expert_dp_param_allgather:pg=1135:rel-cb948498e7f9,0,163871,64823052,64823052,163871,64659181,mock_oisa_scale_1.2,mock,mock-target-cluster
iter55:pp5:edp_ag1:round1:expert_dp_param_allgather:pg=1137:rel-28349d92bc1e,0,88355,64430302,64430302,88355,64341947,mock_oisa_scale_1.2,mock,mock-target-cluster
iter55:pp6:edp_ag1:round1:expert_dp_param_allgather:pg=1139:rel-23cfce5554c6,0,40977,61715368,61715368,40977,61674391,mock_oisa_scale_1.2,mock,mock-target-cluster
iter55:pp6:edp_ag1:round1:expert_dp_param_allgather:pg=1141:rel-1d95e06883bb,0,15549,72355067,72355067,15549,72339518,mock_oisa_scale_1.2,mock,mock-target-cluster
iter55:pp6:edp_ag1:round1:expert_dp_param_allgather:pg=1143:rel-6fce22a602e8,0,24922,64073126,64073126,24922,64048204,mock_oisa_scale_1.2,mock,mock-target-cluster
iter55:pp6:edp_ag1:round1:expert_dp_param_allgather:pg=1145:rel-94df0319f745,0,124094,64642558,64642558,124094,64518464,mock_oisa_scale_1.2,mock,mock-target-cluster
iter55:pp6:edp_ag1:round1:expert_dp_param_allgather:pg=1147:rel-d819f5057d16,0,19964,69607719,69607719,19964,69587755,mock_oisa_scale_1.2,mock,mock-target-cluster
iter55:pp6:edp_ag1:round1:expert_dp_param_allgather:pg=1149:rel-1c8c2a7aaa5f,0,15028,64511396,64511396,15028,64496368,mock_oisa_scale_1.2,mock,mock-target-cluster
iter55:pp6:edp_ag1:round1:expert_dp_param_allgather:pg=1151:rel-55f78af9f35a,0,62389,64676637,64676637,62389,64614248,mock_oisa_scale_1.2,mock,mock-target-cluster
iter55:pp6:edp_ag1:round1:expert_dp_param_allgather:pg=1153:rel-9a06b39e269c,0,41847,64130531,64130531,41847,64088684,mock_oisa_scale_1.2,mock,mock-target-cluster
iter55:pp7:edp_ag1:round1:expert_dp_param_allgather:pg=1155:rel-8eb397bc98e9,0,56003,61903554,61903554,56003,61847551,mock_oisa_scale_1.2,mock,mock-target-cluster
iter55:pp7:edp_ag1:round1:expert_dp_param_allgather:pg=1157:rel-6b85b83233e8,0,8782,73227803,73227803,8782,73219021,mock_oisa_scale_1.2,mock,mock-target-cluster
iter55:pp7:edp_ag1:round1:expert_dp_param_allgather:pg=1159:rel-4d009bf4b055,0,80564,63730142,63730142,80564,63649578,mock_oisa_scale_1.2,mock,mock-target-cluster
iter55:pp7:edp_ag1:round1:expert_dp_param_allgather:pg=1161:rel-c77bc8b6ed8e,0,19838,64207593,64207593,19838,64187755,mock_oisa_scale_1.2,mock,mock-target-cluster
iter55:pp7:edp_ag1:round1:expert_dp_param_allgather:pg=1163:rel-00c486500994,0,38431,64057763,64057763,38431,64019332,mock_oisa_scale_1.2,mock,mock-target-cluster
iter55:pp7:edp_ag1:round1:expert_dp_param_allgather:pg=1165:rel-bc38f9af1097,0,21131,63597647,63597647,21131,63576516,mock_oisa_scale_1.2,mock,mock-target-cluster
iter55:pp7:edp_ag1:round1:expert_dp_param_allgather:pg=1167:rel-f85ceb0d31f4,0,20941,65742297,65742297,20941,65721356,mock_oisa_scale_1.2,mock,mock-target-cluster
iter55:pp7:edp_ag1:round1:expert_dp_param_allgather:pg=1169:rel-9527f3e09939,0,66162,63218591,63218591,66162,63152429,mock_oisa_scale_1.2,mock,mock-target-cluster
iter55:pp8:edp_ag1:round1:expert_dp_param_allgather:pg=1171:rel-8c39164145f1,0,39134,65505883,65505883,39134,65466749,mock_oisa_scale_1.2,mock,mock-target-cluster
iter55:pp8:edp_ag1:round1:expert_dp_param_allgather:pg=1173:rel-f721b10d82c6,0,38486,63987322,63987322,38486,63948836,mock_oisa_scale_1.2,mock,mock-target-cluster
iter55:pp8:edp_ag1:round1:expert_dp_param_allgather:pg=1175:rel-23208de1c562,0,56290,65043995,65043995,56290,64987705,mock_oisa_scale_1.2,mock,mock-target-cluster
iter55:pp8:edp_ag1:round1:expert_dp_param_allgather:pg=1177:rel-c6a90e3f288f,0,21964,62397615,62397615,21964,62375651,mock_oisa_scale_1.2,mock,mock-target-cluster
iter55:pp8:edp_ag1:round1:expert_dp_param_allgather:pg=1179:rel-41fca067018f,0,40585,72826560,72826560,40585,72785975,mock_oisa_scale_1.2,mock,mock-target-cluster
iter55:pp8:edp_ag1:round1:expert_dp_param_allgather:pg=1181:rel-b0d262e6430f,0,28783,64702143,64702143,28783,64673360,mock_oisa_scale_1.2,mock,mock-target-cluster
iter55:pp8:edp_ag1:round1:expert_dp_param_allgather:pg=1183:rel-c915848882cb,0,20735,64404334,64404334,20735,64383599,mock_oisa_scale_1.2,mock,mock-target-cluster
iter55:pp8:edp_ag1:round1:expert_dp_param_allgather:pg=1185:rel-8cf97dec9419,0,51649,62547881,62547881,51649,62496232,mock_oisa_scale_1.2,mock,mock-target-cluster
iter55:pp9:edp_ag1:round1:expert_dp_param_allgather:pg=1187:rel-3e11cf35f3aa,0,21636,65291018,65291018,21636,65269382,mock_oisa_scale_1.2,mock,mock-target-cluster
iter55:pp9:edp_ag1:round1:expert_dp_param_allgather:pg=1189:rel-370c3a7c85dd,0,24536,63477303,63477303,24536,63452767,mock_oisa_scale_1.2,mock,mock-target-cluster
iter55:pp9:edp_ag1:round1:expert_dp_param_allgather:pg=1191:rel-0000609b334b,0,55291,62372276,62372276,55291,62316985,mock_oisa_scale_1.2,mock,mock-target-cluster
iter55:pp9:edp_ag1:round1:expert_dp_param_allgather:pg=1193:rel-f9b0a0096936,0,16275,61268711,61268711,16275,61252436,mock_oisa_scale_1.2,mock,mock-target-cluster
iter55:pp9:edp_ag1:round1:expert_dp_param_allgather:pg=1195:rel-91b39d6535e9,0,31048,65192858,65192858,31048,65161810,mock_oisa_scale_1.2,mock,mock-target-cluster
iter55:pp9:edp_ag1:round1:expert_dp_param_allgather:pg=1197:rel-94549706ebf3,0,35216,66630770,66630770,35216,66595554,mock_oisa_scale_1.2,mock,mock-target-cluster
iter55:pp9:edp_ag1:round1:expert_dp_param_allgather:pg=1199:rel-ac134a245a1e,0,54861,61630184,61630184,54861,61575323,mock_oisa_scale_1.2,mock,mock-target-cluster
iter55:pp9:edp_ag1:round1:expert_dp_param_allgather:pg=1201:rel-47754d8c27ff,0,94804,64241853,64241853,94804,64147049,mock_oisa_scale_1.2,mock,mock-target-cluster
iter55:pp10:edp_ag1:round1:expert_dp_param_allgather:pg=1203:rel-5138799f4051,0,30160,63724690,63724690,30160,63694530,mock_oisa_scale_1.2,mock,mock-target-cluster
iter55:pp10:edp_ag1:round1:expert_dp_param_allgather:pg=1205:rel-a615727a54f2,0,20620,63953925,63953925,20620,63933305,mock_oisa_scale_1.2,mock,mock-target-cluster
iter55:pp10:edp_ag1:round1:expert_dp_param_allgather:pg=1207:rel-00dd852a7e3a,0,10913,65765699,65765699,10913,65754786,mock_oisa_scale_1.2,mock,mock-target-cluster
iter55:pp10:edp_ag1:round1:expert_dp_param_allgather:pg=1209:rel-003a7b482915,0,2991,64788327,64788327,2991,64785336,mock_oisa_scale_1.2,mock,mock-target-cluster
iter55:pp10:edp_ag1:round1:expert_dp_param_allgather:pg=1211:rel-a2f466eceefd,0,840,63292355,63292355,840,63291515,mock_oisa_scale_1.2,mock,mock-target-cluster
iter55:pp10:edp_ag1:round1:expert_dp_param_allgather:pg=1213:rel-ccb540b875b6,0,595,64054086,64054086,595,64053491,mock_oisa_scale_1.2,mock,mock-target-cluster
iter55:pp10:edp_ag1:round1:expert_dp_param_allgather:pg=1215:rel-ee8dcb8e260b,0,84811,63038137,63038137,84811,62953326,mock_oisa_scale_1.2,mock,mock-target-cluster
iter55:pp10:edp_ag1:round1:expert_dp_param_allgather:pg=1217:rel-3bd9e9ed8b92,0,65747,63543370,63543370,65747,63477623,mock_oisa_scale_1.2,mock,mock-target-cluster
iter55:pp11:edp_ag1:round1:expert_dp_param_allgather:pg=1219:rel-0e5a43378745,0,66534,64573075,64573075,66534,64506541,mock_oisa_scale_1.2,mock,mock-target-cluster
iter55:pp11:edp_ag1:round1:expert_dp_param_allgather:pg=1221:rel-54f59efe9d4a,0,10968,69168493,69168493,10968,69157525,mock_oisa_scale_1.2,mock,mock-target-cluster
iter55:pp11:edp_ag1:round1:expert_dp_param_allgather:pg=1223:rel-ad31fb3d0dfd,0,46261,64412599,64412599,46261,64366338,mock_oisa_scale_1.2,mock,mock-target-cluster
iter55:pp11:edp_ag1:round1:expert_dp_param_allgather:pg=1225:rel-ba0c49292dd4,0,28948,63860537,63860537,28948,63831589,mock_oisa_scale_1.2,mock,mock-target-cluster
iter55:pp11:edp_ag1:round1:expert_dp_param_allgather:pg=1227:rel-8de24ffdd0f1,0,16292,66253501,66253501,16292,66237209,mock_oisa_scale_1.2,mock,mock-target-cluster
iter55:pp11:edp_ag1:round1:expert_dp_param_allgather:pg=1229:rel-73585aff2c32,0,21165,62627341,62627341,21165,62606176,mock_oisa_scale_1.2,mock,mock-target-cluster
iter55:pp11:edp_ag1:round1:expert_dp_param_allgather:pg=1231:rel-5395b79215ac,0,14540,65483421,65483421,14540,65468881,mock_oisa_scale_1.2,mock,mock-target-cluster
iter55:pp11:edp_ag1:round1:expert_dp_param_allgather:pg=1233:rel-89befdd17e6d,0,43513,65194177,65194177,43513,65150664,mock_oisa_scale_1.2,mock,mock-target-cluster
iter55:pp12:edp_ag1:round1:expert_dp_param_allgather:pg=1235:rel-0e548521565b,0,47134,62132048,62132048,47134,62084914,mock_oisa_scale_1.2,mock,mock-target-cluster
iter55:pp12:edp_ag1:round1:expert_dp_param_allgather:pg=1237:rel-1e929342d6a0,0,33176,70025613,70025613,33176,69992437,mock_oisa_scale_1.2,mock,mock-target-cluster
iter55:pp12:edp_ag1:round1:expert_dp_param_allgather:pg=1239:rel-032df8e7d6c7,0,23569,61888880,61888880,23569,61865311,mock_oisa_scale_1.2,mock,mock-target-cluster
iter55:pp12:edp_ag1:round1:expert_dp_param_allgather:pg=1241:rel-df36e41164b2,0,23081,64179533,64179533,23081,64156452,mock_oisa_scale_1.2,mock,mock-target-cluster
iter55:pp12:edp_ag1:round1:expert_dp_param_allgather:pg=1243:rel-5ee24da0ee35,0,40645,62419880,62419880,40645,62379235,mock_oisa_scale_1.2,mock,mock-target-cluster
iter55:pp12:edp_ag1:round1:expert_dp_param_allgather:pg=1245:rel-8a4d3b70136c,0,26188,63330483,63330483,26188,63304295,mock_oisa_scale_1.2,mock,mock-target-cluster
iter55:pp12:edp_ag1:round1:expert_dp_param_allgather:pg=1247:rel-271e974c3a4c,0,15314,62167816,62167816,15314,62152502,mock_oisa_scale_1.2,mock,mock-target-cluster
iter55:pp12:edp_ag1:round1:expert_dp_param_allgather:pg=1249:rel-baa907840afd,0,10677,62844667,62844667,10677,62833990,mock_oisa_scale_1.2,mock,mock-target-cluster
iter55:pp13:edp_ag1:round1:expert_dp_param_allgather:pg=1251:rel-a53be91e5c3a,0,7276,71231468,71231468,7276,71224192,mock_oisa_scale_1.2,mock,mock-target-cluster
iter55:pp13:edp_ag1:round1:expert_dp_param_allgather:pg=1253:rel-494d9897c048,0,60190,63333012,63333012,60190,63272822,mock_oisa_scale_1.2,mock,mock-target-cluster
iter55:pp13:edp_ag1:round1:expert_dp_param_allgather:pg=1255:rel-4bfaaed9ebb9,0,131839,62460260,62460260,131839,62328421,mock_oisa_scale_1.2,mock,mock-target-cluster
iter55:pp13:edp_ag1:round1:expert_dp_param_allgather:pg=1257:rel-733833e5775c,0,90083,66006415,66006415,90083,65916332,mock_oisa_scale_1.2,mock,mock-target-cluster
iter55:pp13:edp_ag1:round1:expert_dp_param_allgather:pg=1259:rel-ec494662412d,0,78753,62416613,62416613,78753,62337860,mock_oisa_scale_1.2,mock,mock-target-cluster
iter55:pp13:edp_ag1:round1:expert_dp_param_allgather:pg=1261:rel-8fee2c02ab25,0,23346,65123851,65123851,23346,65100505,mock_oisa_scale_1.2,mock,mock-target-cluster
iter55:pp13:edp_ag1:round1:expert_dp_param_allgather:pg=1263:rel-97b024b2f9e5,0,33976,62599574,62599574,33976,62565598,mock_oisa_scale_1.2,mock,mock-target-cluster
iter55:pp13:edp_ag1:round1:expert_dp_param_allgather:pg=1265:rel-34ef0cd78eac,0,64743,62393501,62393501,64743,62328758,mock_oisa_scale_1.2,mock,mock-target-cluster
iter55:pp14:edp_ag1:round1:expert_dp_param_allgather:pg=1267:rel-df1719ede543,0,20162,64084263,64084263,20162,64064101,mock_oisa_scale_1.2,mock,mock-target-cluster
iter55:pp14:edp_ag1:round1:expert_dp_param_allgather:pg=1269:rel-c39eb907f3be,0,11349,62388833,62388833,11349,62377484,mock_oisa_scale_1.2,mock,mock-target-cluster
iter55:pp14:edp_ag1:round1:expert_dp_param_allgather:pg=1271:rel-5b6c92af4d20,0,43825,63143669,63143669,43825,63099844,mock_oisa_scale_1.2,mock,mock-target-cluster
iter55:pp14:edp_ag1:round1:expert_dp_param_allgather:pg=1273:rel-96bb49c99601,0,37347,64502120,64502120,37347,64464773,mock_oisa_scale_1.2,mock,mock-target-cluster
iter55:pp14:edp_ag1:round1:expert_dp_param_allgather:pg=1275:rel-995bec4838f9,0,24535,61479815,61479815,24535,61455280,mock_oisa_scale_1.2,mock,mock-target-cluster
iter55:pp14:edp_ag1:round1:expert_dp_param_allgather:pg=1277:rel-ba625ababd40,0,6142,69625186,69625186,6142,69619044,mock_oisa_scale_1.2,mock,mock-target-cluster
iter55:pp14:edp_ag1:round1:expert_dp_param_allgather:pg=1279:rel-703590839348,0,47859,67084899,67084899,47859,67037040,mock_oisa_scale_1.2,mock,mock-target-cluster
iter55:pp14:edp_ag1:round1:expert_dp_param_allgather:pg=1281:rel-8a1042048d58,0,22997,64632307,64632307,22997,64609310,mock_oisa_scale_1.2,mock,mock-target-cluster
iter55:pp15:edp_ag1:round1:expert_dp_param_allgather:pg=1283:rel-43afa46cff37,0,8919,32814299,32814299,8919,32805380,mock_oisa_scale_1.2,mock,mock-target-cluster
iter55:pp15:edp_ag1:round1:expert_dp_param_allgather:pg=1285:rel-b696325a6139,0,230068,32167053,32167053,230068,31936985,mock_oisa_scale_1.2,mock,mock-target-cluster
iter55:pp15:edp_ag1:round1:expert_dp_param_allgather:pg=1287:rel-69a2019f7658,0,110425,32806573,32806573,110425,32696148,mock_oisa_scale_1.2,mock,mock-target-cluster
iter55:pp15:edp_ag1:round1:expert_dp_param_allgather:pg=1289:rel-e08a01698a30,0,421687,31493339,31493339,421687,31071652,mock_oisa_scale_1.2,mock,mock-target-cluster
iter55:pp15:edp_ag1:round1:expert_dp_param_allgather:pg=1291:rel-c6e9b9cba6cb,0,24490,34787264,34787264,24490,34762774,mock_oisa_scale_1.2,mock,mock-target-cluster
iter55:pp15:edp_ag1:round1:expert_dp_param_allgather:pg=1293:rel-ca8e3540ec32,0,30253,40092138,40092138,30253,40061885,mock_oisa_scale_1.2,mock,mock-target-cluster
iter55:pp15:edp_ag1:round1:expert_dp_param_allgather:pg=1295:rel-a9af291a5422,0,105796,34946666,34946666,105796,34840870,mock_oisa_scale_1.2,mock,mock-target-cluster
iter55:pp15:edp_ag1:round1:expert_dp_param_allgather:pg=1297:rel-bf030f15a57d,0,277280,32509293,32509293,277280,32232013,mock_oisa_scale_1.2,mock,mock-target-cluster
