iteration,rank,pp_stage,pp_lane,predecessor_node_id,predicted_lane_origin_ns,predicted_backward_done_relative_ns,predicted_backward_done_ns,observed_backward_done_ns,observed_first_rs_start_ns,measured_tail_launch_lag_ns,predicted_start_ns
55,0,0,0,rank0:B3,1785477744809471652,19934716964,1785477764744188616,1785477764772970005,1785477764789544563,16574558,1785477764760763174
55,1,0,1,rank1:B3,1785477744808791856,19930554321,1785477764739346177,1785477764773209724,1785477764789733123,16523399,1785477764755869576
55,2,0,2,rank2:B3,1785477744808224865,19939097282,1785477764747322147,1785477764772950025,1785477764789367105,16417080,1785477764763739227
55,3,0,3,rank3:B3,1785477744811134701,19934700261,1785477764745834962,1785477764772885794,1785477764789484959,16599165,1785477764762434127
55,4,0,4,rank4:B3,1785477744808924105,19943501091,1785477764752425196,1785477764772393268,1785477764788715384,16322116,1785477764768747312
55,5,0,5,rank5:B3,1785477744808609781,19945885892,1785477764754495673,1785477764772212091,1785477764788594100,16382009,1785477764770877682
55,6,0,6,rank6:B3,1785477744808565246,19933875998,1785477764742441244,1785477764772600357,1785477764789040579,16440222,1785477764758881466
55,7,0,7,rank7:B3,1785477744808446696,19931387935,1785477764739834631,1785477764772602594,1785477764788968258,16365664,1785477764756200295
55,8,0,8,rank8:B3,1785477744808618037,20041618469,1785477764850236506,1785477764894733458,1785477764911105030,16371572,1785477764866608078
55,9,0,9,rank9:B3,1785477744808590481,20062731953,1785477764871322434,1785477764893971529,1785477764910654349,16682820,1785477764888005254
55,10,0,10,rank10:B3,1785477744809248162,20061970491,1785477764871218653,1785477764893323371,1785477764909791349,16467978,1785477764887686631
55,11,0,11,rank11:B3,1785477744809005006,20063915981,1785477764872920987,1785477764893535045,1785477764910284837,16749792,1785477764889670779
55,12,0,12,rank12:B3,1785477744809228982,20062422282,1785477764871651264,1785477764893122814,1785477764909802355,16679541,1785477764888330805
55,13,0,13,rank13:B3,1785477744808336642,20062344849,1785477764870681491,1785477764892913799,1785477764909363300,16449501,1785477764887130992
55,14,0,14,rank14:B3,1785477744808877140,20052690575,1785477764861567715,1785477764894766641,1785477764911497271,16730630,1785477764878298345
55,15,0,15,rank15:B3,1785477744809154297,20054839549,1785477764863993846,1785477764894903349,1785477764911530568,16627219,1785477764880621065
55,16,1,0,rank16:B3,1785477744809471652,19430918738,1785477764240390390,1785477764269539444,1785477764375662000,106122556,1785477764346512946
55,17,1,1,rank17:B3,1785477744808791856,19426363945,1785477764235155801,1785477764269294727,1785477764375545415,106250688,1785477764341406489
55,18,1,2,rank18:B3,1785477744808224865,19435228659,1785477764243453524,1785477764268935923,1785477764375104210,106168287,1785477764349621811
55,19,1,3,rank19:B3,1785477744811134701,19430959823,1785477764242094524,1785477764268853498,1785477764375834789,106981291,1785477764349075815
55,20,1,4,rank20:B3,1785477744808924105,19439759632,1785477764248683737,1785477764269078015,1785477764374925690,105847675,1785477764354531412
55,21,1,5,rank21:B3,1785477744808609781,19442338063,1785477764250947844,1785477764268888899,1785477764374804854,105915955,1785477764356863799
55,22,1,6,rank22:B3,1785477744808565246,19431343888,1785477764239909134,1785477764268921927,1785477764376400000,107478073,1785477764347387207
55,23,1,7,rank23:B3,1785477744808446696,19428925176,1785477764237371872,1785477764269372014,1785477764376254916,106882902,1785477764344254774
55,24,1,8,rank24:B3,1785477744808618037,19535692376,1785477764344310413,1785477764388798141,1785477764495537813,106739672,1785477764451050085
55,25,1,9,rank25:B3,1785477744808590481,19557876621,1785477764366467102,1785477764391477661,1785477764495891676,104414015,1785477764470881117
55,26,1,10,rank26:B3,1785477744809248162,19556032389,1785477764365280551,1785477764387139946,1785477764494707136,107567190,1785477764472847741
55,27,1,11,rank27:B3,1785477744809005006,19557391126,1785477764366396132,1785477764386961998,1785477764493422956,106460958,1785477764472857090
55,28,1,12,rank28:B3,1785477744809228982,19556175031,1785477764365404013,1785477764386928289,1785477764493708504,106780215,1785477764472184228
55,29,1,13,rank29:B3,1785477744808336642,19556608053,1785477764364944695,1785477764387680778,1785477764493766302,106085524,1785477764471030219
55,30,1,14,rank30:B3,1785477744808877140,19546150856,1785477764355027996,1785477764387427554,1785477764495365149,107937595,1785477764462965591
55,31,1,15,rank31:B3,1785477744809154297,19548293883,1785477764357448180,1785477764388920722,1785477764495277034,106356312,1785477764463804492
55,32,2,0,rank32:B3,1785477744809471652,18591779030,1785477763401250682,1785477763429042068,1785477763554181538,125139470,1785477763526390152
55,33,2,1,rank33:B3,1785477744808791856,18587085411,1785477763395877267,1785477763429399931,1785477763553956732,124556801,1785477763520434068
55,34,2,2,rank34:B3,1785477744808224865,18597069557,1785477763405294422,1785477763428994267,1785477763553952293,124958026,1785477763530252448
55,35,2,3,rank35:B3,1785477744811134701,18590982838,1785477763402117539,1785477763428769253,1785477763554588307,125819054,1785477763527936593
55,36,2,4,rank36:B3,1785477744808924105,18597378655,1785477763406302760,1785477763429317632,1785477763552431370,123113738,1785477763529416498
55,37,2,5,rank37:B3,1785477744808609781,18601441677,1785477763410051458,1785477763428976253,1785477763552720635,123744382,1785477763533795840
55,38,2,6,rank38:B3,1785477744808565246,18592949879,1785477763401515125,1785477763428831093,1785477763554431598,125600505,1785477763527115630
55,39,2,7,rank39:B3,1785477744808446696,18588569053,1785477763397015749,1785477763428713759,1785477763554226171,125512412,1785477763522528161
55,40,2,8,rank40:B3,1785477744808618037,18709066805,1785477763517684842,1785477763562135045,1785477763668506713,106371668,1785477763624056510
55,41,2,9,rank41:B3,1785477744808590481,18728520476,1785477763537110957,1785477763562991348,1785477763669016426,106025078,1785477763643136035
55,42,2,10,rank42:B3,1785477744809248162,18731385147,1785477763540633309,1785477763561968364,1785477763668759045,106790681,1785477763647423990
55,43,2,11,rank43:B3,1785477744809005006,18732962369,1785477763541967375,1785477763562700415,1785477763668845457,106145042,1785477763648112417
55,44,2,12,rank44:B3,1785477744809228982,18731956521,1785477763541185503,1785477763562769837,1785477763669281489,106511652,1785477763647697155
55,45,2,13,rank45:B3,1785477744808336642,18732017945,1785477763540354587,1785477763561865909,1785477763669752962,107887053,1785477763648241640
55,46,2,14,rank46:B3,1785477744808877140,18721590863,1785477763530468003,1785477763562409852,1785477763669084477,106674625,1785477763637142628
55,47,2,15,rank47:B3,1785477744809154297,18722456733,1785477763531611030,1785477763562165112,1785477763669414636,107249524,1785477763638860554
55,48,3,0,rank48:B3,1785477744809471652,17791591936,1785477762601063588,1785477762628967181,1785477762735531346,106564165,1785477762707627753
55,49,3,1,rank49:B3,1785477744808791856,17786588338,1785477762595380194,1785477762628738548,1785477762735572265,106833717,1785477762702213911
55,50,3,2,rank50:B3,1785477744808224865,17795633981,1785477762603858846,1785477762627901161,1785477762734581494,106680333,1785477762710539179
55,51,3,3,rank51:B3,1785477744811134701,17790103358,1785477762601238059,1785477762627540351,1785477762734479230,106938879,1785477762708176938
55,52,3,4,rank52:B3,1785477744808924105,17796375858,1785477762605299963,1785477762627849902,1785477762735132739,107282837,1785477762712582800
55,53,3,5,rank53:B3,1785477744808609781,17800247979,1785477762608857760,1785477762628691482,1785477762735180370,106488888,1785477762715346648
55,54,3,6,rank54:B3,1785477744808565246,17792046103,1785477762600611349,1785477762628416107,1785477762735053334,106637227,1785477762707248576
55,55,3,7,rank55:B3,1785477744808446696,17787601738,1785477762596048434,1785477762627652032,1785477762735767405,108115373,1785477762704163807
55,56,3,8,rank56:B3,1785477744808618037,17905446856,1785477762714064893,1785477762759788126,1785477762865079135,105291009,1785477762819355902
55,57,3,9,rank57:B3,1785477744808590481,17923988485,1785477762732578966,1785477762758561848,1785477762864964857,106403009,1785477762838981975
55,58,3,10,rank58:B3,1785477744809248162,17927906884,1785477762737155046,1785477762759247089,1785477762865018299,105771210,1785477762842926256
55,59,3,11,rank59:B3,1785477744809005006,17929189950,1785477762738194956,1785477762758622210,1785477762865412785,106790575,1785477762844985531
55,60,3,12,rank60:B3,1785477744809228982,17927924828,1785477762737153810,1785477762759933176,1785477762865537383,105604207,1785477762842758017
55,61,3,13,rank61:B3,1785477744808336642,17929036388,1785477762737373030,1785477762758870825,1785477762865729728,106858903,1785477762844231933
55,62,3,14,rank62:B3,1785477744808877140,17918242461,1785477762727119601,1785477762759057440,1785477762865611416,106553976,1785477762833673577
55,63,3,15,rank63:B3,1785477744809154297,17919293994,1785477762728448291,1785477762759022215,1785477762865667312,106645097,1785477762835093388
55,64,4,0,rank64:B3,1785477744809471652,16945096084,1785477761754567736,1785477761783949946,1785477761918737806,134787860,1785477761889355596
55,65,4,1,rank65:B3,1785477744808791856,16941391554,1785477761750183410,1785477761783724642,1785477761918543286,134818644,1785477761885002054
55,66,4,2,rank66:B3,1785477744808224865,16951922009,1785477761760146874,1785477761784000526,1785477761918511228,134510702,1785477761894657576
55,67,4,3,rank67:B3,1785477744811134701,16947663462,1785477761758798163,1785477761785068779,1785477761918891866,133823087,1785477761892621250
55,68,4,4,rank68:B3,1785477744808924105,16952509281,1785477761761433386,1785477761783531263,1785477761918360591,134829328,1785477761896262714
55,69,4,5,rank69:B3,1785477744808609781,16955501353,1785477761764111134,1785477761784661198,1785477761918236118,133574920,1785477761897686054
55,70,4,6,rank70:B3,1785477744808565246,16948969537,1785477761757534783,1785477761784001966,1785477761920085473,136083507,1785477761893618290
55,71,4,7,rank71:B3,1785477744808446696,16945250305,1785477761753697001,1785477761783921820,1785477761919784541,135862721,1785477761889559722
55,72,4,8,rank72:B3,1785477744808618037,17113944169,1785477761922562206,1785477761968262521,1785477762075080914,106818393,1785477762029380599
55,73,4,9,rank73:B3,1785477744808590481,17133526707,1785477761942117188,1785477761968213298,1785477762074882617,106669319,1785477762048786507
55,74,4,10,rank74:B3,1785477744809248162,17136601710,1785477761945849872,1785477761967711095,1785477762074427238,106716143,1785477762052566015
55,75,4,11,rank75:B3,1785477744809005006,17138561510,1785477761947566516,1785477761967633716,1785477762074192120,106558404,1785477762054124920
55,76,4,12,rank76:B3,1785477744809228982,17136237293,1785477761945466275,1785477761967992908,1785477762074724190,106731282,1785477762052197557
55,77,4,13,rank77:B3,1785477744808336642,17138172906,1785477761946509548,1785477761967951084,1785477762074364583,106413499,1785477762052923047
55,78,4,14,rank78:B3,1785477744808877140,17127443825,1785477761936320965,1785477761968004914,1785477762074523852,106518938,1785477762042839903
55,79,4,15,rank79:B3,1785477744809154297,17128903795,1785477761938058092,1785477761968866545,1785477762074855817,105989272,1785477762044047364
55,80,5,0,rank80:B3,1785477744809471652,16145327585,1785477760954799237,1785477760982297642,1785477761099146055,116848413,1785477761071647650
55,81,5,1,rank81:B3,1785477744808791856,16140727139,1785477760949518995,1785477760981782014,1785477761096977652,115195638,1785477761064714633
55,82,5,2,rank82:B3,1785477744808224865,16149555881,1785477760957780746,1785477760981612412,1785477761096308060,114695648,1785477761072476394
55,83,5,3,rank83:B3,1785477744811134701,16143360523,1785477760954495224,1785477760981893066,1785477761096860220,114967154,1785477761069462378
55,84,5,4,rank84:B3,1785477744808924105,16150662770,1785477760959586875,1785477760981673972,1785477761095825794,114151822,1785477761073738697
55,85,5,5,rank85:B3,1785477744808609781,16153121185,1785477760961730966,1785477760982414557,1785477761095609523,113194966,1785477761074925932
55,86,5,6,rank86:B3,1785477744808565246,16147426205,1785477760955991451,1785477760981688637,1785477761096248624,114559987,1785477761070551438
55,87,5,7,rank87:B3,1785477744808446696,16144037347,1785477760952484043,1785477760982220747,1785477761096867170,114646423,1785477761067130466
55,88,5,8,rank88:B3,1785477744808618037,16316299056,1785477761124917093,1785477761170113291,1785477761276804757,106691466,1785477761231608559
55,89,5,9,rank89:B3,1785477744808590481,16335903625,1785477761144494106,1785477761171427010,1785477761276993300,105566290,1785477761250060396
55,90,5,10,rank90:B3,1785477744809248162,16339025889,1785477761148274051,1785477761170248551,1785477761276703618,106455067,1785477761254729118
55,91,5,11,rank91:B3,1785477744809005006,16340971178,1785477761149976184,1785477761170129242,1785477761276121527,105992285,1785477761255968469
55,92,5,12,rank92:B3,1785477744809228982,16338997714,1785477761148226696,1785477761170068420,1785477761277103348,107034928,1785477761255261624
55,93,5,13,rank93:B3,1785477744808336642,16340658842,1785477761148995484,1785477761170080119,1785477761276728842,106648723,1785477761255644207
55,94,5,14,rank94:B3,1785477744808877140,16330009827,1785477761138886967,1785477761170724109,1785477761276907181,106183072,1785477761245070039
55,95,5,15,rank95:B3,1785477744809154297,16330380770,1785477761139535067,1785477761170145500,1785477761276533306,106387806,1785477761245922873
55,96,6,0,rank96:B3,1785477744809471652,15340321080,1785477760149792732,1785477760175889677,1785477760305299233,129409556,1785477760279202288
55,97,6,1,rank97:B3,1785477744808791856,15334975307,1785477760143767163,1785477760175716787,1785477760304391256,128674469,1785477760272441632
55,98,6,2,rank98:B3,1785477744808224865,15344503436,1785477760152728301,1785477760175986558,1785477760304445348,128458790,1785477760281187091
55,99,6,3,rank99:B3,1785477744811134701,15338104330,1785477760149239031,1785477760176105232,1785477760304224397,128119165,1785477760277358196
55,100,6,4,rank100:B3,1785477744808924105,15345708615,1785477760154632720,1785477760176204886,1785477760304652390,128447504,1785477760283080224
55,101,6,5,rank101:B3,1785477744808609781,15347555030,1785477760156164811,1785477760176861855,1785477760304761381,127899526,1785477760284064337
55,102,6,6,rank102:B3,1785477744808565246,15342645989,1785477760151211235,1785477760176112467,1785477760304590902,128478435,1785477760279689670
55,103,6,7,rank103:B3,1785477744808446696,15337383275,1785477760145829971,1785477760175806072,1785477760305169111,129363039,1785477760275193010
55,104,6,8,rank104:B3,1785477744808618037,15530158832,1785477760338776869,1785477760382928238,1785477760490397274,107469036,1785477760446245905
55,105,6,9,rank105:B3,1785477744808590481,15548377681,1785477760356968162,1785477760383818542,1785477760490374749,106556207,1785477760463524369
55,106,6,10,rank106:B3,1785477744809248162,15552447854,1785477760361696016,1785477760383145375,1785477760489780623,106635248,1785477760468331264
55,107,6,11,rank107:B3,1785477744809005006,15554495480,1785477760363500486,1785477760383269213,1785477760489924669,106655456,1785477760470155942
55,108,6,12,rank108:B3,1785477744809228982,15553564761,1785477760362793743,1785477760383543090,1785477760491116487,107573397,1785477760470367140
55,109,6,13,rank109:B3,1785477744808336642,15554518395,1785477760362855037,1785477760384883421,1785477760490010300,105126879,1785477760467981916
55,110,6,14,rank110:B3,1785477744808877140,15544024504,1785477760352901644,1785477760383862709,1785477760491001110,107138401,1785477760460040045
55,111,6,15,rank111:B3,1785477744809154297,15545292661,1785477760354446958,1785477760385215107,1785477760491316133,106101026,1785477760460547984
55,112,7,0,rank112:B3,1785477744809471652,14542731760,1785477759352203412,1785477759377716238,1785477759494614651,116898413,1785477759469101825
55,113,7,1,rank113:B3,1785477744808791856,14537749088,1785477759346540944,1785477759377483312,1785477759494678289,117194977,1785477759463735921
55,114,7,2,rank114:B3,1785477744808224865,14546079984,1785477759354304849,1785477759377725613,1785477759494777943,117052330,1785477759471357179
55,115,7,3,rank115:B3,1785477744811134701,14540151406,1785477759351286107,1785477759377760403,1785477759494778857,117018454,1785477759468304561
55,116,7,4,rank116:B3,1785477744808924105,14547268297,1785477759356192402,1785477759377892671,1785477759493127832,115235161,1785477759471427563
55,117,7,5,rank117:B3,1785477744808609781,14547107798,1785477759355717579,1785477759377846687,1785477759493313891,115467204,1785477759471184783
55,118,7,6,rank118:B3,1785477744808565246,14541816000,1785477759350381246,1785477759379930356,1785477759493565996,113635640,1785477759464016886
55,119,7,7,rank119:B3,1785477744808446696,14540965492,1785477759349412188,1785477759378509561,1785477759494405156,115895595,1785477759465307783
55,120,7,8,rank120:B3,1785477744808618037,14737294574,1785477759545912611,1785477759587993407,1785477759696276415,108283008,1785477759654195619
55,121,7,9,rank121:B3,1785477744808590481,14754430601,1785477759563021082,1785477759588811772,1785477759696316041,107504269,1785477759670525351
55,122,7,10,rank122:B3,1785477744809248162,14757913077,1785477759567161239,1785477759588670517,1785477759694902408,106231891,1785477759673393130
55,123,7,11,rank123:B3,1785477744809005006,14760717014,1785477759569722020,1785477759589097934,1785477759695912440,106814506,1785477759676536526
55,124,7,12,rank124:B3,1785477744809228982,14758240979,1785477759567469961,1785477759588368217,1785477759694557806,106189589,1785477759673659550
55,125,7,13,rank125:B3,1785477744808336642,14757772026,1785477759566108668,1785477759588444774,1785477759694697331,106252557,1785477759672361225
55,126,7,14,rank126:B3,1785477744808877140,14749236291,1785477759558113431,1785477759589057467,1785477759695797715,106740248,1785477759664853679
55,127,7,15,rank127:B3,1785477744809154297,14749599139,1785477759558753436,1785477759588534466,1785477759696041721,107507255,1785477759666260691
55,128,8,0,rank128:B3,1785477744809471652,13764620502,1785477758574092154,1785477758599591196,1785477758705816027,106224831,1785477758680316985
55,129,8,1,rank129:B3,1785477744808791856,13759685591,1785477758568477447,1785477758600259544,1785477758705986927,105727383,1785477758674204830
55,130,8,2,rank130:B3,1785477744808224865,13768695113,1785477758576919978,1785477758601563627,1785477758706666118,105102491,1785477758682022469
55,131,8,3,rank131:B3,1785477744811134701,13762657621,1785477758573792322,1785477758599332708,1785477758706578795,107246087,1785477758681038409
55,132,8,4,rank132:B3,1785477744808924105,13768740514,1785477758577664619,1785477758599117030,1785477758705465206,106348176,1785477758684012795
55,133,8,5,rank133:B3,1785477744808609781,13768703498,1785477758577313279,1785477758600005884,1785477758705965701,105959817,1785477758683273096
55,134,8,6,rank134:B3,1785477744808565246,13760804370,1785477758569369616,1785477758599070563,1785477758704979238,105908675,1785477758675278291
55,135,8,7,rank135:B3,1785477744808446696,13761589676,1785477758570036372,1785477758599926018,1785477758705539020,105613002,1785477758675649374
55,136,8,8,rank136:B3,1785477744808618037,13957998382,1785477758766616419,1785477758809177907,1785477758914810095,105632188,1785477758872248607
55,137,8,9,rank137:B3,1785477744808590481,13974628503,1785477758783218984,1785477758808955543,1785477758915402967,106447424,1785477758889666408
55,138,8,10,rank138:B3,1785477744809248162,13977893517,1785477758787141679,1785477758808960005,1785477758914888506,105928501,1785477758893070180
55,139,8,11,rank139:B3,1785477744809005006,13980925193,1785477758789930199,1785477758808931391,1785477758915735809,106804418,1785477758896734617
55,140,8,12,rank140:B3,1785477744809228982,13978918697,1785477758788147679,1785477758808754636,1785477758915232515,106477879,1785477758894625558
55,141,8,13,rank141:B3,1785477744808336642,13978371215,1785477758786707857,1785477758809218462,1785477758916011147,106792685,1785477758893500542
55,142,8,14,rank142:B3,1785477744808877140,13970509022,1785477758779386162,1785477758808718954,1785477758916665278,107946324,1785477758887332486
55,143,8,15,rank143:B3,1785477744809154297,13971426083,1785477758780580380,1785477758809077090,1785477758916495967,107418877,1785477758887999257
55,144,9,0,rank144:B3,1785477744809471652,12985326008,1785477757794797660,1785477757819984424,1785477757926694711,106710287,1785477757901507947
55,145,9,1,rank145:B3,1785477744808791856,12979637884,1785477757788429740,1785477757819539294,1785477757926396660,106857366,1785477757895287106
55,146,9,2,rank146:B3,1785477744808224865,12987015216,1785477757795240081,1785477757819591394,1785477757926235389,106643995,1785477757901884076
55,147,9,3,rank147:B3,1785477744811134701,12983086094,1785477757794220795,1785477757819710941,1785477757926224270,106513329,1785477757900734124
55,148,9,4,rank148:B3,1785477744808924105,12989442504,1785477757798366609,1785477757819816198,1785477757926156070,106339872,1785477757904706481
55,149,9,5,rank149:B3,1785477744808609781,12988575437,1785477757797185218,1785477757820254917,1785477757926172605,105917688,1785477757903102906
55,150,9,6,rank150:B3,1785477744808565246,12982474713,1785477757791039959,1785477757820450157,1785477757927312288,106862131,1785477757897902090
55,151,9,7,rank151:B3,1785477744808446696,12982797506,1785477757791244202,1785477757820436307,1785477757927732733,107296426,1785477757898540628
55,152,9,8,rank152:B3,1785477744808618037,13140388852,1785477757949006889,1785477757988863695,1785477758097967337,109103642,1785477758058110531
55,153,9,9,rank153:B3,1785477744808590481,13157294437,1785477757965884918,1785477757991014702,1785477758098290469,107275767,1785477758073160685
55,154,9,10,rank154:B3,1785477744809248162,13157455575,1785477757966703737,1785477757989021815,1785477758094901772,105879957,1785477758072583694
55,155,9,11,rank155:B3,1785477744809005006,13160556839,1785477757969561845,1785477757988164055,1785477758094870135,106706080,1785477758076267925
55,156,9,12,rank156:B3,1785477744809228982,13158560096,1785477757967789078,1785477757988609012,1785477758095160387,106551375,1785477758074340453
55,157,9,13,rank157:B3,1785477744808336642,13157823451,1785477757966160093,1785477757989289495,1785477758094765516,105476021,1785477758071636114
55,158,9,14,rank158:B3,1785477744808877140,13151102966,1785477757959980106,1785477757988374785,1785477758096155176,107780391,1785477758067760497
55,159,9,15,rank159:B3,1785477744809154297,13151473255,1785477757960627552,1785477757988342534,1785477758095530344,107187810,1785477758067815362
55,160,10,0,rank160:B3,1785477744809471652,12167948015,1785477756977419667,1785477757001885837,1785477757130724133,128838296,1785477757106257963
55,161,10,1,rank161:B3,1785477744808791856,12163226733,1785477756972018589,1785477757002137293,1785477757130210624,128073331,1785477757100091920
55,162,10,2,rank162:B3,1785477744808224865,12169839224,1785477756978064089,1785477757001800714,1785477757130045311,128244597,1785477757106308686
55,163,10,3,rank163:B3,1785477744811134701,12166246069,1785477756977380770,1785477757001897950,1785477757130776359,128878409,1785477757106259179
55,164,10,4,rank164:B3,1785477744808924105,12171370396,1785477756980294501,1785477757002532102,1785477757129937718,127405616,1785477757107700117
55,165,10,5,rank165:B3,1785477744808609781,12170331516,1785477756978941297,1785477757002236032,1785477757129591738,127355706,1785477757106297003
55,166,10,6,rank166:B3,1785477744808565246,12164987748,1785477756973552994,1785477757002106551,1785477757130344305,128237754,1785477757101790748
55,167,10,7,rank167:B3,1785477744808446696,12164948566,1785477756973395262,1785477757002160137,1785477757130312892,128152755,1785477757101548017
55,168,10,8,rank168:B3,1785477744808618037,12321423978,1785477757130042015,1785477757170498020,1785477757278808101,108310081,1785477757238352096
55,169,10,9,rank169:B3,1785477744808590481,12323467298,1785477757132057779,1785477757170801318,1785477757280206923,109405605,1785477757241463384
55,170,10,10,rank170:B3,1785477744809248162,12338411672,1785477757147659834,1785477757171001424,1785477757280132175,109130751,1785477757256790585
55,171,10,11,rank171:B3,1785477744809005006,12346398407,1785477757155403413,1785477757172044524,1785477757280422242,108377718,1785477757263781131
55,172,10,12,rank172:B3,1785477744809228982,12340511707,1785477757149740689,1785477757171049838,1785477757280419019,109369181,1785477757259109870
55,173,10,13,rank173:B3,1785477744808336642,12341824223,1785477757150160865,1785477757171421959,1785477757280443307,109021348,1785477757259182213
55,174,10,14,rank174:B3,1785477744808877140,12334586760,1785477757143463900,1785477757171323768,1785477757279251297,107927529,1785477757251391429
55,175,10,15,rank175:B3,1785477744809154297,12331998711,1785477757141153008,1785477757170896675,1785477757280104303,109207628,1785477757250360636
55,176,11,0,rank176:B3,1785477744809471652,11390521123,1785477756199992775,1785477756224386230,1785477756330923378,106537148,1785477756306529923
55,177,11,1,rank177:B3,1785477744808791856,11382801188,1785477756191593044,1785477756221494500,1785477756330997535,109503035,1785477756301096079
55,178,11,2,rank178:B3,1785477744808224865,11391237462,1785477756199462327,1785477756223554241,1785477756330737888,107183647,1785477756306645974
55,179,11,3,rank179:B3,1785477744811134701,11385567792,1785477756196702493,1785477756221362527,1785477756330939479,109576952,1785477756306279445
55,180,11,4,rank180:B3,1785477744808924105,11390811595,1785477756199735700,1785477756222713310,1785477756330210357,107497047,1785477756307232747
55,181,11,5,rank181:B3,1785477744808609781,11390245218,1785477756198854999,1785477756222719516,1785477756330087989,107368473,1785477756306223472
55,182,11,6,rank182:B3,1785477744808565246,11383269123,1785477756191834369,1785477756221500638,1785477756331998436,110497798,1785477756302332167
55,183,11,7,rank183:B3,1785477744808446696,11385064487,1785477756193511183,1785477756222138750,1785477756331840372,109701622,1785477756303212805
55,184,11,8,rank184:B3,1785477744808618037,11539513550,1785477756348131587,1785477756388386976,1785477756495019146,106632170,1785477756454763757
55,185,11,9,rank185:B3,1785477744808590481,11541661601,1785477756350252082,1785477756389178532,1785477756495417975,106239443,1785477756456491525
55,186,11,10,rank186:B3,1785477744809248162,11555778633,1785477756365026795,1785477756389439284,1785477756494754004,105314720,1785477756470341515
55,187,11,11,rank187:B3,1785477744809005006,11562854179,1785477756371859185,1785477756388454725,1785477756494955721,106500996,1785477756478360181
55,188,11,12,rank188:B3,1785477744809228982,11557015268,1785477756366244250,1785477756388022230,1785477756494286969,106264739,1785477756472508989
55,189,11,13,rank189:B3,1785477744808336642,11558264102,1785477756366600744,1785477756388216876,1785477756494138330,105921454,1785477756472522198
55,190,11,14,rank190:B3,1785477744808877140,11552409744,1785477756361286884,1785477756389175401,1785477756495489418,106314017,1785477756467600901
55,191,11,15,rank191:B3,1785477744809154297,11550313362,1785477756359467659,1785477756388367327,1785477756495984771,107617444,1785477756467085103
55,192,12,0,rank192:B3,1785477744809471652,10606745984,1785477755416217636,1785477755443021271,1785477755553222978,110201707,1785477755526419343
55,193,12,1,rank193:B3,1785477744808791856,10605545397,1785477755414337253,1785477755444108513,1785477755553114813,109006300,1785477755523343553
55,194,12,2,rank194:B3,1785477744808224865,10609912721,1785477755418137586,1785477755443267650,1785477755554370092,111102442,1785477755529240028
55,195,12,3,rank195:B3,1785477744811134701,10608183259,1785477755419317960,1785477755443539043,1785477755554745858,111206815,1785477755530524775
55,196,12,4,rank196:B3,1785477744808924105,10608449325,1785477755417373430,1785477755443197530,1785477755553219218,110021688,1785477755527395118
55,197,12,5,rank197:B3,1785477744808609781,10610522113,1785477755419131894,1785477755443151861,1785477755552806980,109655119,1785477755528787013
55,198,12,6,rank198:B3,1785477744808565246,10604115517,1785477755412680763,1785477755442936684,1785477755553870178,110933494,1785477755523614257
55,199,12,7,rank199:B3,1785477744808446696,10607905815,1785477755416352511,1785477755444830487,1785477755554298351,109467864,1785477755525820375
55,200,12,8,rank200:B3,1785477744808618037,10756581745,1785477755565199782,1785477755604582880,1785477755711728971,107146091,1785477755672345873
55,201,12,9,rank201:B3,1785477744808590481,10758201464,1785477755566791945,1785477755604562665,1785477755711995079,107432414,1785477755674224359
55,202,12,10,rank202:B3,1785477744809248162,10771062709,1785477755580310871,1785477755605096581,1785477755711149330,106052749,1785477755686363620
55,203,12,11,rank203:B3,1785477744809005006,10778892656,1785477755587897662,1785477755605877678,1785477755710802814,104925136,1785477755692822798
55,204,12,12,rank204:B3,1785477744809228982,10772542188,1785477755581771170,1785477755604681268,1785477755710055268,105374000,1785477755687145170
55,205,12,13,rank205:B3,1785477744808336642,10773835934,1785477755582172576,1785477755604644444,1785477755710295116,105650672,1785477755687823248
55,206,12,14,rank206:B3,1785477744808877140,10768040290,1785477755576917430,1785477755606095784,1785477755711114858,105019074,1785477755681936504
55,207,12,15,rank207:B3,1785477744809154297,10767242496,1785477755576396793,1785477755604650261,1785477755711582664,106932403,1785477755683329196
55,208,13,0,rank208:B3,1785477744809471652,9830905910,1785477754640377562,1785477754666075458,1785477754773589591,107514133,1785477754747891695
55,209,13,1,rank209:B3,1785477744808791856,9828506706,1785477754637298562,1785477754666506453,1785477754773075201,106568748,1785477754743867310
55,210,13,2,rank210:B3,1785477744808224865,9833765850,1785477754641990715,1785477754668057664,1785477754773378248,105320584,1785477754747311299
55,211,13,3,rank211:B3,1785477744811134701,9830732688,1785477754641867389,1785477754665894681,1785477754773158525,107263844,1785477754749131233
55,212,13,4,rank212:B3,1785477744808924105,9832083573,1785477754641007678,1785477754666748297,1785477754773315175,106566878,1785477754747574556
55,213,13,5,rank213:B3,1785477744808609781,9833897752,1785477754642507533,1785477754666752106,1785477754772841744,106089638,1785477754748597171
55,214,13,6,rank214:B3,1785477744808565246,9828170612,1785477754636735858,1785477754665650978,1785477754773307374,107656396,1785477754744392254
55,215,13,7,rank215:B3,1785477744808446696,9828166192,1785477754636612888,1785477754665792558,1785477754773228711,107436153,1785477754744049041
55,216,13,8,rank216:B3,1785477744808618037,9983014830,1785477754791632867,1785477754830953915,1785477754937526286,106572371,1785477754898205238
55,217,13,9,rank217:B3,1785477744808590481,9984873158,1785477754793463639,1785477754830940277,1785477754937408094,106467817,1785477754899931456
55,218,13,10,rank218:B3,1785477744809248162,9996860593,1785477754806108755,1785477754830937626,1785477754937152703,106215077,1785477754912323832
55,219,13,11,rank219:B3,1785477744809005006,10003854631,1785477754812859637,1785477754831244976,1785477754937480443,106235467,1785477754919095104
55,220,13,12,rank220:B3,1785477744809228982,9998846702,1785477754808075684,1785477754830534430,1785477754937187851,106653421,1785477754914729105
55,221,13,13,rank221:B3,1785477744808336642,10000112940,1785477754808449582,1785477754830843353,1785477754937250247,106406894,1785477754914856476
55,222,13,14,rank222:B3,1785477744808877140,9992468068,1785477754801345208,1785477754830956009,1785477754936803614,105847605,1785477754907192813
55,223,13,15,rank223:B3,1785477744809154297,9993095197,1785477754802249494,1785477754830796368,1785477754936840437,106044069,1785477754908293563
55,224,14,0,rank224:B3,1785477744809471652,9046025157,1785477753855496809,1785477753881986800,1785477753993809290,111822490,1785477753967319299
55,225,14,1,rank225:B3,1785477744808791856,9043301406,1785477753852093262,1785477753881871495,1785477753992553001,110681506,1785477753962774768
55,226,14,2,rank226:B3,1785477744808224865,9047464594,1785477753855689459,1785477753881897098,1785477753994488836,112591738,1785477753968281197
55,227,14,3,rank227:B3,1785477744811134701,9047979002,1785477753859113703,1785477753882421663,1785477753993350283,110928620,1785477753970042323
55,228,14,4,rank228:B3,1785477744808924105,9049983942,1785477753858908047,1785477753884502159,1785477753993537303,109035144,1785477753967943191
55,229,14,5,rank229:B3,1785477744808609781,9048514805,1785477753857124586,1785477753881761675,1785477753993072387,111310712,1785477753968435298
55,230,14,6,rank230:B3,1785477744808565246,9045094980,1785477753853660226,1785477753881951687,1785477753993449823,111498136,1785477753965158362
55,231,14,7,rank231:B3,1785477744808446696,9045190703,1785477753853637399,1785477753881845662,1785477753994106627,112260965,1785477753965898364
55,232,14,8,rank232:B3,1785477744808618037,9202065120,1785477754010683157,1785477754049748107,1785477754156351875,106603768,1785477754117286925
55,233,14,9,rank233:B3,1785477744808590481,9204002278,1785477754012592759,1785477754049338729,1785477754156868788,107530059,1785477754120122818
55,234,14,10,rank234:B3,1785477744809248162,9216885815,1785477754026133977,1785477754050017964,1785477754157473896,107455932,1785477754133589909
55,235,14,11,rank235:B3,1785477744809005006,9223447138,1785477754032452144,1785477754052013191,1785477754157268403,105255212,1785477754137707356
55,236,14,12,rank236:B3,1785477744809228982,9218319254,1785477754027548236,1785477754049533122,1785477754156381981,106848859,1785477754134397095
55,237,14,13,rank237:B3,1785477744808336642,9218983697,1785477754027320339,1785477754051044859,1785477754156000593,104955734,1785477754132276073
55,238,14,14,rank238:B3,1785477744808877140,9212130192,1785477754021007332,1785477754049632334,1785477754156996178,107363844,1785477754128371176
55,239,14,15,rank239:B3,1785477744809154297,9212994520,1785477754022148817,1785477754049064375,1785477754157226243,108161868,1785477754130310685
55,240,15,0,rank240:B3,1785477744809471652,8135641186,1785477752945112838,1785477752965064571,1785477753206825376,241760805,1785477753186873643
55,241,15,1,rank241:B3,1785477744808791856,8131297318,1785477752940089174,1785477752963574286,1785477753206401997,242827711,1785477753182916885
55,242,15,2,rank242:B3,1785477744808224865,8136242102,1785477752944466967,1785477752965700255,1785477753205809133,240108878,1785477753184575845
55,243,15,3,rank243:B3,1785477744811134701,8134124139,1785477752945258840,1785477752964100507,1785477753205686340,241585833,1785477753186844673
55,244,15,4,rank244:B3,1785477744808924105,8134359177,1785477752943283282,1785477752964342244,1785477753205607533,241265289,1785477753184548571
55,245,15,5,rank245:B3,1785477744808609781,8136617525,1785477752945227306,1785477752965250752,1785477753205095107,239844355,1785477753185071661
55,246,15,6,rank246:B3,1785477744808565246,8132983995,1785477752941549241,1785477752964660680,1785477753205565559,240904879,1785477753182454120
55,247,15,7,rank247:B3,1785477744808446696,8132446803,1785477752940893499,1785477752963799292,1785477753206099438,242300146,1785477753183193645
55,248,15,8,rank248:B3,1785477744808618037,8237418747,1785477753046036784,1785477753084157988,1785477753365186531,281028543,1785477753327065327
55,249,15,9,rank249:B3,1785477744808590481,8250054058,1785477753058644539,1785477753084316184,1785477753374142765,289826581,1785477753348471120
55,250,15,10,rank250:B3,1785477744809248162,8256561782,1785477753065809944,1785477753084430664,1785477753364760623,280329959,1785477753346139903
55,251,15,11,rank251:B3,1785477744809005006,8261187580,1785477753070192586,1785477753086685008,1785477753365251549,278566541,1785477753348759127
55,252,15,12,rank252:B3,1785477744809228982,8257372679,1785477753066601661,1785477753084208341,1785477753366079666,281871325,1785477753348472986
55,253,15,13,rank253:B3,1785477744808336642,8258161243,1785477753066497885,1785477753084479105,1785477753366036632,281557527,1785477753348055412
55,254,15,14,rank254:B3,1785477744808877140,8251962710,1785477753060839850,1785477753084624463,1785477753366427705,281803242,1785477753342643092
55,255,15,15,rank255:B3,1785477744809154297,8254794189,1785477753063948486,1785477753084243014,1785477753365868101,281625087,1785477753345573573
