case_id,attempt_id,iteration,method,predicted_profiler_step_ms,predicted_outer_framework_ms,predicted_training_step_ms,model_training_flops,world_size,predicted_useful_tflops_per_gpu,peak_bf16_dense_tflops_per_gpu,predicted_mfu_pct,actual_training_step_ms,actual_profiler_step_ms,profiler_clock_compatible,profiler_definition,training_signed_relative_error_pct,training_ape_pct,profiler_ape_pct,mfu_signed_relative_error_pct,mfu_relative_ape_pct,actual_useful_tflops_per_gpu,actual_mfu_pct,absolute_mfu_error_percentage_points,mfu_signed_error_percentage_points
source16_holdout,wo_mccllog_1116,65,M2_source_only_linear,3923.3362045000003,328.5579050000001,4251.894109500001,4218697266757632,16,62.01202861172805,500.0,12.402405722345609,4366.6,4003.487694,True,max rank ProfilerStep marker end - min rank ProfilerStep marker start,-2.626892559428373,2.626892559428373,2.0020416103719296,2.697759811179501,2.697759811179501,60.38303924617597,12.076607849235193,0.32579787311041564,0.32579787311041564
source16_holdout,wo_mccllog_1116,70,M2_source_only_linear,3923.3362045000003,328.5579050000001,4251.894109500001,4218697266757632,16,62.01202861172805,500.0,12.402405722345609,4338.7,4023.000177,True,max rank ProfilerStep marker end - min rank ProfilerStep marker start,-2.000735024316014,2.000735024316014,2.477354414990862,2.041581663711911,2.041581663711911,60.771332236004326,12.154266447200866,0.24813927514474265,0.24813927514474265
source16_holdout,wo_mccllog_1116,75,M2_source_only_linear,3923.3362045000003,328.5579050000001,4251.894109500001,4218697266757632,16,62.01202861172805,500.0,12.402405722345609,4455.3,4119.169723,True,max rank ProfilerStep marker end - min rank ProfilerStep marker start,-4.565481348057354,4.565481348057354,4.7541988232855275,4.7838889036660115,4.7838889036660115,59.18088101190761,11.836176202381521,0.5662295199640877,0.5662295199640877
source16_holdout,wo_mccllog_1116,80,M2_source_only_linear,3923.3362045000003,328.5579050000001,4251.894109500001,4218697266757632,16,62.01202861172805,500.0,12.402405722345609,4396.5,4047.708253,True,max rank ProfilerStep marker end - min rank ProfilerStep marker start,-3.2891138519276497,3.2891138519276497,3.0726534800975314,3.400975818680574,3.400975818680574,59.972382388798366,11.994476477759674,0.4079292445859348,0.4079292445859348
source16_holdout,wo_mccllog_1116,85,M2_source_only_linear,3923.3362045000003,328.5579050000001,4251.894109500001,4218697266757632,16,62.01202861172805,500.0,12.402405722345609,4284.0,3965.630548,True,max rank ProfilerStep marker end - min rank ProfilerStep marker start,-0.7494372198879384,0.7494372198879384,1.0665225362793906,0.7550961917952126,0.7550961917951904,61.5472873885042,12.30945747770084,0.09294824464476825,0.09294824464476825
source16_holdout,wo_mccllog_1116,90,M2_source_only_linear,3923.3362045000003,328.5579050000001,4251.894109500001,4218697266757632,16,62.01202861172805,500.0,12.402405722345609,4334.5,3974.572754,True,max rank ProfilerStep marker end - min rank ProfilerStep marker start,-1.9057766870457793,1.9057766870457793,1.289108356324209,1.9428021576415322,1.9428021576415322,60.83021782728158,12.166043565456315,0.23636215688929418,0.23636215688929418
source16_holdout,wo_mccllog_1116,95,M2_source_only_linear,3923.3362045000003,328.5579050000001,4251.894109500001,4218697266757632,16,62.01202861172805,500.0,12.402405722345609,4536.0,4136.853156,True,max rank ProfilerStep marker end - min rank ProfilerStep marker start,-6.263357374338607,6.263357374338607,5.161337457442006,6.6818665560184565,6.681866556018434,58.12799364469842,11.625598728939684,0.7768069934059252,0.7768069934059252
source16_holdout,wo_mccllog_1116,100,M2_source_only_linear,3923.3362045000003,328.5579050000001,4251.894109500001,4218697266757632,16,62.01202861172805,500.0,12.402405722345609,4466.3,4145.230924,True,max rank ProfilerStep marker end - min rank ProfilerStep marker start,-4.800525949891387,4.800525949891387,5.353012258382927,5.042597133850357,5.042597133850379,59.03512508616796,11.807025017233592,0.5953807051120172,0.5953807051120172
source16_holdout,wo_mccllog_1116,65,B0_constant_work_efficiency,3923.3362045000003,326.0137955,4249.35,4218697266757632,16,62.049155558462346,500.0,12.409831111692469,4366.6,4003.487694,True,max rank ProfilerStep marker end - min rank ProfilerStep marker start,-2.6851554985572346,2.6851554985572346,2.0020416103719296,2.759245531669552,2.759245531669552,60.38303924617597,12.076607849235193,0.33322326245727574,0.33322326245727574
source16_holdout,wo_mccllog_1116,70,B0_constant_work_efficiency,3923.3362045000003,326.0137955,4249.35,4218697266757632,16,62.049155558462346,500.0,12.409831111692469,4338.7,4023.000177,True,max rank ProfilerStep marker end - min rank ProfilerStep marker start,-2.0593726231359466,2.0593726231359466,2.477354414990862,2.1026745266923053,2.1026745266923053,60.771332236004326,12.154266447200866,0.25556466449160276,0.25556466449160276
source16_holdout,wo_mccllog_1116,75,B0_constant_work_efficiency,3923.3362045000003,326.0137955,4249.35,4218697266757632,16,62.049155558462346,500.0,12.409831111692469,4455.3,4119.169723,True,max rank ProfilerStep marker end - min rank ProfilerStep marker start,-4.622584337755031,4.622584337755031,4.7541988232855275,4.84662360125665,4.846623601256672,59.18088101190761,11.836176202381521,0.5736549093109478,0.5736549093109478
source16_holdout,wo_mccllog_1116,80,B0_constant_work_efficiency,3923.3362045000003,326.0137955,4249.35,4218697266757632,16,62.049155558462346,500.0,12.409831111692469,4396.5,4047.708253,True,max rank ProfilerStep marker end - min rank ProfilerStep marker start,-3.3469805527123753,3.3469805527123753,3.0726534800975314,3.4628825585089507,3.4628825585089285,59.972382388798366,11.994476477759674,0.4153546339327949,0.4153546339327949
source16_holdout,wo_mccllog_1116,85,B0_constant_work_efficiency,3923.3362045000003,326.0137955,4249.35,4218697266757632,16,62.049155558462346,500.0,12.409831111692469,4284.0,3965.630548,True,max rank ProfilerStep marker end - min rank ProfilerStep marker start,-0.8088235294117507,0.8088235294117507,1.0665225362793906,0.8154188287620379,0.8154188287620379,61.5472873885042,12.30945747770084,0.10037363399162835,0.10037363399162835
source16_holdout,wo_mccllog_1116,90,B0_constant_work_efficiency,3923.3362045000003,326.0137955,4249.35,4218697266757632,16,62.049155558462346,500.0,12.409831111692469,4334.5,3974.572754,True,max rank ProfilerStep marker end - min rank ProfilerStep marker start,-1.9644711039335516,1.9644711039335516,1.289108356324209,2.003835880781768,2.003835880781768,60.83021782728158,12.166043565456315,0.24378754623615428,0.24378754623615428
source16_holdout,wo_mccllog_1116,95,B0_constant_work_efficiency,3923.3362045000003,326.0137955,4249.35,4218697266757632,16,62.049155558462346,500.0,12.409831111692469,4536.0,4136.853156,True,max rank ProfilerStep marker end - min rank ProfilerStep marker start,-6.319444444444433,6.319444444444433,5.161337457442006,6.745737583395095,6.745737583395073,58.12799364469842,11.625598728939684,0.7842323827527853,0.7842323827527853
source16_holdout,wo_mccllog_1116,100,B0_constant_work_efficiency,3923.3362045000003,326.0137955,4249.35,4218697266757632,16,62.049155558462346,500.0,12.409831111692469,4466.3,4145.230924,True,max rank ProfilerStep marker end - min rank ProfilerStep marker start,-4.857488301278456,4.857488301278456,5.353012258382927,5.1054867214985755,5.105486721498598,59.03512508616796,11.807025017233592,0.6028060944588773,0.6028060944588773
source16_holdout,wo_mccllog_1116,65,B1_compute_bubble,3923.3362045000003,328.5579050000001,4251.894109500001,4218697266757632,16,62.01202861172805,500.0,12.402405722345609,4366.6,4003.487694,True,max rank ProfilerStep marker end - min rank ProfilerStep marker start,-2.626892559428373,2.626892559428373,2.0020416103719296,2.697759811179501,2.697759811179501,60.38303924617597,12.076607849235193,0.32579787311041564,0.32579787311041564
source16_holdout,wo_mccllog_1116,70,B1_compute_bubble,3923.3362045000003,328.5579050000001,4251.894109500001,4218697266757632,16,62.01202861172805,500.0,12.402405722345609,4338.7,4023.000177,True,max rank ProfilerStep marker end - min rank ProfilerStep marker start,-2.000735024316014,2.000735024316014,2.477354414990862,2.041581663711911,2.041581663711911,60.771332236004326,12.154266447200866,0.24813927514474265,0.24813927514474265
source16_holdout,wo_mccllog_1116,75,B1_compute_bubble,3923.3362045000003,328.5579050000001,4251.894109500001,4218697266757632,16,62.01202861172805,500.0,12.402405722345609,4455.3,4119.169723,True,max rank ProfilerStep marker end - min rank ProfilerStep marker start,-4.565481348057354,4.565481348057354,4.7541988232855275,4.7838889036660115,4.7838889036660115,59.18088101190761,11.836176202381521,0.5662295199640877,0.5662295199640877
source16_holdout,wo_mccllog_1116,80,B1_compute_bubble,3923.3362045000003,328.5579050000001,4251.894109500001,4218697266757632,16,62.01202861172805,500.0,12.402405722345609,4396.5,4047.708253,True,max rank ProfilerStep marker end - min rank ProfilerStep marker start,-3.2891138519276497,3.2891138519276497,3.0726534800975314,3.400975818680574,3.400975818680574,59.972382388798366,11.994476477759674,0.4079292445859348,0.4079292445859348
source16_holdout,wo_mccllog_1116,85,B1_compute_bubble,3923.3362045000003,328.5579050000001,4251.894109500001,4218697266757632,16,62.01202861172805,500.0,12.402405722345609,4284.0,3965.630548,True,max rank ProfilerStep marker end - min rank ProfilerStep marker start,-0.7494372198879384,0.7494372198879384,1.0665225362793906,0.7550961917952126,0.7550961917951904,61.5472873885042,12.30945747770084,0.09294824464476825,0.09294824464476825
source16_holdout,wo_mccllog_1116,90,B1_compute_bubble,3923.3362045000003,328.5579050000001,4251.894109500001,4218697266757632,16,62.01202861172805,500.0,12.402405722345609,4334.5,3974.572754,True,max rank ProfilerStep marker end - min rank ProfilerStep marker start,-1.9057766870457793,1.9057766870457793,1.289108356324209,1.9428021576415322,1.9428021576415322,60.83021782728158,12.166043565456315,0.23636215688929418,0.23636215688929418
source16_holdout,wo_mccllog_1116,95,B1_compute_bubble,3923.3362045000003,328.5579050000001,4251.894109500001,4218697266757632,16,62.01202861172805,500.0,12.402405722345609,4536.0,4136.853156,True,max rank ProfilerStep marker end - min rank ProfilerStep marker start,-6.263357374338607,6.263357374338607,5.161337457442006,6.6818665560184565,6.681866556018434,58.12799364469842,11.625598728939684,0.7768069934059252,0.7768069934059252
source16_holdout,wo_mccllog_1116,100,B1_compute_bubble,3923.3362045000003,328.5579050000001,4251.894109500001,4218697266757632,16,62.01202861172805,500.0,12.402405722345609,4466.3,4145.230924,True,max rank ProfilerStep marker end - min rank ProfilerStep marker start,-4.800525949891387,4.800525949891387,5.353012258382927,5.042597133850357,5.042597133850379,59.03512508616796,11.807025017233592,0.5953807051120172,0.5953807051120172
source16_holdout,wo_mccllog_1116,65,M2_no_shape_speedup_sensitivity,3923.3362045000003,328.5579050000001,4251.894109500001,4218697266757632,16,62.01202861172805,500.0,12.402405722345609,4366.6,4003.487694,True,max rank ProfilerStep marker end - min rank ProfilerStep marker start,-2.626892559428373,2.626892559428373,2.0020416103719296,2.697759811179501,2.697759811179501,60.38303924617597,12.076607849235193,0.32579787311041564,0.32579787311041564
source16_holdout,wo_mccllog_1116,70,M2_no_shape_speedup_sensitivity,3923.3362045000003,328.5579050000001,4251.894109500001,4218697266757632,16,62.01202861172805,500.0,12.402405722345609,4338.7,4023.000177,True,max rank ProfilerStep marker end - min rank ProfilerStep marker start,-2.000735024316014,2.000735024316014,2.477354414990862,2.041581663711911,2.041581663711911,60.771332236004326,12.154266447200866,0.24813927514474265,0.24813927514474265
source16_holdout,wo_mccllog_1116,75,M2_no_shape_speedup_sensitivity,3923.3362045000003,328.5579050000001,4251.894109500001,4218697266757632,16,62.01202861172805,500.0,12.402405722345609,4455.3,4119.169723,True,max rank ProfilerStep marker end - min rank ProfilerStep marker start,-4.565481348057354,4.565481348057354,4.7541988232855275,4.7838889036660115,4.7838889036660115,59.18088101190761,11.836176202381521,0.5662295199640877,0.5662295199640877
source16_holdout,wo_mccllog_1116,80,M2_no_shape_speedup_sensitivity,3923.3362045000003,328.5579050000001,4251.894109500001,4218697266757632,16,62.01202861172805,500.0,12.402405722345609,4396.5,4047.708253,True,max rank ProfilerStep marker end - min rank ProfilerStep marker start,-3.2891138519276497,3.2891138519276497,3.0726534800975314,3.400975818680574,3.400975818680574,59.972382388798366,11.994476477759674,0.4079292445859348,0.4079292445859348
source16_holdout,wo_mccllog_1116,85,M2_no_shape_speedup_sensitivity,3923.3362045000003,328.5579050000001,4251.894109500001,4218697266757632,16,62.01202861172805,500.0,12.402405722345609,4284.0,3965.630548,True,max rank ProfilerStep marker end - min rank ProfilerStep marker start,-0.7494372198879384,0.7494372198879384,1.0665225362793906,0.7550961917952126,0.7550961917951904,61.5472873885042,12.30945747770084,0.09294824464476825,0.09294824464476825
source16_holdout,wo_mccllog_1116,90,M2_no_shape_speedup_sensitivity,3923.3362045000003,328.5579050000001,4251.894109500001,4218697266757632,16,62.01202861172805,500.0,12.402405722345609,4334.5,3974.572754,True,max rank ProfilerStep marker end - min rank ProfilerStep marker start,-1.9057766870457793,1.9057766870457793,1.289108356324209,1.9428021576415322,1.9428021576415322,60.83021782728158,12.166043565456315,0.23636215688929418,0.23636215688929418
source16_holdout,wo_mccllog_1116,95,M2_no_shape_speedup_sensitivity,3923.3362045000003,328.5579050000001,4251.894109500001,4218697266757632,16,62.01202861172805,500.0,12.402405722345609,4536.0,4136.853156,True,max rank ProfilerStep marker end - min rank ProfilerStep marker start,-6.263357374338607,6.263357374338607,5.161337457442006,6.6818665560184565,6.681866556018434,58.12799364469842,11.625598728939684,0.7768069934059252,0.7768069934059252
source16_holdout,wo_mccllog_1116,100,M2_no_shape_speedup_sensitivity,3923.3362045000003,328.5579050000001,4251.894109500001,4218697266757632,16,62.01202861172805,500.0,12.402405722345609,4466.3,4145.230924,True,max rank ProfilerStep marker end - min rank ProfilerStep marker start,-4.800525949891387,4.800525949891387,5.353012258382927,5.042597133850357,5.042597133850379,59.03512508616796,11.807025017233592,0.5953807051120172,0.5953807051120172
target256,target256_20260731_1340,5,M2_source_only_linear,12409.94746056234,328.5579050000001,12738.50536556234,97677091138437120,256,29.952582843118854,500.0,5.990516568623771,23897.8,22778.999835,True,max rank ProfilerStep marker end - min rank ProfilerStep marker start,-46.69590771718594,46.69590771718594,45.5202267419379,87.60285696158698,87.60285696158701,15.965952399782406,3.193190479956481,2.7973260886672895,2.7973260886672895
target256,target256_20260731_1340,10,M2_source_only_linear,12409.94746056234,328.5579050000001,12738.50536556234,97677091138437120,256,29.952582843118854,500.0,5.990516568623771,22181.0,21124.008279,True,max rank ProfilerStep marker end - min rank ProfilerStep marker start,-42.570193564030745,42.570193564030745,41.251928627108924,74.12560864451795,74.12560864451798,17.20171034937649,3.440342069875298,2.550174498748473,2.550174498748473
target256,target256_20260731_1340,15,M2_source_only_linear,12409.94746056234,328.5579050000001,12738.50536556234,97677091138437120,256,29.952582843118854,500.0,5.990516568623771,22322.3,21232.475572,True,max rank ProfilerStep marker end - min rank ProfilerStep marker start,-42.93372382970241,42.93372382970241,41.55204644658691,75.23484395859172,75.2348439585917,17.09282364539138,3.4185647290782764,2.5719518395454943,2.5719518395454943
target256,target256_20260731_1340,20,M2_source_only_linear,12409.94746056234,328.5579050000001,12738.50536556234,97677091138437120,256,29.952582843118854,500.0,5.990516568623771,22477.2,21324.065408,True,max rank ProfilerStep marker end - min rank ProfilerStep marker start,-43.32699194934272,43.32699194934272,41.803088561590194,76.45084219036829,76.45084219036829,16.97502968606054,3.395005937212108,2.5955106314116625,2.5955106314116625
target256,target256_20260731_1340,25,M2_source_only_linear,12409.94746056234,328.5579050000001,12738.50536556234,97677091138437120,256,29.952582843118854,500.0,5.990516568623771,22339.2,21141.494931,True,max rank ProfilerStep marker end - min rank ProfilerStep marker start,-42.976895477177614,42.976895477177614,41.300520606206035,75.3675125842665,75.36751258426652,17.079892621916628,3.4159785243833256,2.574538044240445,2.574538044240445
target256,target256_20260731_1340,30,M2_source_only_linear,12409.94746056234,328.5579050000001,12738.50536556234,97677091138437120,256,29.952582843118854,500.0,5.990516568623771,22524.6,21238.714665,True,max rank ProfilerStep marker end - min rank ProfilerStep marker start,-43.446252694554666,43.446252694554666,41.569216139933765,76.82294235942062,76.82294235942062,16.93930801255161,3.387861602510322,2.6026549661134486,2.6026549661134486
target256,target256_20260731_1340,35,M2_source_only_linear,12409.94746056234,328.5579050000001,12738.50536556234,97677091138437120,256,29.952582843118854,500.0,5.990516568623771,22519.5,21329.541819,True,max rank ProfilerStep marker end - min rank ProfilerStep marker start,-43.43344494521486,43.43344494521486,41.81803075813018,76.78290626528208,76.78290626528207,16.943144264282957,3.3886288528565913,2.6018877157671794,2.6018877157671794
target256,target256_20260731_1340,40,M2_source_only_linear,12409.94746056234,328.5579050000001,12738.50536556234,97677091138437120,256,29.952582843118854,500.0,5.990516568623771,22643.5,21315.203585,True,max rank ProfilerStep marker end - min rank ProfilerStep marker start,-43.74321387787957,43.74321387787957,41.77889312164249,77.75633286786629,77.75633286786628,16.850360468104313,3.3700720936208626,2.620444475002908,2.620444475002908
target256,target256_20260731_1340,45,M2_source_only_linear,12409.94746056234,328.5579050000001,12738.50536556234,97677091138437120,256,29.952582843118854,500.0,5.990516568623771,22982.2,21655.342667,True,max rank ProfilerStep marker end - min rank ProfilerStep marker start,-44.57229784110164,44.57229784110164,42.693368323034996,80.41520053153783,80.41520053153783,16.60202840718121,3.3204056814362417,2.670110887187529,2.670110887187529
target256,target256_20260731_1340,50,M2_source_only_linear,12409.94746056234,328.5579050000001,12738.50536556234,97677091138437120,256,29.952582843118854,500.0,5.990516568623771,23005.5,21548.742122,True,max rank ProfilerStep marker end - min rank ProfilerStep marker start,-44.62843508916416,44.62843508916416,42.40987529433325,80.59811053024922,80.59811053024923,16.585213851449435,3.317042770289887,2.673473798333884,2.673473798333884
target256,target256_20260731_1340,55,M2_source_only_linear,12409.94746056234,328.5579050000001,12738.50536556234,97677091138437120,256,29.952582843118854,500.0,5.990516568623771,22940.1,21638.095425,True,max rank ProfilerStep marker end - min rank ProfilerStep marker start,-44.47057612842864,44.47057612842864,42.64769048839546,80.08470649953139,80.08470649953139,16.632496687439026,3.3264993374878054,2.6640172311359653,2.6640172311359653
target256,target256_20260731_1340,60,M2_source_only_linear,12409.94746056234,328.5579050000001,12738.50536556234,97677091138437120,256,29.952582843118854,500.0,5.990516568623771,23311.8,21987.373032,True,max rank ProfilerStep marker end - min rank ProfilerStep marker start,-45.35597694917449,45.35597694917449,43.558753278524264,83.00263124292293,83.0026312429229,16.367296273111474,3.2734592546222947,2.717057314001476,2.717057314001476
target256,target256_20260731_1340,65,M2_source_only_linear,12409.94746056234,328.5579050000001,12738.50536556234,97677091138437120,256,29.952582843118854,500.0,5.990516568623771,23628.5,22278.081261,True,max rank ProfilerStep marker end - min rank ProfilerStep marker start,-46.088387474607615,46.088387474607615,44.29525902534888,85.48879418678112,85.48879418678112,16.147920403729394,3.229584080745879,2.760932487877892,2.760932487877892
target256,target256_20260731_1340,70,M2_source_only_linear,12409.94746056234,328.5579050000001,12738.50536556234,97677091138437120,256,29.952582843118854,500.0,5.990516568623771,24226.5,22854.04661,True,max rank ProfilerStep marker end - min rank ProfilerStep marker start,-47.419126305647374,47.419126305647374,45.69912421928704,90.18322247988884,90.18322247988881,15.74932975293666,3.149865950587332,2.8406506180364386,2.8406506180364386
target256,target256_20260731_1340,75,M2_source_only_linear,12409.94746056234,328.5579050000001,12738.50536556234,97677091138437120,256,29.952582843118854,500.0,5.990516568623771,24220.2,22744.154276,True,max rank ProfilerStep marker end - min rank ProfilerStep marker start,-47.405449312712776,47.405449312712776,45.436760101220756,90.13376612830592,90.13376612830595,15.753426365575839,3.150685273115168,2.8398312955086027,2.8398312955086027
target256,target256_20260731_1340,80,M2_source_only_linear,12409.94746056234,328.5579050000001,12738.50536556234,97677091138437120,256,29.952582843118854,500.0,5.990516568623771,24512.1,23149.729319,True,max rank ProfilerStep marker end - min rank ProfilerStep marker start,-48.03176649262062,48.03176649262062,46.3926887025113,92.42524375164727,92.42524375164727,15.565828193403258,3.113165638680652,2.877350929943119,2.877350929943119
target256,target256_20260731_1340,85,M2_source_only_linear,12409.94746056234,328.5579050000001,12738.50536556234,97677091138437120,256,29.952582843118854,500.0,5.990516568623771,25118.5,23737.849883,True,max rank ProfilerStep marker end - min rank ProfilerStep marker start,-49.28636118573028,49.28636118573028,47.72084446683692,97.18561384686552,97.18561384686552,15.190044678604215,3.038008935720843,2.9525076329029276,2.9525076329029276
target256,target256_20260731_1340,90,M2_source_only_linear,12409.94746056234,328.5579050000001,12738.50536556234,97677091138437120,256,29.952582843118854,500.0,5.990516568623771,25262.2,23858.300564,True,max rank ProfilerStep marker end - min rank ProfilerStep marker start,-49.57483764057628,49.57483764057628,47.98478027689944,98.31368967582803,98.31368967582802,15.103638529483575,3.0207277058967152,2.9697888627270554,2.9697888627270554
target256,target256_20260731_1340,95,M2_source_only_linear,12409.94746056234,328.5579050000001,12738.50536556234,97677091138437120,256,29.952582843118854,500.0,5.990516568623771,25170.3,23804.021449,True,max rank ProfilerStep marker end - min rank ProfilerStep marker start,-49.390728892534696,49.390728892534696,47.8661725828529,97.59225495988053,97.59225495988055,15.15878385476216,3.031756770952432,2.958759797671339,2.958759797671339
target256,target256_20260731_1340,100,M2_source_only_linear,12409.94746056234,328.5579050000001,12738.50536556234,97677091138437120,256,29.952582843118854,500.0,5.990516568623771,25577.3,23945.310715,True,max rank ProfilerStep marker end - min rank ProfilerStep marker start,-50.1960513206541,50.1960513206541,48.173788144714244,100.78729227642707,100.78729227642711,14.91756898732548,2.9835137974650956,3.007002771158675,3.007002771158675
target256,target256_20260731_1340,5,B0_constant_work_efficiency,5677.405306985448,471.770033523816,6149.175340509264,97677091138437120,256,62.04915555846235,500.0,12.40983111169247,23897.8,22778.999835,True,max rank ProfilerStep marker end - min rank ProfilerStep marker start,-74.26886432847684,74.26886432847684,75.07614316646995,288.63422616309435,288.6342261630944,15.965952399782406,3.193190479956481,9.21664063173599,9.21664063173599
target256,target256_20260731_1340,10,B0_constant_work_efficiency,5677.405306985448,471.770033523816,6149.175340509264,97677091138437120,256,62.04915555846235,500.0,12.40983111169247,22181.0,21124.008279,True,max rank ProfilerStep marker end - min rank ProfilerStep marker start,-72.27728533199918,72.27728533199918,73.12344687618058,260.7150352971234,260.7150352971235,17.20171034937649,3.440342069875298,8.969489041817173,8.969489041817173
target256,target256_20260731_1340,15,B0_constant_work_efficiency,5677.405306985448,471.770033523816,6149.175340509264,97677091138437120,256,62.04915555846235,500.0,12.40983111169247,22322.3,21232.475572,True,max rank ProfilerStep marker end - min rank ProfilerStep marker start,-72.45276991838088,72.45276991838088,73.26074725609274,263.012904396239,263.01290439623904,17.09282364539138,3.4185647290782764,8.991266382614194,8.991266382614194
target256,target256_20260731_1340,20,B0_constant_work_efficiency,5677.405306985448,471.770033523816,6149.175340509264,97677091138437120,256,62.04915555846235,500.0,12.40983111169247,22477.2,21324.065408,True,max rank ProfilerStep marker end - min rank ProfilerStep marker start,-72.64260966441879,72.64260966441879,73.37559607721191,265.5319413633516,265.5319413633517,16.97502968606054,3.395005937212108,9.014825174480363,9.014825174480363
target256,target256_20260731_1340,25,B0_constant_work_efficiency,5677.405306985448,471.770033523816,6149.175340509264,97677091138437120,256,62.04915555846235,500.0,12.40983111169247,22339.2,21141.494931,True,max rank ProfilerStep marker end - min rank ProfilerStep marker start,-72.47360988527224,72.47360988527224,73.14567713629083,263.28773799691174,263.28773799691186,17.079892621916628,3.4159785243833256,8.993852587309146,8.993852587309146
target256,target256_20260731_1340,30,B0_constant_work_efficiency,5677.405306985448,471.770033523816,6149.175340509264,97677091138437120,256,62.04915555846235,500.0,12.40983111169247,22524.6,21238.714665,True,max rank ProfilerStep marker end - min rank ProfilerStep marker start,-72.70017962357038,72.70017962357038,73.26860218927732,266.302776432694,266.30277643269403,16.93930801255161,3.387861602510322,9.02196950918215,9.02196950918215
target256,target256_20260731_1340,35,B0_constant_work_efficiency,5677.405306985448,471.770033523816,6149.175340509264,97677091138437120,256,62.04915555846235,500.0,12.40983111169247,22519.5,21329.541819,True,max rank ProfilerStep marker end - min rank ProfilerStep marker start,-72.69399702253929,72.69399702253929,73.38243195675159,266.21983848219514,266.21983848219514,16.943144264282957,3.3886288528565913,9.02120225883588,9.02120225883588
target256,target256_20260731_1340,40,B0_constant_work_efficiency,5677.405306985448,471.770033523816,6149.175340509264,97677091138437120,256,62.04915555846235,500.0,12.40983111169247,22643.5,21315.203585,True,max rank ProfilerStep marker end - min rank ProfilerStep marker start,-72.84352975242669,72.84352975242669,73.36452694741902,268.23636904334404,268.2363690433441,16.850360468104313,3.3700720936208626,9.039759018071608,9.039759018071608
target256,target256_20260731_1340,45,B0_constant_work_efficiency,5677.405306985448,471.770033523816,6149.175340509264,97677091138437120,256,62.04915555846235,500.0,12.40983111169247,22982.2,21655.342667,True,max rank ProfilerStep marker end - min rank ProfilerStep marker start,-73.24374802886902,73.24374802886902,73.7828886188114,273.7444246970628,273.7444246970628,16.60202840718121,3.3204056814362417,9.08942543025623,9.08942543025623
target256,target256_20260731_1340,50,B0_constant_work_efficiency,5677.405306985448,471.770033523816,6149.175340509264,97677091138437120,256,62.04915555846235,500.0,12.40983111169247,23005.5,21548.742122,True,max rank ProfilerStep marker end - min rank ProfilerStep marker start,-73.27084679529128,73.27084679529128,73.65319388555329,274.12333729444,274.12333729444003,16.585213851449435,3.317042770289887,9.092788341402585,9.092788341402585
target256,target256_20260731_1340,55,B0_constant_work_efficiency,5677.405306985448,471.770033523816,6149.175340509264,97677091138437120,256,62.04915555846235,500.0,12.40983111169247,22940.1,21638.095425,True,max rank ProfilerStep marker end - min rank ProfilerStep marker start,-73.19464457212801,73.19464457212801,73.76199154558702,273.05978004686625,273.0597800468663,16.632496687439026,3.3264993374878054,9.083331774204666,9.083331774204666
target256,target256_20260731_1340,60,B0_constant_work_efficiency,5677.405306985448,471.770033523816,6149.175340509264,97677091138437120,256,62.04915555846235,500.0,12.40983111169247,23311.8,21987.373032,True,max rank ProfilerStep marker end - min rank ProfilerStep marker start,-73.62204831669256,73.62204831669256,74.1787920788779,279.10449302734236,279.1044930273424,16.367296273111474,3.2734592546222947,9.136371857070177,9.136371857070177
target256,target256_20260731_1340,65,B0_constant_work_efficiency,5677.405306985448,471.770033523816,6149.175340509264,97677091138437120,256,62.04915555846235,500.0,12.40983111169247,23628.5,22278.081261,True,max rank ProfilerStep marker end - min rank ProfilerStep marker start,-73.97560005709518,73.97560005709518,74.51573481364252,284.25477712988953,284.2547771298896,16.147920403729394,3.229584080745879,9.180247030946592,9.180247030946592
target256,target256_20260731_1340,70,B0_constant_work_efficiency,5677.405306985448,471.770033523816,6149.175340509264,97677091138437120,256,62.04915555846235,500.0,12.40983111169247,24226.5,22854.04661,True,max rank ProfilerStep marker end - min rank ProfilerStep marker start,-74.61797890529269,74.61797890529269,75.15798666262785,293.97965838446237,293.9796583844624,15.74932975293666,3.149865950587332,9.25996516110514,9.25996516110514
target256,target256_20260731_1340,75,B0_constant_work_efficiency,5677.405306985448,471.770033523816,6149.175340509264,97677091138437120,256,62.04915555846235,500.0,12.40983111169247,24220.2,22744.154276,True,max rank ProfilerStep marker end - min rank ProfilerStep marker start,-74.61137669998901,74.61137669998901,75.0379581579943,293.8772056220814,293.87720562208153,15.753426365575839,3.150685273115168,9.259145838577304,9.259145838577304
target256,target256_20260731_1340,80,B0_constant_work_efficiency,5677.405306985448,471.770033523816,6149.175340509264,97677091138437120,256,62.04915555846235,500.0,12.40983111169247,24512.1,23149.729319,True,max rank ProfilerStep marker end - min rank ProfilerStep marker start,-74.91371469392966,74.91371469392966,75.47528427329925,298.6241836123988,298.62418361239884,15.565828193403258,3.113165638680652,9.296665473011819,9.296665473011819
target256,target256_20260731_1340,85,B0_constant_work_efficiency,5677.405306985448,471.770033523816,6149.175340509264,97677091138437120,256,62.04915555846235,500.0,12.40983111169247,25118.5,23737.849883,True,max rank ProfilerStep marker end - min rank ProfilerStep marker start,-75.51933698067455,75.51933698067455,76.08289994684246,308.4856685501463,308.4856685501463,15.190044678604215,3.038008935720843,9.371822175971628,9.371822175971628
target256,target256_20260731_1340,90,B0_constant_work_efficiency,5677.405306985448,471.770033523816,6149.175340509264,97677091138437120,256,62.04915555846235,500.0,12.40983111169247,25262.2,23858.300564,True,max rank ProfilerStep marker end - min rank ProfilerStep marker start,-75.65859133207218,75.65859133207218,76.20364748211725,310.8225672730261,310.8225672730261,15.103638529483575,3.0207277058967152,9.389103405795755,9.389103405795755
target256,target256_20260731_1340,95,B0_constant_work_efficiency,5677.405306985448,471.770033523816,6149.175340509264,97677091138437120,256,62.04915555846235,500.0,12.40983111169247,25170.3,23804.021449,True,max rank ProfilerStep marker end - min rank ProfilerStep marker start,-75.56971772084853,75.56971772084853,76.14938585419586,309.328057929723,309.32805792972306,15.15878385476216,3.031756770952432,9.378074340740039,9.378074340740039
target256,target256_20260731_1340,100,B0_constant_work_efficiency,5677.405306985448,471.770033523816,6149.175340509264,97677091138437120,256,62.04915555846235,500.0,12.40983111169247,25577.3,23945.310715,True,max rank ProfilerStep marker end - min rank ProfilerStep marker start,-75.95846574693472,75.95846574693472,76.290116363247,315.9468316263971,315.94683162639717,14.91756898732548,2.9835137974650956,9.426317314227376,9.426317314227376
target256,target256_20260731_1340,5,B1_compute_bubble,10554.884100917838,328.5579050000001,10883.442005917837,97677091138437120,256,35.05794738944286,500.0,7.011589477888572,23897.8,22778.999835,True,max rank ProfilerStep marker end - min rank ProfilerStep marker start,-54.45839363490431,54.45839363490431,53.66397042287947,119.57943072610342,119.57943072610347,15.965952399782406,3.193190479956481,3.818398997932091,3.818398997932091
target256,target256_20260731_1340,10,B1_compute_bubble,10554.884100917838,328.5579050000001,10883.442005917837,97677091138437120,256,35.05794738944286,500.0,7.011589477888572,22181.0,21124.008279,True,max rank ProfilerStep marker end - min rank ProfilerStep marker start,-50.933492602146714,50.933492602146714,50.03370590698566,103.80500937055714,103.80500937055719,17.20171034937649,3.440342069875298,3.5712474080132743,3.5712474080132743
target256,target256_20260731_1340,15,B1_compute_bubble,10554.884100917838,328.5579050000001,10883.442005917837,97677091138437120,256,35.05794738944286,500.0,7.011589477888572,22322.3,21232.475572,True,max rank ProfilerStep marker end - min rank ProfilerStep marker start,-51.24408324447822,51.24408324447822,50.28896152440685,105.10331187378333,105.10331187378328,17.09282364539138,3.4185647290782764,3.5930247488102958,3.5930247488102958
target256,target256_20260731_1340,20,B1_compute_bubble,10554.884100917838,328.5579050000001,10883.442005917837,97677091138437120,256,35.05794738944286,500.0,7.011589477888572,22477.2,21324.065408,True,max rank ProfilerStep marker end - min rank ProfilerStep marker start,-51.580081122569375,51.580081122569375,50.50247737020148,106.5265748444113,106.5265748444113,16.97502968606054,3.395005937212108,3.616583540676464,3.616583540676464
target256,target256_20260731_1340,25,B1_compute_bubble,10554.884100917838,328.5579050000001,10883.442005917837,97677091138437120,256,35.05794738944286,500.0,7.011589477888572,22339.2,21141.494931,True,max rank ProfilerStep marker end - min rank ProfilerStep marker start,-51.28096795803862,51.28096795803862,50.07503426145566,105.2585936310694,105.25859363106944,17.079892621916628,3.4159785243833256,3.5956109535052465,3.5956109535052465
target256,target256_20260731_1340,30,B1_compute_bubble,10554.884100917838,328.5579050000001,10883.442005917837,97677091138437120,256,35.05794738944286,500.0,7.011589477888572,22524.6,21238.714665,True,max rank ProfilerStep marker end - min rank ProfilerStep marker start,-51.68197434841091,51.68197434841091,50.30356465821545,106.96209882638526,106.96209882638526,16.93930801255161,3.387861602510322,3.62372787537825,3.62372787537825
target256,target256_20260731_1340,35,B1_compute_bubble,10554.884100917838,328.5579050000001,10883.442005917837,97677091138437120,256,35.05794738944286,500.0,7.011589477888572,22519.5,21329.541819,True,max rank ProfilerStep marker end - min rank ProfilerStep marker start,-51.67103174618515,51.67103174618515,50.51518597780791,106.91523865110959,106.91523865110955,16.943144264282957,3.3886288528565913,3.622960625031981,3.622960625031981
target256,target256_20260731_1340,40,B1_compute_bubble,10554.884100917838,328.5579050000001,10883.442005917837,97677091138437120,256,35.05794738944286,500.0,7.011589477888572,22643.5,21315.203585,True,max rank ProfilerStep marker end - min rank ProfilerStep marker start,-51.93569012777248,51.93569012777248,50.4818987122152,108.05458408918489,108.05458408918494,16.850360468104313,3.3700720936208626,3.6415173842677095,3.6415173842677095
target256,target256_20260731_1340,45,B1_compute_bubble,10554.884100917838,328.5579050000001,10883.442005917837,97677091138437120,256,35.05794738944286,500.0,7.011589477888572,22982.2,21655.342667,True,max rank ProfilerStep marker end - min rank ProfilerStep marker start,-52.64403753375292,52.64403753375292,51.25967636151911,111.16665102366974,111.16665102366974,16.60202840718121,3.3204056814362417,3.6911837964523304,3.6911837964523304
target256,target256_20260731_1340,50,B1_compute_bubble,10554.884100917838,328.5579050000001,10883.442005917837,97677091138437120,256,35.05794738944286,500.0,7.011589477888572,23005.5,21548.742122,True,max rank ProfilerStep marker end - min rank ProfilerStep marker start,-52.69199971346923,52.69199971346923,51.018560428444125,111.38073770679196,111.380737706792,16.585213851449435,3.317042770289887,3.6945467075986853,3.6945467075986853
target256,target256_20260731_1340,55,B1_compute_bubble,10554.884100917838,328.5579050000001,10883.442005917837,97677091138437120,256,35.05794738944286,500.0,7.011589477888572,22940.1,21638.095425,True,max rank ProfilerStep marker end - min rank ProfilerStep marker start,-52.557129193343364,52.557129193343364,51.22082653946038,110.77982487090381,110.77982487090381,16.632496687439026,3.3264993374878054,3.6850901404007668,3.6850901404007668
target256,target256_20260731_1340,60,B1_compute_bubble,10554.884100917838,328.5579050000001,10883.442005917837,97677091138437120,256,35.05794738944286,500.0,7.011589477888572,23311.8,21987.373032,True,max rank ProfilerStep marker end - min rank ProfilerStep marker start,-53.31359223261251,53.31359223261251,51.9957018714493,114.19510470423128,114.19510470423124,16.367296273111474,3.2734592546222947,3.7381302232662774,3.7381302232662774
target256,target256_20260731_1340,65,B1_compute_bubble,10554.884100917838,328.5579050000001,10883.442005917837,97677091138437120,256,35.05794738944286,500.0,7.011589477888572,23628.5,22278.081261,True,max rank ProfilerStep marker end - min rank ProfilerStep marker start,-53.93934441069963,53.93934441069963,52.62211329036126,117.10502970615435,117.10502970615435,16.147920403729394,3.229584080745879,3.7820053971426932,3.7820053971426932
target256,target256_20260731_1340,70,B1_compute_bubble,10554.884100917838,328.5579050000001,10883.442005917837,97677091138437120,256,35.05794738944286,500.0,7.011589477888572,24226.5,22854.04661,True,max rank ProfilerStep marker end - min rank ProfilerStep marker start,-55.076292465202,55.076292465202,53.81612595338171,122.59961496396929,122.59961496396929,15.74932975293666,3.149865950587332,3.86172352730124,3.86172352730124
target256,target256_20260731_1340,75,B1_compute_bubble,10554.884100917838,328.5579050000001,10883.442005917837,97677091138437120,256,35.05794738944286,500.0,7.011589477888572,24220.2,22744.154276,True,max rank ProfilerStep marker end - min rank ProfilerStep marker start,-55.06460720424341,55.06460720424341,53.59298053981492,122.54172886509932,122.54172886509936,15.753426365575839,3.150685273115168,3.860904204773404,3.860904204773404
target256,target256_20260731_1340,80,B1_compute_bubble,10554.884100917838,328.5579050000001,10883.442005917837,97677091138437120,256,35.05794738944286,500.0,7.011589477888572,24512.1,23149.729319,True,max rank ProfilerStep marker end - min rank ProfilerStep marker start,-55.59971603445712,55.59971603445712,54.406015053251686,125.22378477940728,125.22378477940732,15.565828193403258,3.113165638680652,3.8984238392079202,3.8984238392079202
target256,target256_20260731_1340,85,B1_compute_bubble,10554.884100917838,328.5579050000001,10883.442005917837,97677091138437120,256,35.05794738944286,500.0,7.011589477888572,25118.5,23737.849883,True,max rank ProfilerStep marker end - min rank ProfilerStep marker start,-56.67160855179315,56.67160855179315,55.53563548113606,130.7955515023822,130.7955515023822,15.190044678604215,3.038008935720843,3.973580542167729,3.973580542167729
target256,target256_20260731_1340,90,B1_compute_bubble,10554.884100917838,328.5579050000001,10883.442005917837,97677091138437120,256,35.05794738944286,500.0,7.011589477888572,25262.2,23858.300564,True,max rank ProfilerStep marker end - min rank ProfilerStep marker start,-56.91807520359337,56.91807520359337,55.76011764708759,132.11590585279694,132.11590585279694,15.103638529483575,3.0207277058967152,3.990861771991857,3.990861771991857
target256,target256_20260731_1340,95,B1_compute_bubble,10554.884100917838,328.5579050000001,10883.442005917837,97677091138437120,256,35.05794738944286,500.0,7.011589477888572,25170.3,23804.021449,True,max rank ProfilerStep marker end - min rank ProfilerStep marker start,-56.760777559592704,56.760777559592704,55.65923966447591,131.27150387086851,131.27150387086854,15.15878385476216,3.031756770952432,3.9798327069361403,3.9798327069361403
target256,target256_20260731_1340,100,B1_compute_bubble,10554.884100917838,328.5579050000001,10883.442005917837,97677091138437120,256,35.05794738944286,500.0,7.011589477888572,25577.3,23945.310715,True,max rank ProfilerStep marker end - min rank ProfilerStep marker start,-57.44882373855786,57.44882373855786,55.920872246999195,135.01112962326093,135.011129623261,14.91756898732548,2.9835137974650956,4.028075680423477,4.028075680423477
target256,target256_20260731_1340,5,M2_no_shape_speedup_sensitivity,39509.561783687306,328.5579050000001,39838.11968868731,97677091138437120,256,9.577538805574395,500.0,1.915507761114879,23897.8,22778.999835,True,max rank ProfilerStep marker end - min rank ProfilerStep marker start,66.70203821559855,66.70203821559855,73.44730703663622,-40.012731055712514,40.0127310557125,15.965952399782406,3.193190479956481,1.2776827188416022,-1.2776827188416022
target256,target256_20260731_1340,10,M2_no_shape_speedup_sensitivity,39509.561783687306,328.5579050000001,39838.11968868731,97677091138437120,256,9.577538805574395,500.0,1.915507761114879,22181.0,21124.008279,True,max rank ProfilerStep marker end - min rank ProfilerStep marker start,79.60470532747534,79.60470532747534,87.03629189051647,-44.32217139430238,44.32217139430236,17.20171034937649,3.440342069875298,1.5248343087604188,-1.5248343087604188
target256,target256_20260731_1340,15,M2_no_shape_speedup_sensitivity,39509.561783687306,328.5579050000001,39838.11968868731,97677091138437120,256,9.577538805574395,500.0,1.915507761114879,22322.3,21232.475572,True,max rank ProfilerStep marker end - min rank ProfilerStep marker start,78.46780882206272,78.46780882206272,86.08080649714691,-43.96748597966889,43.96748597966891,17.09282364539138,3.4185647290782764,1.5030569679633974,-1.5030569679633974
target256,target256_20260731_1340,20,M2_no_shape_speedup_sensitivity,39509.561783687306,328.5579050000001,39838.11968868731,97677091138437120,256,9.577538805574395,500.0,1.915507761114879,22477.2,21324.065408,True,max rank ProfilerStep marker end - min rank ProfilerStep marker start,77.23791081045373,77.23791081045373,85.28156347177955,-43.57866240764678,43.57866240764678,16.97502968606054,3.395005937212108,1.4794981760972292,-1.4794981760972292
target256,target256_20260731_1340,25,M2_no_shape_speedup_sensitivity,39509.561783687306,328.5579050000001,39838.11968868731,97677091138437120,256,9.577538805574395,500.0,1.915507761114879,22339.2,21141.494931,True,max rank ProfilerStep marker end - min rank ProfilerStep marker start,78.3327947674371,78.3327947674371,86.88158955946872,-43.925064298796244,43.92506429879624,17.079892621916628,3.4159785243833256,1.5004707632684466,-1.5004707632684466
target256,target256_20260731_1340,30,M2_no_shape_speedup_sensitivity,39509.561783687306,328.5579050000001,39838.11968868731,97677091138437120,256,9.577538805574395,500.0,1.915507761114879,22524.6,21238.714665,True,max rank ProfilerStep marker end - min rank ProfilerStep marker start,76.86493739594627,76.86493739594627,86.026143327762,-43.45968088851284,43.45968088851283,16.93930801255161,3.387861602510322,1.4723538413954431,-1.4723538413954431
target256,target256_20260731_1340,35,M2_no_shape_speedup_sensitivity,39509.561783687306,328.5579050000001,39838.11968868731,97677091138437120,256,9.577538805574395,500.0,1.915507761114879,22519.5,21329.541819,True,max rank ProfilerStep marker end - min rank ProfilerStep marker start,76.90499206770713,76.90499206770713,85.23399198614221,-43.47248269753358,43.47248269753358,16.943144264282957,3.3886288528565913,1.4731210917417124,-1.4731210917417124
target256,target256_20260731_1340,40,M2_no_shape_speedup_sensitivity,39509.561783687306,328.5579050000001,39838.11968868731,97677091138437120,256,9.577538805574395,500.0,1.915507761114879,22643.5,21315.203585,True,max rank ProfilerStep marker end - min rank ProfilerStep marker start,75.93622756502884,75.93622756502884,85.35859451744152,-43.16122302722536,43.16122302722536,16.850360468104313,3.3700720936208626,1.4545643325059836,-1.4545643325059836
target256,target256_20260731_1340,45,M2_no_shape_speedup_sensitivity,39509.561783687306,328.5579050000001,39838.11968868731,97677091138437120,256,9.577538805574395,500.0,1.915507761114879,22982.2,21655.342667,True,max rank ProfilerStep marker end - min rank ProfilerStep marker start,73.34336873183291,73.34336873183291,82.4471789305596,-42.31103229873027,42.311032298730254,16.60202840718121,3.3204056814362417,1.4048979203213627,-1.4048979203213627
target256,target256_20260731_1340,50,M2_no_shape_speedup_sensitivity,39509.561783687306,328.5579050000001,39838.11968868731,97677091138437120,256,9.577538805574395,500.0,1.915507761114879,23005.5,21548.742122,True,max rank ProfilerStep marker end - min rank ProfilerStep marker start,73.16780634494928,73.16780634494928,83.34973596138757,-42.252545602615896,42.25254560261589,16.585213851449435,3.317042770289887,1.4015350091750078,-1.4015350091750078
target256,target256_20260731_1340,55,M2_no_shape_speedup_sensitivity,39509.561783687306,328.5579050000001,39838.11968868731,97677091138437120,256,9.577538805574395,500.0,1.915507761114879,22940.1,21638.095425,True,max rank ProfilerStep marker end - min rank ProfilerStep marker start,73.66149096423864,73.66149096423864,82.5926034970673,-42.41670997711717,42.416709977117165,16.632496687439026,3.3264993374878054,1.4109915763729264,-1.4109915763729264
target256,target256_20260731_1340,60,M2_no_shape_speedup_sensitivity,39509.561783687306,328.5579050000001,39838.11968868731,97677091138437120,256,9.577538805574395,500.0,1.915507761114879,23311.8,21987.373032,True,max rank ProfilerStep marker end - min rank ProfilerStep marker start,70.89250803750593,70.89250803750593,79.69205200724001,-41.48368401378198,41.48368401378198,16.367296273111474,3.2734592546222947,1.3579514935074157,-1.3579514935074157
target256,target256_20260731_1340,65,M2_no_shape_speedup_sensitivity,39509.561783687306,328.5579050000001,39838.11968868731,97677091138437120,256,9.577538805574395,500.0,1.915507761114879,23628.5,22278.081261,True,max rank ProfilerStep marker end - min rank ProfilerStep marker start,68.60198357359675,68.60198357359675,77.34723794572349,-40.688716775180275,40.68871677518027,16.147920403729394,3.229584080745879,1.314076319631,-1.314076319631
target256,target256_20260731_1340,70,M2_no_shape_speedup_sensitivity,39509.561783687306,328.5579050000001,39838.11968868731,97677091138437120,256,9.577538805574395,500.0,1.915507761114879,24226.5,22854.04661,True,max rank ProfilerStep marker end - min rank ProfilerStep marker start,64.4402604118932,64.4402604118932,72.87775096424073,-39.18764191353259,39.18764191353259,15.74932975293666,3.149865950587332,1.2343581894724531,-1.2343581894724531
target256,target256_20260731_1340,75,M2_no_shape_speedup_sensitivity,39509.561783687306,328.5579050000001,39838.11968868731,97677091138437120,256,9.577538805574395,500.0,1.915507761114879,24220.2,22744.154276,True,max rank ProfilerStep marker end - min rank ProfilerStep marker start,64.48303353683002,64.48303353683002,73.71303986175664,-39.20345591291115,39.203455912911146,15.753426365575839,3.150685273115168,1.235177512000289,-1.235177512000289
target256,target256_20260731_1340,80,M2_no_shape_speedup_sensitivity,39509.561783687306,328.5579050000001,39838.11968868731,97677091138437120,256,9.577538805574395,500.0,1.915507761114879,24512.1,23149.729319,True,max rank ProfilerStep marker end - min rank ProfilerStep marker start,62.52430305313421,62.52430305313421,70.66964904535655,-38.4707406083711,38.47074060837109,15.565828193403258,3.113165638680652,1.197657877565773,-1.197657877565773
target256,target256_20260731_1340,85,M2_no_shape_speedup_sensitivity,39509.561783687306,328.5579050000001,39838.11968868731,97677091138437120,256,9.577538805574395,500.0,1.915507761114879,25118.5,23737.849883,True,max rank ProfilerStep marker end - min rank ProfilerStep marker start,58.60071138279479,58.60071138279479,66.44119824846611,-36.94858041421867,36.948580414218654,15.190044678604215,3.038008935720843,1.122501174605964,-1.122501174605964
target256,target256_20260731_1340,90,M2_no_shape_speedup_sensitivity,39509.561783687306,328.5579050000001,39838.11968868731,97677091138437120,256,9.577538805574395,500.0,1.915507761114879,25262.2,23858.300564,True,max rank ProfilerStep marker end - min rank ProfilerStep marker start,57.69853650389636,57.69853650389636,65.60090555361529,-36.587870618869545,36.587870618869545,15.103638529483575,3.0207277058967152,1.1052199447818363,-1.1052199447818363
target256,target256_20260731_1340,95,M2_no_shape_speedup_sensitivity,39509.561783687306,328.5579050000001,39838.11968868731,97677091138437120,256,9.577538805574395,500.0,1.915507761114879,25170.3,23804.021449,True,max rank ProfilerStep marker end - min rank ProfilerStep marker start,58.27431412691668,58.27431412691668,65.9785169843522,-36.81855419710603,36.81855419710603,15.15878385476216,3.031756770952432,1.1162490098375528,-1.1162490098375528
target256,target256_20260731_1340,100,M2_no_shape_speedup_sensitivity,39509.561783687306,328.5579050000001,39838.11968868731,97677091138437120,256,9.577538805574395,500.0,1.915507761114879,25577.3,23945.310715,True,max rank ProfilerStep marker end - min rank ProfilerStep marker start,55.75576659259307,55.75576659259307,64.99916102127435,-35.79691963407827,35.796919634078264,14.91756898732548,2.9835137974650956,1.0680060363502166,-1.0680060363502166
