behavior,rank,pp_stage,observed_calls,aligned_calls,trace_duration_ns,network_only_predicted_duration_ns,calibrated_predicted_duration_ns,network_only_duration_delta_ns,calibrated_duration_delta_ns
cp_all_to_all,0,0,104,104,932703049,321356249,932703049,-611346800,0
cp_all_to_all,1,0,104,104,932832266,321485466,932832266,-611346800,0
cp_all_to_all,2,0,104,104,926623067,328051762,926623067,-598571305,0
cp_all_to_all,3,0,104,104,912503531,313932226,912503531,-598571305,0
cp_all_to_all,4,0,104,104,919491862,318990143,919491862,-600501719,0
cp_all_to_all,5,0,104,104,918440749,317939030,918440749,-600501719,0
cp_all_to_all,6,0,104,104,920048217,314787768,920048217,-605260449,0
cp_all_to_all,7,0,104,104,933789501,328529052,933789501,-605260449,0
cp_all_to_all,8,0,104,104,922019723,317564149,922019723,-604455574,0
cp_all_to_all,9,0,104,104,940015588,335560014,940015588,-604455574,0
cp_all_to_all,10,0,104,104,920338217,323298515,920338217,-597039702,0
cp_all_to_all,11,0,104,104,919558434,322518732,919558434,-597039702,0
cp_all_to_all,12,0,104,104,914344374,318292028,914344374,-596052346,0
cp_all_to_all,13,0,104,104,921766970,325714624,921766970,-596052346,0
cp_all_to_all,14,0,104,104,927323000,320876978,927323000,-606446022,0
cp_all_to_all,15,0,104,104,925465093,319019071,925465093,-606446022,0
cp_all_to_all,16,1,208,208,1852169462,634471447,1852169462,-1217698015,0
cp_all_to_all,17,1,208,208,1861731542,644033527,1861731542,-1217698015,0
cp_all_to_all,18,1,208,208,1852177671,641984419,1852177671,-1210193252,0
cp_all_to_all,19,1,208,208,1848219544,638026292,1848219544,-1210193252,0
cp_all_to_all,20,1,208,208,1838243661,636900140,1838243661,-1201343521,0
cp_all_to_all,21,1,208,208,1847772574,646429053,1847772574,-1201343521,0
cp_all_to_all,22,1,208,208,1846969583,634671547,1846969583,-1212298036,0
cp_all_to_all,23,1,208,208,1868705578,656407542,1868705578,-1212298036,0
cp_all_to_all,24,1,208,208,1868910417,645264816,1868910417,-1223645601,0
cp_all_to_all,25,1,208,208,1879929099,656283498,1879929099,-1223645601,0
cp_all_to_all,26,1,208,208,1848608061,637667643,1848608061,-1210940418,0
cp_all_to_all,27,1,208,208,1853028194,642087776,1853028194,-1210940418,0
cp_all_to_all,28,1,208,208,1857466365,640648504,1857466365,-1216817861,0
cp_all_to_all,29,1,208,208,1860330754,643512893,1860330754,-1216817861,0
cp_all_to_all,30,1,208,208,1884514212,654981112,1884514212,-1229533100,0
cp_all_to_all,31,1,208,208,1857796366,628263266,1857796366,-1229533100,0
cp_all_to_all,32,2,208,208,1886668742,652186185,1886668742,-1234482557,0
cp_all_to_all,33,2,208,208,1871142993,636660436,1871142993,-1234482557,0
cp_all_to_all,34,2,208,208,1861571927,644585498,1861571927,-1216986429,0
cp_all_to_all,35,2,208,208,1856037840,639051411,1856037840,-1216986429,0
cp_all_to_all,36,2,208,208,1854558042,639066891,1854558042,-1215491151,0
cp_all_to_all,37,2,208,208,1852801893,637310742,1852801893,-1215491151,0
cp_all_to_all,38,2,208,208,1861651691,633974926,1861651691,-1227676765,0
cp_all_to_all,39,2,208,208,1870950013,643273248,1870950013,-1227676765,0
cp_all_to_all,40,2,208,208,1854158355,637868405,1854158355,-1216289950,0
cp_all_to_all,41,2,208,208,1873843184,657553234,1873843184,-1216289950,0
cp_all_to_all,42,2,208,208,1845558750,638092621,1845558750,-1207466129,0
cp_all_to_all,43,2,208,208,1844557312,637091183,1844557312,-1207466129,0
cp_all_to_all,44,2,208,208,1846783991,634178161,1846783991,-1212605830,0
cp_all_to_all,45,2,208,208,1855964219,643358389,1855964219,-1212605830,0
cp_all_to_all,46,2,208,208,1861617848,640024438,1861617848,-1221593410,0
cp_all_to_all,47,2,208,208,1864364474,642771064,1864364474,-1221593410,0
cp_all_to_all,48,3,208,208,1875381292,652556290,1875381292,-1222825002,0
cp_all_to_all,49,3,208,208,1867768819,644943817,1867768819,-1222825002,0
cp_all_to_all,50,3,208,208,1842548441,639204493,1842548441,-1203343948,0
cp_all_to_all,51,3,208,208,1840062898,636718950,1840062898,-1203343948,0
cp_all_to_all,52,3,208,208,1842970627,638738897,1842970627,-1204231730,0
cp_all_to_all,53,3,208,208,1846663523,642431793,1846663523,-1204231730,0
cp_all_to_all,54,3,208,208,1871911683,645007753,1871911683,-1226903930,0
cp_all_to_all,55,3,208,208,1868128792,641224862,1868128792,-1226903930,0
cp_all_to_all,56,3,208,208,1863769725,637682224,1863769725,-1226087501,0
cp_all_to_all,57,3,208,208,1880347370,654259869,1880347370,-1226087501,0
cp_all_to_all,58,3,208,208,1842152062,638128869,1842152062,-1204023193,0
cp_all_to_all,59,3,208,208,1845229925,641206732,1845229925,-1204023193,0
cp_all_to_all,60,3,208,208,1848474758,635971183,1848474758,-1212503575,0
cp_all_to_all,61,3,208,208,1849229120,636725545,1849229120,-1212503575,0
cp_all_to_all,62,3,208,208,1867927882,642985734,1867927882,-1224942148,0
cp_all_to_all,63,3,208,208,1865616168,640674020,1865616168,-1224942148,0
cp_all_to_all,64,4,208,208,1858863839,634534137,1858863839,-1224329702,0
cp_all_to_all,65,4,208,208,1874910502,650580800,1874910502,-1224329702,0
cp_all_to_all,66,4,208,208,1847827733,636970024,1847827733,-1210857709,0
cp_all_to_all,67,4,208,208,1851414455,640556746,1851414455,-1210857709,0
cp_all_to_all,68,4,208,208,1844164745,638747489,1844164745,-1205417256,0
cp_all_to_all,69,4,208,208,1843680047,638262791,1843680047,-1205417256,0
cp_all_to_all,70,4,208,208,1863985006,637024386,1863985006,-1226960620,0
cp_all_to_all,71,4,208,208,1865017535,638056915,1865017535,-1226960620,0
cp_all_to_all,72,4,208,208,1866190559,643107574,1866190559,-1223082985,0
cp_all_to_all,73,4,208,208,1866191092,643108107,1866191092,-1223082985,0
cp_all_to_all,74,4,208,208,1854921263,639937277,1854921263,-1214983986,0
cp_all_to_all,75,4,208,208,1866224328,651240342,1866224328,-1214983986,0
cp_all_to_all,76,4,208,208,1850276239,632337705,1850276239,-1217938534,0
cp_all_to_all,77,4,208,208,1863441943,645503409,1863441943,-1217938534,0
cp_all_to_all,78,4,208,208,1873543816,638369503,1873543816,-1235174313,0
cp_all_to_all,79,4,208,208,1881243426,646069113,1881243426,-1235174313,0
cp_all_to_all,80,5,208,208,1864595465,648614190,1864595465,-1215981275,0
cp_all_to_all,81,5,208,208,1852602293,636621018,1852602293,-1215981275,0
cp_all_to_all,82,5,208,208,1849805111,638048364,1849805111,-1211756747,0
cp_all_to_all,83,5,208,208,1846448753,634692006,1846448753,-1211756747,0
cp_all_to_all,84,5,208,208,1853084280,643704087,1853084280,-1209380193,0
cp_all_to_all,85,5,208,208,1850173853,640793660,1850173853,-1209380193,0
cp_all_to_all,86,5,208,208,1861969520,641917772,1861969520,-1220051748,0
cp_all_to_all,87,5,208,208,1861652609,641600861,1861652609,-1220051748,0
cp_all_to_all,88,5,208,208,1873413652,643054835,1873413652,-1230358817,0
cp_all_to_all,89,5,208,208,1866656401,636297584,1866656401,-1230358817,0
cp_all_to_all,90,5,208,208,1840329930,633338152,1840329930,-1206991778,0
cp_all_to_all,91,5,208,208,1856702974,649711196,1856702974,-1206991778,0
cp_all_to_all,92,5,208,208,1844751637,637998312,1844751637,-1206753325,0
cp_all_to_all,93,5,208,208,1844372253,637618928,1844372253,-1206753325,0
cp_all_to_all,94,5,208,208,1858806356,637537515,1858806356,-1221268841,0
cp_all_to_all,95,5,208,208,1858553289,637284448,1858553289,-1221268841,0
cp_all_to_all,96,6,208,208,1860052742,634354502,1860052742,-1225698240,0
cp_all_to_all,97,6,208,208,1881740040,656041800,1881740040,-1225698240,0
cp_all_to_all,98,6,208,208,1858296885,642111440,1858296885,-1216185445,0
cp_all_to_all,99,6,208,208,1865837542,649652097,1865837542,-1216185445,0
cp_all_to_all,100,6,208,208,1854106104,640426946,1854106104,-1213679158,0
cp_all_to_all,101,6,208,208,1868321248,654642090,1868321248,-1213679158,0
cp_all_to_all,102,6,208,208,1876892837,642982175,1876892837,-1233910662,0
cp_all_to_all,103,6,208,208,1873974156,640063494,1873974156,-1233910662,0
cp_all_to_all,104,6,208,208,1868265904,642732599,1868265904,-1225533305,0
cp_all_to_all,105,6,208,208,1858425428,632892123,1858425428,-1225533305,0
cp_all_to_all,106,6,208,208,1868838489,653483151,1868838489,-1215355338,0
cp_all_to_all,107,6,208,208,1863289535,647934197,1863289535,-1215355338,0
cp_all_to_all,108,6,208,208,1861566042,642420419,1861566042,-1219145623,0
cp_all_to_all,109,6,208,208,1858703192,639557569,1858703192,-1219145623,0
cp_all_to_all,110,6,208,208,1883947094,647248053,1883947094,-1236699041,0
cp_all_to_all,111,6,208,208,1878132999,641433958,1878132999,-1236699041,0
cp_all_to_all,112,7,208,208,1862085275,635061497,1862085275,-1227023778,0
cp_all_to_all,113,7,208,208,1891078364,664054586,1891078364,-1227023778,0
cp_all_to_all,114,7,208,208,1866589192,657593847,1866589192,-1208995345,0
cp_all_to_all,115,7,208,208,1845502643,636507298,1845502643,-1208995345,0
cp_all_to_all,116,7,208,208,1847348035,636429394,1847348035,-1210918641,0
cp_all_to_all,117,7,208,208,1856810688,645892047,1856810688,-1210918641,0
cp_all_to_all,118,7,208,208,1865756982,641969455,1865756982,-1223787527,0
cp_all_to_all,119,7,208,208,1862337885,638550358,1862337885,-1223787527,0
cp_all_to_all,120,7,208,208,1877798079,644529008,1877798079,-1233269071,0
cp_all_to_all,121,7,208,208,1879149626,645880555,1879149626,-1233269071,0
cp_all_to_all,122,7,208,208,1855789179,636048821,1855789179,-1219740358,0
cp_all_to_all,123,7,208,208,1861584499,641844141,1861584499,-1219740358,0
cp_all_to_all,124,7,208,208,1858948467,646191850,1858948467,-1212756617,0
cp_all_to_all,125,7,208,208,1849185350,636428733,1849185350,-1212756617,0
cp_all_to_all,126,7,208,208,1862752313,641449834,1862752313,-1221302479,0
cp_all_to_all,127,7,208,208,1866573407,645270928,1866573407,-1221302479,0
cp_all_to_all,128,8,208,208,1864117537,645832147,1864117537,-1218285390,0
cp_all_to_all,129,8,208,208,1863495152,645209762,1863495152,-1218285390,0
cp_all_to_all,130,8,208,208,1859636670,643587542,1859636670,-1216049128,0
cp_all_to_all,131,8,208,208,1855843798,639794670,1855843798,-1216049128,0
cp_all_to_all,132,8,208,208,1858172192,648747457,1858172192,-1209424735,0
cp_all_to_all,133,8,208,208,1845996064,636571329,1845996064,-1209424735,0
cp_all_to_all,134,8,208,208,1863989403,646062978,1863989403,-1217926425,0
cp_all_to_all,135,8,208,208,1853823516,635897091,1853823516,-1217926425,0
cp_all_to_all,136,8,208,208,1862122590,637570237,1862122590,-1224552353,0
cp_all_to_all,137,8,208,208,1866798530,642246177,1866798530,-1224552353,0
cp_all_to_all,138,8,208,208,1851597577,642369622,1851597577,-1209227955,0
cp_all_to_all,139,8,208,208,1857070375,647842420,1857070375,-1209227955,0
cp_all_to_all,140,8,208,208,1841085543,636965123,1841085543,-1204120420,0
cp_all_to_all,141,8,208,208,1855765484,651645064,1855765484,-1204120420,0
cp_all_to_all,142,8,208,208,1864123812,634079058,1864123812,-1230044754,0
cp_all_to_all,143,8,208,208,1866456353,636411599,1866456353,-1230044754,0
cp_all_to_all,144,9,208,208,1869181282,642499109,1869181282,-1226682173,0
cp_all_to_all,145,9,208,208,1866720329,640038156,1866720329,-1226682173,0
cp_all_to_all,146,9,208,208,1856429532,637983998,1856429532,-1218445534,0
cp_all_to_all,147,9,208,208,1855034339,636588805,1855034339,-1218445534,0
cp_all_to_all,148,9,208,208,1850580119,637288406,1850580119,-1213291713,0
cp_all_to_all,149,9,208,208,1852977632,639685919,1852977632,-1213291713,0
cp_all_to_all,150,9,208,208,1865194656,634804718,1865194656,-1230389938,0
cp_all_to_all,151,9,208,208,1874419719,644029781,1874419719,-1230389938,0
cp_all_to_all,152,9,208,208,1880881035,649616101,1880881035,-1231264934,0
cp_all_to_all,153,9,208,208,1865673247,634408313,1865673247,-1231264934,0
cp_all_to_all,154,9,208,208,1861984341,641909839,1861984341,-1220074502,0
cp_all_to_all,155,9,208,208,1855333325,635258823,1855333325,-1220074502,0
cp_all_to_all,156,9,208,208,1844446966,639809230,1844446966,-1204637736,0
cp_all_to_all,157,9,208,208,1852581905,647944169,1852581905,-1204637736,0
cp_all_to_all,158,9,208,208,1872384520,650345342,1872384520,-1222039178,0
cp_all_to_all,159,9,208,208,1856680386,634641208,1856680386,-1222039178,0
cp_all_to_all,160,10,208,208,1868719374,640467556,1868719374,-1228251818,0
cp_all_to_all,161,10,208,208,1862975542,634723724,1862975542,-1228251818,0
cp_all_to_all,162,10,208,208,1852552361,642274237,1852552361,-1210278124,0
cp_all_to_all,163,10,208,208,1850822185,640544061,1850822185,-1210278124,0
cp_all_to_all,164,10,208,208,1848410301,642482098,1848410301,-1205928203,0
cp_all_to_all,165,10,208,208,1844554899,638626696,1844554899,-1205928203,0
cp_all_to_all,166,10,208,208,1856674191,634558763,1856674191,-1222115428,0
cp_all_to_all,167,10,208,208,1863214548,641099120,1863214548,-1222115428,0
cp_all_to_all,168,10,208,208,1875661556,652317032,1875661556,-1223344524,0
cp_all_to_all,169,10,208,208,1859635510,636290986,1859635510,-1223344524,0
cp_all_to_all,170,10,208,208,1847408072,636582974,1847408072,-1210825098,0
cp_all_to_all,171,10,208,208,1862408843,651583745,1862408843,-1210825098,0
cp_all_to_all,172,10,208,208,1844351881,634142841,1844351881,-1210209040,0
cp_all_to_all,173,10,208,208,1851716826,641507786,1851716826,-1210209040,0
cp_all_to_all,174,10,208,208,1870260456,646158484,1870260456,-1224101972,0
cp_all_to_all,175,10,208,208,1858644106,634542134,1858644106,-1224101972,0
cp_all_to_all,176,11,208,208,1857064306,634506121,1857064306,-1222558185,0
cp_all_to_all,177,11,208,208,1868112217,645554032,1868112217,-1222558185,0
cp_all_to_all,178,11,208,208,1841427420,632113097,1841427420,-1209314323,0
cp_all_to_all,179,11,208,208,1850615382,641301059,1850615382,-1209314323,0
cp_all_to_all,180,11,208,208,1845567010,634397658,1845567010,-1211169352,0
cp_all_to_all,181,11,208,208,1856038618,644869266,1856038618,-1211169352,0
cp_all_to_all,182,11,208,208,1849572317,633031350,1849572317,-1216540967,0
cp_all_to_all,183,11,208,208,1856912423,640371456,1856912423,-1216540967,0
cp_all_to_all,184,11,208,208,1883330665,659331619,1883330665,-1223999046,0
cp_all_to_all,185,11,208,208,1860676570,636677524,1860676570,-1223999046,0
cp_all_to_all,186,11,208,208,1844201858,635532800,1844201858,-1208669058,0
cp_all_to_all,187,11,208,208,1855829397,647160339,1855829397,-1208669058,0
cp_all_to_all,188,11,208,208,1854647834,640129701,1854647834,-1214518133,0
cp_all_to_all,189,11,208,208,1846668590,632150457,1846668590,-1214518133,0
cp_all_to_all,190,11,208,208,1859398884,634615337,1859398884,-1224783547,0
cp_all_to_all,191,11,208,208,1877455112,652671565,1877455112,-1224783547,0
cp_all_to_all,192,12,208,208,1859490107,632652399,1859490107,-1226837708,0
cp_all_to_all,193,12,208,208,1870641515,643803807,1870641515,-1226837708,0
cp_all_to_all,194,12,208,208,1850170480,637933764,1850170480,-1212236716,0
cp_all_to_all,195,12,208,208,1858066879,645830163,1858066879,-1212236716,0
cp_all_to_all,196,12,208,208,1854532852,641123729,1854532852,-1213409123,0
cp_all_to_all,197,12,208,208,1850623111,637213988,1850623111,-1213409123,0
cp_all_to_all,198,12,208,208,1876088271,642888611,1876088271,-1233199660,0
cp_all_to_all,199,12,208,208,1881854394,648654734,1881854394,-1233199660,0
cp_all_to_all,200,12,208,208,1878715685,647180354,1878715685,-1231535331,0
cp_all_to_all,201,12,208,208,1870762506,639227175,1870762506,-1231535331,0
cp_all_to_all,202,12,208,208,1850724805,636207573,1850724805,-1214517232,0
cp_all_to_all,203,12,208,208,1851303105,636785873,1851303105,-1214517232,0
cp_all_to_all,204,12,208,208,1853004501,644288844,1853004501,-1208715657,0
cp_all_to_all,205,12,208,208,1843196587,634480930,1843196587,-1208715657,0
cp_all_to_all,206,12,208,208,1856901849,637592809,1856901849,-1219309040,0
cp_all_to_all,207,12,208,208,1855190077,635881037,1855190077,-1219309040,0
cp_all_to_all,208,13,208,208,1863625577,635718297,1863625577,-1227907280,0
cp_all_to_all,209,13,208,208,1876185076,648277796,1876185076,-1227907280,0
cp_all_to_all,210,13,208,208,1843061623,633234692,1843061623,-1209826931,0
cp_all_to_all,211,13,208,208,1868245453,658418522,1868245453,-1209826931,0
cp_all_to_all,212,13,208,208,1850348432,646136472,1850348432,-1204211960,0
cp_all_to_all,213,13,208,208,1840611075,636399115,1840611075,-1204211960,0
cp_all_to_all,214,13,208,208,1859611789,642501204,1859611789,-1217110585,0
cp_all_to_all,215,13,208,208,1856415345,639304760,1856415345,-1217110585,0
cp_all_to_all,216,13,208,208,1867839948,635995496,1867839948,-1231844452,0
cp_all_to_all,217,13,208,208,1874958678,643114226,1874958678,-1231844452,0
cp_all_to_all,218,13,208,208,1850891190,634493606,1850891190,-1216397584,0
cp_all_to_all,219,13,208,208,1853941990,637544406,1853941990,-1216397584,0
cp_all_to_all,220,13,208,208,1861143020,645362815,1861143020,-1215780205,0
cp_all_to_all,221,13,208,208,1849128089,633347884,1849128089,-1215780205,0
cp_all_to_all,222,13,208,208,1867534926,637136929,1867534926,-1230397997,0
cp_all_to_all,223,13,208,208,1878789264,648391267,1878789264,-1230397997,0
cp_all_to_all,224,14,208,208,1879418269,652616105,1879418269,-1226802164,0
cp_all_to_all,225,14,208,208,1871404412,644602248,1871404412,-1226802164,0
cp_all_to_all,226,14,208,208,1854737503,647014821,1854737503,-1207722682,0
cp_all_to_all,227,14,208,208,1841096509,633373827,1841096509,-1207722682,0
cp_all_to_all,228,14,208,208,1847085859,638245050,1847085859,-1208840809,0
cp_all_to_all,229,14,208,208,1857691822,648851013,1857691822,-1208840809,0
cp_all_to_all,230,14,208,208,1874856114,654389957,1874856114,-1220466157,0
cp_all_to_all,231,14,208,208,1853978958,633512801,1853978958,-1220466157,0
cp_all_to_all,232,14,208,208,1875568299,657879199,1875568299,-1217689100,0
cp_all_to_all,233,14,208,208,1861937887,644248787,1861937887,-1217689100,0
cp_all_to_all,234,14,208,208,1860487760,642611170,1860487760,-1217876590,0
cp_all_to_all,235,14,208,208,1868138947,650262357,1868138947,-1217876590,0
cp_all_to_all,236,14,208,208,1867392135,650616267,1867392135,-1216775868,0
cp_all_to_all,237,14,208,208,1857725029,640949161,1857725029,-1216775868,0
cp_all_to_all,238,14,208,208,1867501053,643013374,1867501053,-1224487679,0
cp_all_to_all,239,14,208,208,1872698196,648210517,1872698196,-1224487679,0
cp_all_to_all,240,15,104,104,935115686,319760403,935115686,-615355283,0
cp_all_to_all,241,15,104,104,932467649,317112366,932467649,-615355283,0
cp_all_to_all,242,15,104,104,928325901,321328508,928325901,-606997393,0
cp_all_to_all,243,15,104,104,927648829,320651436,927648829,-606997393,0
cp_all_to_all,244,15,104,104,933887931,329606824,933887931,-604281107,0
cp_all_to_all,245,15,104,104,922109505,317828398,922109505,-604281107,0
cp_all_to_all,246,15,104,104,925653860,315559061,925653860,-610094799,0
cp_all_to_all,247,15,104,104,939614149,329519350,939614149,-610094799,0
cp_all_to_all,248,15,104,104,936841523,320732545,936841523,-616108978,0
cp_all_to_all,249,15,104,104,941162691,325053713,941162691,-616108978,0
cp_all_to_all,250,15,104,104,928349760,321810679,928349760,-606539081,0
cp_all_to_all,251,15,104,104,923275146,316736065,923275146,-606539081,0
cp_all_to_all,252,15,104,104,936473746,329559288,936473746,-606914458,0
cp_all_to_all,253,15,104,104,923860291,316945833,923860291,-606914458,0
cp_all_to_all,254,15,104,104,942277958,329909884,942277958,-612368074,0
cp_all_to_all,255,15,104,104,930345714,317977640,930345714,-612368074,0
ep_bwd_combine_backward_dispatch,0,0,4,4,5177000,595826,5177000,-4581174,0
ep_bwd_combine_backward_dispatch,1,0,4,4,5635000,1053826,5635000,-4581174,0
ep_bwd_combine_backward_dispatch,2,0,4,4,5448000,866826,5448000,-4581174,0
ep_bwd_combine_backward_dispatch,3,0,4,4,5408000,826826,5408000,-4581174,0
ep_bwd_combine_backward_dispatch,4,0,4,4,5462000,880826,5462000,-4581174,0
ep_bwd_combine_backward_dispatch,5,0,4,4,5384000,802826,5384000,-4581174,0
ep_bwd_combine_backward_dispatch,6,0,4,4,5448000,866826,5448000,-4581174,0
ep_bwd_combine_backward_dispatch,7,0,4,4,5577000,995826,5577000,-4581174,0
ep_bwd_combine_backward_dispatch,8,0,4,4,11493000,1004331,11493000,-10488669,0
ep_bwd_combine_backward_dispatch,9,0,4,4,11749000,1260331,11749000,-10488669,0
ep_bwd_combine_backward_dispatch,10,0,4,4,11717000,1228331,11717000,-10488669,0
ep_bwd_combine_backward_dispatch,11,0,4,4,11654000,1165331,11654000,-10488669,0
ep_bwd_combine_backward_dispatch,12,0,4,4,11356000,867331,11356000,-10488669,0
ep_bwd_combine_backward_dispatch,13,0,4,4,11780000,1291331,11780000,-10488669,0
ep_bwd_combine_backward_dispatch,14,0,4,4,11222000,733331,11222000,-10488669,0
ep_bwd_combine_backward_dispatch,15,0,4,4,11234000,745331,11234000,-10488669,0
ep_bwd_combine_backward_dispatch,16,1,16,16,23639000,3938672,23639000,-19700328,0
ep_bwd_combine_backward_dispatch,17,1,16,16,23317000,3639672,23317000,-19677328,0
ep_bwd_combine_backward_dispatch,18,1,16,16,24169000,4166240,24169000,-20002760,0
ep_bwd_combine_backward_dispatch,19,1,16,16,22575000,2963672,22575000,-19611328,0
ep_bwd_combine_backward_dispatch,20,1,16,16,23670000,4039672,23670000,-19630328,0
ep_bwd_combine_backward_dispatch,21,1,16,16,23026000,3469672,23026000,-19556328,0
ep_bwd_combine_backward_dispatch,22,1,16,16,23663000,4001672,23663000,-19661328,0
ep_bwd_combine_backward_dispatch,23,1,16,16,24241000,4238240,24241000,-20002760,0
ep_bwd_combine_backward_dispatch,24,1,16,16,22988000,4655786,22988000,-18332214,0
ep_bwd_combine_backward_dispatch,25,1,16,16,21895000,3562786,21895000,-18332214,0
ep_bwd_combine_backward_dispatch,26,1,16,16,22965000,4632786,22965000,-18332214,0
ep_bwd_combine_backward_dispatch,27,1,16,16,23253000,4920786,23253000,-18332214,0
ep_bwd_combine_backward_dispatch,28,1,16,16,22457000,4124786,22457000,-18332214,0
ep_bwd_combine_backward_dispatch,29,1,16,16,22496000,4163786,22496000,-18332214,0
ep_bwd_combine_backward_dispatch,30,1,16,16,22667000,4334786,22667000,-18332214,0
ep_bwd_combine_backward_dispatch,31,1,16,16,22413000,4080786,22413000,-18332214,0
ep_bwd_combine_backward_dispatch,32,2,16,16,19251000,3976432,19251000,-15274568,0
ep_bwd_combine_backward_dispatch,33,2,16,16,18588000,3313432,18588000,-15274568,0
ep_bwd_combine_backward_dispatch,34,2,16,16,18706000,3431432,18706000,-15274568,0
ep_bwd_combine_backward_dispatch,35,2,16,16,18950000,3675432,18950000,-15274568,0
ep_bwd_combine_backward_dispatch,36,2,16,16,18739000,3470906,18739000,-15268094,0
ep_bwd_combine_backward_dispatch,37,2,16,16,18827000,3552432,18827000,-15274568,0
ep_bwd_combine_backward_dispatch,38,2,16,16,19100000,3825432,19100000,-15274568,0
ep_bwd_combine_backward_dispatch,39,2,16,16,19411000,4136432,19411000,-15274568,0
ep_bwd_combine_backward_dispatch,40,2,16,16,46716000,3422372,46716000,-43293628,0
ep_bwd_combine_backward_dispatch,41,2,16,16,45622000,2490448,45622000,-43131552,0
ep_bwd_combine_backward_dispatch,42,2,16,16,46930000,3658372,46930000,-43271628,0
ep_bwd_combine_backward_dispatch,43,2,16,16,46472000,3192372,46472000,-43279628,0
ep_bwd_combine_backward_dispatch,44,2,16,16,45886000,2799053,45886000,-43086947,0
ep_bwd_combine_backward_dispatch,45,2,16,16,47051000,3732477,47051000,-43318523,0
ep_bwd_combine_backward_dispatch,46,2,16,16,46171000,2904053,46171000,-43266947,0
ep_bwd_combine_backward_dispatch,47,2,16,16,46919000,3600477,46919000,-43318523,0
ep_bwd_combine_backward_dispatch,48,3,16,16,27752000,2937167,27752000,-24814833,0
ep_bwd_combine_backward_dispatch,49,3,16,16,29434000,3846344,29434000,-25587656,0
ep_bwd_combine_backward_dispatch,50,3,16,16,28112000,3217693,28112000,-24894307,0
ep_bwd_combine_backward_dispatch,51,3,16,16,28317000,3446693,28317000,-24870307,0
ep_bwd_combine_backward_dispatch,52,3,16,16,28567000,3655693,28567000,-24911307,0
ep_bwd_combine_backward_dispatch,53,3,16,16,28746000,3743693,28746000,-25002307,0
ep_bwd_combine_backward_dispatch,54,3,16,16,27674000,2751377,27674000,-24922623,0
ep_bwd_combine_backward_dispatch,55,3,16,16,28254000,3382693,28254000,-24871307,0
ep_bwd_combine_backward_dispatch,56,3,16,16,21408000,4489845,21408000,-16918155,0
ep_bwd_combine_backward_dispatch,57,3,16,16,21301000,4382845,21301000,-16918155,0
ep_bwd_combine_backward_dispatch,58,3,16,16,21159000,4240845,21159000,-16918155,0
ep_bwd_combine_backward_dispatch,59,3,16,16,21375000,4456845,21375000,-16918155,0
ep_bwd_combine_backward_dispatch,60,3,16,16,21461000,4542845,21461000,-16918155,0
ep_bwd_combine_backward_dispatch,61,3,16,16,20971000,4052845,20971000,-16918155,0
ep_bwd_combine_backward_dispatch,62,3,16,16,21073000,4154845,21073000,-16918155,0
ep_bwd_combine_backward_dispatch,63,3,16,16,21381000,4462845,21381000,-16918155,0
ep_bwd_combine_backward_dispatch,64,4,16,16,17802000,3409787,17802000,-14392213,0
ep_bwd_combine_backward_dispatch,65,4,16,16,17417000,3024787,17417000,-14392213,0
ep_bwd_combine_backward_dispatch,66,4,16,16,17430000,3037787,17430000,-14392213,0
ep_bwd_combine_backward_dispatch,67,4,16,16,17674000,3281787,17674000,-14392213,0
ep_bwd_combine_backward_dispatch,68,4,16,16,17607000,3214787,17607000,-14392213,0
ep_bwd_combine_backward_dispatch,69,4,16,16,17360000,2967787,17360000,-14392213,0
ep_bwd_combine_backward_dispatch,70,4,16,16,18341000,3948787,18341000,-14392213,0
ep_bwd_combine_backward_dispatch,71,4,16,16,18062000,3669787,18062000,-14392213,0
ep_bwd_combine_backward_dispatch,72,4,16,16,19255000,3982300,19255000,-15272700,0
ep_bwd_combine_backward_dispatch,73,4,16,16,20409000,5136300,20409000,-15272700,0
ep_bwd_combine_backward_dispatch,74,4,16,16,19939000,4666300,19939000,-15272700,0
ep_bwd_combine_backward_dispatch,75,4,16,16,20004000,4731300,20004000,-15272700,0
ep_bwd_combine_backward_dispatch,76,4,16,16,19984000,4711300,19984000,-15272700,0
ep_bwd_combine_backward_dispatch,77,4,16,16,20047000,4774300,20047000,-15272700,0
ep_bwd_combine_backward_dispatch,78,4,16,16,20608000,5335300,20608000,-15272700,0
ep_bwd_combine_backward_dispatch,79,4,16,16,19717000,4444300,19717000,-15272700,0
ep_bwd_combine_backward_dispatch,80,5,16,16,18099000,3157349,18099000,-14941651,0
ep_bwd_combine_backward_dispatch,81,5,16,16,18681000,3739349,18681000,-14941651,0
ep_bwd_combine_backward_dispatch,82,5,16,16,19079000,4137349,19079000,-14941651,0
ep_bwd_combine_backward_dispatch,83,5,16,16,18019000,3077349,18019000,-14941651,0
ep_bwd_combine_backward_dispatch,84,5,16,16,18714000,3772349,18714000,-14941651,0
ep_bwd_combine_backward_dispatch,85,5,16,16,18293000,3351349,18293000,-14941651,0
ep_bwd_combine_backward_dispatch,86,5,16,16,18911000,3969349,18911000,-14941651,0
ep_bwd_combine_backward_dispatch,87,5,16,16,18347000,3405349,18347000,-14941651,0
ep_bwd_combine_backward_dispatch,88,5,16,16,15762000,3008809,15762000,-12753191,0
ep_bwd_combine_backward_dispatch,89,5,16,16,16313000,3559809,16313000,-12753191,0
ep_bwd_combine_backward_dispatch,90,5,16,16,16162000,3408809,16162000,-12753191,0
ep_bwd_combine_backward_dispatch,91,5,16,16,16237000,3483809,16237000,-12753191,0
ep_bwd_combine_backward_dispatch,92,5,16,16,16388000,3634809,16388000,-12753191,0
ep_bwd_combine_backward_dispatch,93,5,16,16,16046000,3292809,16046000,-12753191,0
ep_bwd_combine_backward_dispatch,94,5,16,16,16106000,3352809,16106000,-12753191,0
ep_bwd_combine_backward_dispatch,95,5,16,16,15887000,3133809,15887000,-12753191,0
ep_bwd_combine_backward_dispatch,96,6,16,16,26390000,11738131,26390000,-14651869,0
ep_bwd_combine_backward_dispatch,97,6,16,16,26992000,12340131,26992000,-14651869,0
ep_bwd_combine_backward_dispatch,98,6,16,16,25193000,10541131,25193000,-14651869,0
ep_bwd_combine_backward_dispatch,99,6,16,16,26950000,12298131,26950000,-14651869,0
ep_bwd_combine_backward_dispatch,100,6,16,16,18984000,4332947,18984000,-14651053,0
ep_bwd_combine_backward_dispatch,101,6,16,16,26323000,11695947,26323000,-14627053,0
ep_bwd_combine_backward_dispatch,102,6,16,16,26629000,11977131,26629000,-14651869,0
ep_bwd_combine_backward_dispatch,103,6,16,16,25640000,11056947,25640000,-14583053,0
ep_bwd_combine_backward_dispatch,104,6,16,16,17816000,4450308,17816000,-13365692,0
ep_bwd_combine_backward_dispatch,105,6,16,16,18182000,4733956,18182000,-13448044,0
ep_bwd_combine_backward_dispatch,106,6,16,16,17936000,4504308,17936000,-13431692,0
ep_bwd_combine_backward_dispatch,107,6,16,16,18016000,4567956,18016000,-13448044,0
ep_bwd_combine_backward_dispatch,108,6,16,16,17730000,4342308,17730000,-13387692,0
ep_bwd_combine_backward_dispatch,109,6,16,16,17516000,4139308,17516000,-13376692,0
ep_bwd_combine_backward_dispatch,110,6,16,16,17741000,4340308,17741000,-13400692,0
ep_bwd_combine_backward_dispatch,111,6,16,16,17218000,3820308,17218000,-13397692,0
ep_bwd_combine_backward_dispatch,112,7,16,16,15281000,3377138,15281000,-11903862,0
ep_bwd_combine_backward_dispatch,113,7,16,16,15582000,3678138,15582000,-11903862,0
ep_bwd_combine_backward_dispatch,114,7,16,16,15237000,3333138,15237000,-11903862,0
ep_bwd_combine_backward_dispatch,115,7,16,16,15382000,3478138,15382000,-11903862,0
ep_bwd_combine_backward_dispatch,116,7,16,16,15383000,3479138,15383000,-11903862,0
ep_bwd_combine_backward_dispatch,117,7,16,16,15631000,3727138,15631000,-11903862,0
ep_bwd_combine_backward_dispatch,118,7,16,16,15163000,3259138,15163000,-11903862,0
ep_bwd_combine_backward_dispatch,119,7,16,16,15774000,3870138,15774000,-11903862,0
ep_bwd_combine_backward_dispatch,120,7,16,16,14618000,3362001,14618000,-11255999,0
ep_bwd_combine_backward_dispatch,121,7,16,16,15187000,3931001,15187000,-11255999,0
ep_bwd_combine_backward_dispatch,122,7,16,16,15012000,3756001,15012000,-11255999,0
ep_bwd_combine_backward_dispatch,123,7,16,16,15143000,3887001,15143000,-11255999,0
ep_bwd_combine_backward_dispatch,124,7,16,16,15327000,4071001,15327000,-11255999,0
ep_bwd_combine_backward_dispatch,125,7,16,16,15280000,4024001,15280000,-11255999,0
ep_bwd_combine_backward_dispatch,126,7,16,16,14887000,3631001,14887000,-11255999,0
ep_bwd_combine_backward_dispatch,127,7,16,16,15074000,3818001,15074000,-11255999,0
ep_bwd_combine_backward_dispatch,128,8,16,16,19122000,4065973,19122000,-15056027,0
ep_bwd_combine_backward_dispatch,129,8,16,16,19709000,4648204,19709000,-15060796,0
ep_bwd_combine_backward_dispatch,130,8,16,16,19528000,4564973,19528000,-14963027,0
ep_bwd_combine_backward_dispatch,131,8,16,16,19925000,4864204,19925000,-15060796,0
ep_bwd_combine_backward_dispatch,132,8,16,16,19594000,4533204,19594000,-15060796,0
ep_bwd_combine_backward_dispatch,133,8,16,16,19067000,4141973,19067000,-14925027,0
ep_bwd_combine_backward_dispatch,134,8,16,16,19720000,4659204,19720000,-15060796,0
ep_bwd_combine_backward_dispatch,135,8,16,16,18927000,3866204,18927000,-15060796,0
ep_bwd_combine_backward_dispatch,136,8,16,16,16950000,3180380,16950000,-13769620,0
ep_bwd_combine_backward_dispatch,137,8,16,16,17434000,3664380,17434000,-13769620,0
ep_bwd_combine_backward_dispatch,138,8,16,16,17058000,3288380,17058000,-13769620,0
ep_bwd_combine_backward_dispatch,139,8,16,16,17746000,3976380,17746000,-13769620,0
ep_bwd_combine_backward_dispatch,140,8,16,16,17682000,3912380,17682000,-13769620,0
ep_bwd_combine_backward_dispatch,141,8,16,16,17186000,3416380,17186000,-13769620,0
ep_bwd_combine_backward_dispatch,142,8,16,16,17517000,3747380,17517000,-13769620,0
ep_bwd_combine_backward_dispatch,143,8,16,16,17595000,3825380,17595000,-13769620,0
ep_bwd_combine_backward_dispatch,144,9,16,16,16921000,3274750,16921000,-13646250,0
ep_bwd_combine_backward_dispatch,145,9,16,16,17192000,3545750,17192000,-13646250,0
ep_bwd_combine_backward_dispatch,146,9,16,16,17070000,3423750,17070000,-13646250,0
ep_bwd_combine_backward_dispatch,147,9,16,16,17415000,3768750,17415000,-13646250,0
ep_bwd_combine_backward_dispatch,148,9,16,16,17110000,3463750,17110000,-13646250,0
ep_bwd_combine_backward_dispatch,149,9,16,16,17132000,3485750,17132000,-13646250,0
ep_bwd_combine_backward_dispatch,150,9,16,16,17171000,3524750,17171000,-13646250,0
ep_bwd_combine_backward_dispatch,151,9,16,16,17192000,3545750,17192000,-13646250,0
ep_bwd_combine_backward_dispatch,152,9,16,16,22828000,5581218,22828000,-17246782,0
ep_bwd_combine_backward_dispatch,153,9,16,16,20957000,3143744,20957000,-17813256,0
ep_bwd_combine_backward_dispatch,154,9,16,16,22416000,5236218,22416000,-17179782,0
ep_bwd_combine_backward_dispatch,155,9,16,16,23779000,6542218,23779000,-17236782,0
ep_bwd_combine_backward_dispatch,156,9,16,16,22121000,4895218,22121000,-17225782,0
ep_bwd_combine_backward_dispatch,157,9,16,16,23181000,5992218,23181000,-17188782,0
ep_bwd_combine_backward_dispatch,158,9,16,16,22727000,5514218,22727000,-17212782,0
ep_bwd_combine_backward_dispatch,159,9,16,16,23233000,6027218,23233000,-17205782,0
ep_bwd_combine_backward_dispatch,160,10,16,16,15065000,3389236,15065000,-11675764,0
ep_bwd_combine_backward_dispatch,161,10,16,16,15356000,3680236,15356000,-11675764,0
ep_bwd_combine_backward_dispatch,162,10,16,16,15122000,3446236,15122000,-11675764,0
ep_bwd_combine_backward_dispatch,163,10,16,16,15057000,3381236,15057000,-11675764,0
ep_bwd_combine_backward_dispatch,164,10,16,16,15088000,3412236,15088000,-11675764,0
ep_bwd_combine_backward_dispatch,165,10,16,16,14972000,3296236,14972000,-11675764,0
ep_bwd_combine_backward_dispatch,166,10,16,16,15314000,3638236,15314000,-11675764,0
ep_bwd_combine_backward_dispatch,167,10,16,16,15270000,3594236,15270000,-11675764,0
ep_bwd_combine_backward_dispatch,168,10,16,16,15854000,3985850,15854000,-11868150,0
ep_bwd_combine_backward_dispatch,169,10,16,16,15993000,4124850,15993000,-11868150,0
ep_bwd_combine_backward_dispatch,170,10,16,16,15782000,3913850,15782000,-11868150,0
ep_bwd_combine_backward_dispatch,171,10,16,16,15461000,3592850,15461000,-11868150,0
ep_bwd_combine_backward_dispatch,172,10,16,16,15320000,3451850,15320000,-11868150,0
ep_bwd_combine_backward_dispatch,173,10,16,16,15657000,3788850,15657000,-11868150,0
ep_bwd_combine_backward_dispatch,174,10,16,16,15645000,3776850,15645000,-11868150,0
ep_bwd_combine_backward_dispatch,175,10,16,16,15368000,3499850,15368000,-11868150,0
ep_bwd_combine_backward_dispatch,176,11,16,16,20322000,5209822,20322000,-15112178,0
ep_bwd_combine_backward_dispatch,177,11,16,16,21585000,6462822,21585000,-15122178,0
ep_bwd_combine_backward_dispatch,178,11,16,16,20057000,5015822,20057000,-15041178,0
ep_bwd_combine_backward_dispatch,179,11,16,16,22371000,7225822,22371000,-15145178,0
ep_bwd_combine_backward_dispatch,180,11,16,16,20921000,5859822,20921000,-15061178,0
ep_bwd_combine_backward_dispatch,181,11,16,16,22416000,7250822,22416000,-15165178,0
ep_bwd_combine_backward_dispatch,182,11,16,16,21759000,6621822,21759000,-15137178,0
ep_bwd_combine_backward_dispatch,183,11,16,16,22305000,6966454,22305000,-15338546,0
ep_bwd_combine_backward_dispatch,184,11,16,16,14606000,3671442,14606000,-10934558,0
ep_bwd_combine_backward_dispatch,185,11,16,16,15059000,4163539,15059000,-10895461,0
ep_bwd_combine_backward_dispatch,186,11,16,16,16643000,5408097,16643000,-11234903,0
ep_bwd_combine_backward_dispatch,187,11,16,16,15941000,4706097,15941000,-11234903,0
ep_bwd_combine_backward_dispatch,188,11,16,16,17077000,5842097,17077000,-11234903,0
ep_bwd_combine_backward_dispatch,189,11,16,16,16542000,5307097,16542000,-11234903,0
ep_bwd_combine_backward_dispatch,190,11,16,16,16347000,5112097,16347000,-11234903,0
ep_bwd_combine_backward_dispatch,191,11,16,16,16398000,5163097,16398000,-11234903,0
ep_bwd_combine_backward_dispatch,192,12,16,16,15468000,5352239,15468000,-10115761,0
ep_bwd_combine_backward_dispatch,193,12,16,16,15268000,5152239,15268000,-10115761,0
ep_bwd_combine_backward_dispatch,194,12,16,16,15109000,4993239,15109000,-10115761,0
ep_bwd_combine_backward_dispatch,195,12,16,16,14454000,4338239,14454000,-10115761,0
ep_bwd_combine_backward_dispatch,196,12,16,16,15049000,4933239,15049000,-10115761,0
ep_bwd_combine_backward_dispatch,197,12,16,16,15175000,5059239,15175000,-10115761,0
ep_bwd_combine_backward_dispatch,198,12,16,16,15704000,5588239,15704000,-10115761,0
ep_bwd_combine_backward_dispatch,199,12,16,16,14163000,4047239,14163000,-10115761,0
ep_bwd_combine_backward_dispatch,200,12,16,16,15152000,3548736,15152000,-11603264,0
ep_bwd_combine_backward_dispatch,201,12,16,16,15948000,4388736,15948000,-11559264,0
ep_bwd_combine_backward_dispatch,202,12,16,16,17568000,5083541,17568000,-12484459,0
ep_bwd_combine_backward_dispatch,203,12,16,16,16241000,4600736,16241000,-11640264,0
ep_bwd_combine_backward_dispatch,204,12,16,16,16197000,4473235,16197000,-11723765,0
ep_bwd_combine_backward_dispatch,205,12,16,16,16263000,4572736,16263000,-11690264,0
ep_bwd_combine_backward_dispatch,206,12,16,16,15612000,4185736,15612000,-11426264,0
ep_bwd_combine_backward_dispatch,207,12,16,16,17521000,4941040,17521000,-12579960,0
ep_bwd_combine_backward_dispatch,208,13,16,16,18043000,5489152,18043000,-12553848,0
ep_bwd_combine_backward_dispatch,209,13,16,16,18421000,5846152,18421000,-12574848,0
ep_bwd_combine_backward_dispatch,210,13,16,16,16052000,3448152,16052000,-12603848,0
ep_bwd_combine_backward_dispatch,211,13,16,16,18384000,5823152,18384000,-12560848,0
ep_bwd_combine_backward_dispatch,212,13,16,16,18250000,5725152,18250000,-12524848,0
ep_bwd_combine_backward_dispatch,213,13,16,16,18723000,6188152,18723000,-12534848,0
ep_bwd_combine_backward_dispatch,214,13,16,16,18671000,6071152,18671000,-12599848,0
ep_bwd_combine_backward_dispatch,215,13,16,16,19012000,5837450,19012000,-13174550,0
ep_bwd_combine_backward_dispatch,216,13,16,16,15999000,3857648,15999000,-12141352,0
ep_bwd_combine_backward_dispatch,217,13,16,16,16148000,4006648,16148000,-12141352,0
ep_bwd_combine_backward_dispatch,218,13,16,16,16163000,4021648,16163000,-12141352,0
ep_bwd_combine_backward_dispatch,219,13,16,16,15800000,3658648,15800000,-12141352,0
ep_bwd_combine_backward_dispatch,220,13,16,16,16246000,4104648,16246000,-12141352,0
ep_bwd_combine_backward_dispatch,221,13,16,16,15724000,3582648,15724000,-12141352,0
ep_bwd_combine_backward_dispatch,222,13,16,16,16060000,3918648,16060000,-12141352,0
ep_bwd_combine_backward_dispatch,223,13,16,16,15817000,3675648,15817000,-12141352,0
ep_bwd_combine_backward_dispatch,224,14,16,16,37498000,4188338,37498000,-33309662,0
ep_bwd_combine_backward_dispatch,225,14,16,16,38100000,4682528,38100000,-33417472,0
ep_bwd_combine_backward_dispatch,226,14,16,16,37448000,4244338,37448000,-33203662,0
ep_bwd_combine_backward_dispatch,227,14,16,16,37688000,4270528,37688000,-33417472,0
ep_bwd_combine_backward_dispatch,228,14,16,16,37364000,4004338,37364000,-33359662,0
ep_bwd_combine_backward_dispatch,229,14,16,16,37436000,4173338,37436000,-33262662,0
ep_bwd_combine_backward_dispatch,230,14,16,16,37572000,4204338,37572000,-33367662,0
ep_bwd_combine_backward_dispatch,231,14,16,16,37443000,4025528,37443000,-33417472,0
ep_bwd_combine_backward_dispatch,232,14,16,16,17689000,4091679,17689000,-13597321,0
ep_bwd_combine_backward_dispatch,233,14,16,16,18029000,4445679,18029000,-13583321,0
ep_bwd_combine_backward_dispatch,234,14,16,16,18432000,4845303,18432000,-13586697,0
ep_bwd_combine_backward_dispatch,235,14,16,16,16433000,3141777,16433000,-13291223,0
ep_bwd_combine_backward_dispatch,236,14,16,16,18576000,4926303,18576000,-13649697,0
ep_bwd_combine_backward_dispatch,237,14,16,16,18040000,4375303,18040000,-13664697,0
ep_bwd_combine_backward_dispatch,238,14,16,16,18982000,5299303,18982000,-13682697,0
ep_bwd_combine_backward_dispatch,239,14,16,16,21857000,6765164,21857000,-15091836,0
ep_bwd_combine_backward_dispatch,240,15,8,8,8128000,1859303,8128000,-6268697,0
ep_bwd_combine_backward_dispatch,241,15,8,8,8311000,2042303,8311000,-6268697,0
ep_bwd_combine_backward_dispatch,242,15,8,8,8241000,1972303,8241000,-6268697,0
ep_bwd_combine_backward_dispatch,243,15,8,8,8398000,2129303,8398000,-6268697,0
ep_bwd_combine_backward_dispatch,244,15,8,8,7806000,1537303,7806000,-6268697,0
ep_bwd_combine_backward_dispatch,245,15,8,8,8368000,2099303,8368000,-6268697,0
ep_bwd_combine_backward_dispatch,246,15,8,8,7817000,1548303,7817000,-6268697,0
ep_bwd_combine_backward_dispatch,247,15,8,8,7834000,1565303,7834000,-6268697,0
ep_bwd_combine_backward_dispatch,248,15,8,8,11798000,1928420,11798000,-9869580,0
ep_bwd_combine_backward_dispatch,249,15,8,8,12024000,2154420,12024000,-9869580,0
ep_bwd_combine_backward_dispatch,250,15,8,8,12907000,3037420,12907000,-9869580,0
ep_bwd_combine_backward_dispatch,251,15,8,8,11589000,1719420,11589000,-9869580,0
ep_bwd_combine_backward_dispatch,252,15,8,8,12029000,2159420,12029000,-9869580,0
ep_bwd_combine_backward_dispatch,253,15,8,8,12160000,2290420,12160000,-9869580,0
ep_bwd_combine_backward_dispatch,254,15,8,8,12033000,2163420,12033000,-9869580,0
ep_bwd_combine_backward_dispatch,255,15,8,8,12245000,2375420,12245000,-9869580,0
ep_bwd_dispatch_backward_combine,0,0,4,4,31975000,28262293,31975000,-3712707,0
ep_bwd_dispatch_backward_combine,1,0,4,4,9314000,5601293,9314000,-3712707,0
ep_bwd_dispatch_backward_combine,2,0,4,4,8097000,4384293,8097000,-3712707,0
ep_bwd_dispatch_backward_combine,3,0,4,4,19277000,15564293,19277000,-3712707,0
ep_bwd_dispatch_backward_combine,4,0,4,4,31345000,27632293,31345000,-3712707,0
ep_bwd_dispatch_backward_combine,5,0,4,4,9819000,6106293,9819000,-3712707,0
ep_bwd_dispatch_backward_combine,6,0,4,4,14446000,10733293,14446000,-3712707,0
ep_bwd_dispatch_backward_combine,7,0,4,4,5715000,2002293,5715000,-3712707,0
ep_bwd_dispatch_backward_combine,8,0,4,4,32522000,28691656,32522000,-3830344,0
ep_bwd_dispatch_backward_combine,9,0,4,4,11291000,7460656,11291000,-3830344,0
ep_bwd_dispatch_backward_combine,10,0,4,4,8887000,5056656,8887000,-3830344,0
ep_bwd_dispatch_backward_combine,11,0,4,4,18285000,14454656,18285000,-3830344,0
ep_bwd_dispatch_backward_combine,12,0,4,4,32449000,28618656,32449000,-3830344,0
ep_bwd_dispatch_backward_combine,13,0,4,4,10292000,6461656,10292000,-3830344,0
ep_bwd_dispatch_backward_combine,14,0,4,4,14320000,10489656,14320000,-3830344,0
ep_bwd_dispatch_backward_combine,15,0,4,4,5537000,1706656,5537000,-3830344,0
ep_bwd_dispatch_backward_combine,16,1,16,16,78719000,60828839,78719000,-17890161,0
ep_bwd_dispatch_backward_combine,17,1,16,16,135031000,117140839,135031000,-17890161,0
ep_bwd_dispatch_backward_combine,18,1,16,16,71725000,53834839,71725000,-17890161,0
ep_bwd_dispatch_backward_combine,19,1,16,16,73610000,55719839,73610000,-17890161,0
ep_bwd_dispatch_backward_combine,20,1,16,16,140112000,122221839,140112000,-17890161,0
ep_bwd_dispatch_backward_combine,21,1,16,16,126494000,108603839,126494000,-17890161,0
ep_bwd_dispatch_backward_combine,22,1,16,16,103406000,85515839,103406000,-17890161,0
ep_bwd_dispatch_backward_combine,23,1,16,16,136580000,118689839,136580000,-17890161,0
ep_bwd_dispatch_backward_combine,24,1,16,16,76187000,58796349,76187000,-17390651,0
ep_bwd_dispatch_backward_combine,25,1,16,16,129988000,112597349,129988000,-17390651,0
ep_bwd_dispatch_backward_combine,26,1,16,16,69240000,51849349,69240000,-17390651,0
ep_bwd_dispatch_backward_combine,27,1,16,16,69375000,51984349,69375000,-17390651,0
ep_bwd_dispatch_backward_combine,28,1,16,16,134520000,117129349,134520000,-17390651,0
ep_bwd_dispatch_backward_combine,29,1,16,16,120398000,103007349,120398000,-17390651,0
ep_bwd_dispatch_backward_combine,30,1,16,16,101003000,83612349,101003000,-17390651,0
ep_bwd_dispatch_backward_combine,31,1,16,16,135527000,118136349,135527000,-17390651,0
ep_bwd_dispatch_backward_combine,32,2,16,16,61297000,45470957,61297000,-15826043,0
ep_bwd_dispatch_backward_combine,33,2,16,16,118572000,102745957,118572000,-15826043,0
ep_bwd_dispatch_backward_combine,34,2,16,16,82970000,67143957,82970000,-15826043,0
ep_bwd_dispatch_backward_combine,35,2,16,16,101740000,85913957,101740000,-15826043,0
ep_bwd_dispatch_backward_combine,36,2,16,16,117448000,101621957,117448000,-15826043,0
ep_bwd_dispatch_backward_combine,37,2,16,16,47391000,31564957,47391000,-15826043,0
ep_bwd_dispatch_backward_combine,38,2,16,16,99413000,83586957,99413000,-15826043,0
ep_bwd_dispatch_backward_combine,39,2,16,16,71489000,55725581,71489000,-15763419,0
ep_bwd_dispatch_backward_combine,40,2,16,16,63364000,47586838,63364000,-15777162,0
ep_bwd_dispatch_backward_combine,41,2,16,16,112408000,96630838,112408000,-15777162,0
ep_bwd_dispatch_backward_combine,42,2,16,16,80102000,64324838,80102000,-15777162,0
ep_bwd_dispatch_backward_combine,43,2,16,16,104615000,88837838,104615000,-15777162,0
ep_bwd_dispatch_backward_combine,44,2,16,16,119330000,103552838,119330000,-15777162,0
ep_bwd_dispatch_backward_combine,45,2,16,16,43612000,27834838,43612000,-15777162,0
ep_bwd_dispatch_backward_combine,46,2,16,16,95716000,79938838,95716000,-15777162,0
ep_bwd_dispatch_backward_combine,47,2,16,16,67094000,51316838,67094000,-15777162,0
ep_bwd_dispatch_backward_combine,48,3,16,16,48621000,31920561,48621000,-16700439,0
ep_bwd_dispatch_backward_combine,49,3,16,16,64259000,46573822,64259000,-17685178,0
ep_bwd_dispatch_backward_combine,50,3,16,16,67792000,50106822,67792000,-17685178,0
ep_bwd_dispatch_backward_combine,51,3,16,16,70380000,52694822,70380000,-17685178,0
ep_bwd_dispatch_backward_combine,52,3,16,16,84160000,66474822,84160000,-17685178,0
ep_bwd_dispatch_backward_combine,53,3,16,16,52104000,34789429,52104000,-17314571,0
ep_bwd_dispatch_backward_combine,54,3,16,16,99437000,81751822,99437000,-17685178,0
ep_bwd_dispatch_backward_combine,55,3,16,16,69962000,53293561,69962000,-16668439,0
ep_bwd_dispatch_backward_combine,56,3,16,16,44860000,30599728,44860000,-14260272,0
ep_bwd_dispatch_backward_combine,57,3,16,16,63206000,48945728,63206000,-14260272,0
ep_bwd_dispatch_backward_combine,58,3,16,16,68046000,53785728,68046000,-14260272,0
ep_bwd_dispatch_backward_combine,59,3,16,16,64432000,50171728,64432000,-14260272,0
ep_bwd_dispatch_backward_combine,60,3,16,16,75263000,61002728,75263000,-14260272,0
ep_bwd_dispatch_backward_combine,61,3,16,16,42171000,27910728,42171000,-14260272,0
ep_bwd_dispatch_backward_combine,62,3,16,16,93755000,79494728,93755000,-14260272,0
ep_bwd_dispatch_backward_combine,63,3,16,16,63068000,48818828,63068000,-14249172,0
ep_bwd_dispatch_backward_combine,64,4,16,16,90538000,75907981,90538000,-14630019,0
ep_bwd_dispatch_backward_combine,65,4,16,16,99373000,84742981,99373000,-14630019,0
ep_bwd_dispatch_backward_combine,66,4,16,16,80576000,65945981,80576000,-14630019,0
ep_bwd_dispatch_backward_combine,67,4,16,16,91657000,77026981,91657000,-14630019,0
ep_bwd_dispatch_backward_combine,68,4,16,16,87762000,73131981,87762000,-14630019,0
ep_bwd_dispatch_backward_combine,69,4,16,16,78795000,64164981,78795000,-14630019,0
ep_bwd_dispatch_backward_combine,70,4,16,16,62067000,47436981,62067000,-14630019,0
ep_bwd_dispatch_backward_combine,71,4,16,16,61440000,46809981,61440000,-14630019,0
ep_bwd_dispatch_backward_combine,72,4,16,16,95923000,80563123,95923000,-15359877,0
ep_bwd_dispatch_backward_combine,73,4,16,16,95731000,80371123,95731000,-15359877,0
ep_bwd_dispatch_backward_combine,74,4,16,16,83923000,68563123,83923000,-15359877,0
ep_bwd_dispatch_backward_combine,75,4,16,16,88454000,73094123,88454000,-15359877,0
ep_bwd_dispatch_backward_combine,76,4,16,16,85288000,69928123,85288000,-15359877,0
ep_bwd_dispatch_backward_combine,77,4,16,16,80561000,65201123,80561000,-15359877,0
ep_bwd_dispatch_backward_combine,78,4,16,16,63167000,48379227,63167000,-14787773,0
ep_bwd_dispatch_backward_combine,79,4,16,16,61865000,46505123,61865000,-15359877,0
ep_bwd_dispatch_backward_combine,80,5,16,16,89781000,75862628,89781000,-13918372,0
ep_bwd_dispatch_backward_combine,81,5,16,16,74564000,60645628,74564000,-13918372,0
ep_bwd_dispatch_backward_combine,82,5,16,16,54920000,41001628,54920000,-13918372,0
ep_bwd_dispatch_backward_combine,83,5,16,16,59157000,45238628,59157000,-13918372,0
ep_bwd_dispatch_backward_combine,84,5,16,16,63539000,49620628,63539000,-13918372,0
ep_bwd_dispatch_backward_combine,85,5,16,16,64458000,50539628,64458000,-13918372,0
ep_bwd_dispatch_backward_combine,86,5,16,16,65618000,51699628,65618000,-13918372,0
ep_bwd_dispatch_backward_combine,87,5,16,16,74411000,60492628,74411000,-13918372,0
ep_bwd_dispatch_backward_combine,88,5,16,16,87413000,73934179,87413000,-13478821,0
ep_bwd_dispatch_backward_combine,89,5,16,16,66370000,52891179,66370000,-13478821,0
ep_bwd_dispatch_backward_combine,90,5,16,16,52073000,38594179,52073000,-13478821,0
ep_bwd_dispatch_backward_combine,91,5,16,16,59307000,45828179,59307000,-13478821,0
ep_bwd_dispatch_backward_combine,92,5,16,16,58270000,44791179,58270000,-13478821,0
ep_bwd_dispatch_backward_combine,93,5,16,16,62481000,49002179,62481000,-13478821,0
ep_bwd_dispatch_backward_combine,94,5,16,16,66131000,52652179,66131000,-13478821,0
ep_bwd_dispatch_backward_combine,95,5,16,16,76029000,62550179,76029000,-13478821,0
ep_bwd_dispatch_backward_combine,96,6,16,16,71396000,55199001,71396000,-16196999,0
ep_bwd_dispatch_backward_combine,97,6,16,16,71467000,55270001,71467000,-16196999,0
ep_bwd_dispatch_backward_combine,98,6,16,16,90971000,74774001,90971000,-16196999,0
ep_bwd_dispatch_backward_combine,99,6,16,16,61925000,47052894,61925000,-14872106,0
ep_bwd_dispatch_backward_combine,100,6,16,16,107593000,91396001,107593000,-16196999,0
ep_bwd_dispatch_backward_combine,101,6,16,16,88373000,72176001,88373000,-16196999,0
ep_bwd_dispatch_backward_combine,102,6,16,16,70285000,54088001,70285000,-16196999,0
ep_bwd_dispatch_backward_combine,103,6,16,16,86855000,70658001,86855000,-16196999,0
ep_bwd_dispatch_backward_combine,104,6,16,16,61346000,47496561,61346000,-13849439,0
ep_bwd_dispatch_backward_combine,105,6,16,16,61364000,47514561,61364000,-13849439,0
ep_bwd_dispatch_backward_combine,106,6,16,16,90782000,76932561,90782000,-13849439,0
ep_bwd_dispatch_backward_combine,107,6,16,16,50733000,36883561,50733000,-13849439,0
ep_bwd_dispatch_backward_combine,108,6,16,16,112637000,98787561,112637000,-13849439,0
ep_bwd_dispatch_backward_combine,109,6,16,16,80046000,66196561,80046000,-13849439,0
ep_bwd_dispatch_backward_combine,110,6,16,16,60091000,46241561,60091000,-13849439,0
ep_bwd_dispatch_backward_combine,111,6,16,16,70793000,56943561,70793000,-13849439,0
ep_bwd_dispatch_backward_combine,112,7,16,16,63882000,50344743,63882000,-13537257,0
ep_bwd_dispatch_backward_combine,113,7,16,16,55612000,42074743,55612000,-13537257,0
ep_bwd_dispatch_backward_combine,114,7,16,16,58753000,45215743,58753000,-13537257,0
ep_bwd_dispatch_backward_combine,115,7,16,16,41824000,28286743,41824000,-13537257,0
ep_bwd_dispatch_backward_combine,116,7,16,16,56741000,43203743,56741000,-13537257,0
ep_bwd_dispatch_backward_combine,117,7,16,16,38996000,25458743,38996000,-13537257,0
ep_bwd_dispatch_backward_combine,118,7,16,16,60348000,46810743,60348000,-13537257,0
ep_bwd_dispatch_backward_combine,119,7,16,16,72731000,59193743,72731000,-13537257,0
ep_bwd_dispatch_backward_combine,120,7,16,16,57858000,45831079,57858000,-12026921,0
ep_bwd_dispatch_backward_combine,121,7,16,16,47077000,35050079,47077000,-12026921,0
ep_bwd_dispatch_backward_combine,122,7,16,16,56350000,44323079,56350000,-12026921,0
ep_bwd_dispatch_backward_combine,123,7,16,16,36634000,24607079,36634000,-12026921,0
ep_bwd_dispatch_backward_combine,124,7,16,16,54912000,42885079,54912000,-12026921,0
ep_bwd_dispatch_backward_combine,125,7,16,16,39162000,27135079,39162000,-12026921,0
ep_bwd_dispatch_backward_combine,126,7,16,16,60206000,48179079,60206000,-12026921,0
ep_bwd_dispatch_backward_combine,127,7,16,16,67622000,55595079,67622000,-12026921,0
ep_bwd_dispatch_backward_combine,128,8,16,16,72176000,59257993,72176000,-12918007,0
ep_bwd_dispatch_backward_combine,129,8,16,16,57215000,44296993,57215000,-12918007,0
ep_bwd_dispatch_backward_combine,130,8,16,16,80477000,67558993,80477000,-12918007,0
ep_bwd_dispatch_backward_combine,131,8,16,16,59277000,46358993,59277000,-12918007,0
ep_bwd_dispatch_backward_combine,132,8,16,16,64026000,51107993,64026000,-12918007,0
ep_bwd_dispatch_backward_combine,133,8,16,16,64797000,51878993,64797000,-12918007,0
ep_bwd_dispatch_backward_combine,134,8,16,16,73351000,60432993,73351000,-12918007,0
ep_bwd_dispatch_backward_combine,135,8,16,16,38830000,25911993,38830000,-12918007,0
ep_bwd_dispatch_backward_combine,136,8,16,16,76933000,63949952,76933000,-12983048,0
ep_bwd_dispatch_backward_combine,137,8,16,16,62125000,49141952,62125000,-12983048,0
ep_bwd_dispatch_backward_combine,138,8,16,16,84260000,71276952,84260000,-12983048,0
ep_bwd_dispatch_backward_combine,139,8,16,16,61389000,48405952,61389000,-12983048,0
ep_bwd_dispatch_backward_combine,140,8,16,16,67522000,54538952,67522000,-12983048,0
ep_bwd_dispatch_backward_combine,141,8,16,16,68289000,55305952,68289000,-12983048,0
ep_bwd_dispatch_backward_combine,142,8,16,16,76769000,63785952,76769000,-12983048,0
ep_bwd_dispatch_backward_combine,143,8,16,16,48250000,35266952,48250000,-12983048,0
ep_bwd_dispatch_backward_combine,144,9,16,16,115959000,100721700,115959000,-15237300,0
ep_bwd_dispatch_backward_combine,145,9,16,16,91675000,76437700,91675000,-15237300,0
ep_bwd_dispatch_backward_combine,146,9,16,16,111504000,96266700,111504000,-15237300,0
ep_bwd_dispatch_backward_combine,147,9,16,16,68344000,53106700,68344000,-15237300,0
ep_bwd_dispatch_backward_combine,148,9,16,16,118388000,103150700,118388000,-15237300,0
ep_bwd_dispatch_backward_combine,149,9,16,16,83335000,68097700,83335000,-15237300,0
ep_bwd_dispatch_backward_combine,150,9,16,16,105654000,90416700,105654000,-15237300,0
ep_bwd_dispatch_backward_combine,151,9,16,16,86408000,71170700,86408000,-15237300,0
ep_bwd_dispatch_backward_combine,152,9,16,16,122026000,102287349,122026000,-19738651,0
ep_bwd_dispatch_backward_combine,153,9,16,16,86491000,67898053,86491000,-18592947,0
ep_bwd_dispatch_backward_combine,154,9,16,16,119970000,100231349,119970000,-19738651,0
ep_bwd_dispatch_backward_combine,155,9,16,16,74591000,55082045,74591000,-19508955,0
ep_bwd_dispatch_backward_combine,156,9,16,16,131151000,111412349,131151000,-19738651,0
ep_bwd_dispatch_backward_combine,157,9,16,16,86886000,67147349,86886000,-19738651,0
ep_bwd_dispatch_backward_combine,158,9,16,16,114492000,94753349,114492000,-19738651,0
ep_bwd_dispatch_backward_combine,159,9,16,16,90353000,70614349,90353000,-19738651,0
ep_bwd_dispatch_backward_combine,160,10,16,16,71744000,59181365,71744000,-12562635,0
ep_bwd_dispatch_backward_combine,161,10,16,16,33584000,21021365,33584000,-12562635,0
ep_bwd_dispatch_backward_combine,162,10,16,16,63614000,51051365,63614000,-12562635,0
ep_bwd_dispatch_backward_combine,163,10,16,16,79766000,67203365,79766000,-12562635,0
ep_bwd_dispatch_backward_combine,164,10,16,16,23403000,10840365,23403000,-12562635,0
ep_bwd_dispatch_backward_combine,165,10,16,16,77490000,64927365,77490000,-12562635,0
ep_bwd_dispatch_backward_combine,166,10,16,16,75308000,62745365,75308000,-12562635,0
ep_bwd_dispatch_backward_combine,167,10,16,16,68400000,55837365,68400000,-12562635,0
ep_bwd_dispatch_backward_combine,168,10,16,16,78302000,65381850,78302000,-12920150,0
ep_bwd_dispatch_backward_combine,169,10,16,16,39723000,26802850,39723000,-12920150,0
ep_bwd_dispatch_backward_combine,170,10,16,16,65333000,52412850,65333000,-12920150,0
ep_bwd_dispatch_backward_combine,171,10,16,16,81759000,68838850,81759000,-12920150,0
ep_bwd_dispatch_backward_combine,172,10,16,16,28259000,15338850,28259000,-12920150,0
ep_bwd_dispatch_backward_combine,173,10,16,16,81238000,68317850,81238000,-12920150,0
ep_bwd_dispatch_backward_combine,174,10,16,16,83065000,70144850,83065000,-12920150,0
ep_bwd_dispatch_backward_combine,175,10,16,16,72079000,59158850,72079000,-12920150,0
ep_bwd_dispatch_backward_combine,176,11,16,16,65124000,52976509,65124000,-12147491,0
ep_bwd_dispatch_backward_combine,177,11,16,16,70304000,58156509,70304000,-12147491,0
ep_bwd_dispatch_backward_combine,178,11,16,16,37031000,24883509,37031000,-12147491,0
ep_bwd_dispatch_backward_combine,179,11,16,16,47064000,34916509,47064000,-12147491,0
ep_bwd_dispatch_backward_combine,180,11,16,16,42362000,30214509,42362000,-12147491,0
ep_bwd_dispatch_backward_combine,181,11,16,16,50818000,38670509,50818000,-12147491,0
ep_bwd_dispatch_backward_combine,182,11,16,16,44860000,32712509,44860000,-12147491,0
ep_bwd_dispatch_backward_combine,183,11,16,16,61052000,48904509,61052000,-12147491,0
ep_bwd_dispatch_backward_combine,184,11,16,16,73686000,61525283,73686000,-12160717,0
ep_bwd_dispatch_backward_combine,185,11,16,16,63530000,51369283,63530000,-12160717,0
ep_bwd_dispatch_backward_combine,186,11,16,16,35279000,23118283,35279000,-12160717,0
ep_bwd_dispatch_backward_combine,187,11,16,16,46606000,34898613,46606000,-11707387,0
ep_bwd_dispatch_backward_combine,188,11,16,16,41049000,28888283,41049000,-12160717,0
ep_bwd_dispatch_backward_combine,189,11,16,16,48671000,36510283,48671000,-12160717,0
ep_bwd_dispatch_backward_combine,190,11,16,16,43086000,30925283,43086000,-12160717,0
ep_bwd_dispatch_backward_combine,191,11,16,16,64121000,51960283,64121000,-12160717,0
ep_bwd_dispatch_backward_combine,192,12,16,16,50265000,38304272,50265000,-11960728,0
ep_bwd_dispatch_backward_combine,193,12,16,16,51914000,39953272,51914000,-11960728,0
ep_bwd_dispatch_backward_combine,194,12,16,16,68858000,56897272,68858000,-11960728,0
ep_bwd_dispatch_backward_combine,195,12,16,16,60562000,48601272,60562000,-11960728,0
ep_bwd_dispatch_backward_combine,196,12,16,16,48669000,36708272,48669000,-11960728,0
ep_bwd_dispatch_backward_combine,197,12,16,16,73549000,61588272,73549000,-11960728,0
ep_bwd_dispatch_backward_combine,198,12,16,16,63429000,51468272,63429000,-11960728,0
ep_bwd_dispatch_backward_combine,199,12,16,16,62074000,50113272,62074000,-11960728,0
ep_bwd_dispatch_backward_combine,200,12,16,16,50025000,38303140,50025000,-11721860,0
ep_bwd_dispatch_backward_combine,201,12,16,16,54032000,42310140,54032000,-11721860,0
ep_bwd_dispatch_backward_combine,202,12,16,16,69156000,57434140,69156000,-11721860,0
ep_bwd_dispatch_backward_combine,203,12,16,16,64775000,53053140,64775000,-11721860,0
ep_bwd_dispatch_backward_combine,204,12,16,16,44387000,32665140,44387000,-11721860,0
ep_bwd_dispatch_backward_combine,205,12,16,16,73600000,61878140,73600000,-11721860,0
ep_bwd_dispatch_backward_combine,206,12,16,16,64133000,52411140,64133000,-11721860,0
ep_bwd_dispatch_backward_combine,207,12,16,16,62390000,50668140,62390000,-11721860,0
ep_bwd_dispatch_backward_combine,208,13,16,16,83129000,69645934,83129000,-13483066,0
ep_bwd_dispatch_backward_combine,209,13,16,16,62597000,49113934,62597000,-13483066,0
ep_bwd_dispatch_backward_combine,210,13,16,16,60771000,47287934,60771000,-13483066,0
ep_bwd_dispatch_backward_combine,211,13,16,16,82991000,69507934,82991000,-13483066,0
ep_bwd_dispatch_backward_combine,212,13,16,16,96407000,82923934,96407000,-13483066,0
ep_bwd_dispatch_backward_combine,213,13,16,16,50577000,37093934,50577000,-13483066,0
ep_bwd_dispatch_backward_combine,214,13,16,16,62488000,49004934,62488000,-13483066,0
ep_bwd_dispatch_backward_combine,215,13,16,16,83507000,70023934,83507000,-13483066,0
ep_bwd_dispatch_backward_combine,216,13,16,16,97205000,72020597,97205000,-25184403,0
ep_bwd_dispatch_backward_combine,217,13,16,16,71485000,46199795,71485000,-25285205,0
ep_bwd_dispatch_backward_combine,218,13,16,16,75795000,51114597,75795000,-24680403,0
ep_bwd_dispatch_backward_combine,219,13,16,16,93800000,69247597,93800000,-24552403,0
ep_bwd_dispatch_backward_combine,220,13,16,16,108228000,82942795,108228000,-25285205,0
ep_bwd_dispatch_backward_combine,221,13,16,16,66024000,40738795,66024000,-25285205,0
ep_bwd_dispatch_backward_combine,222,13,16,16,74602000,49966597,74602000,-24635403,0
ep_bwd_dispatch_backward_combine,223,13,16,16,95584000,70298795,95584000,-25285205,0
ep_bwd_dispatch_backward_combine,224,14,16,16,80202000,64172988,80202000,-16029012,0
ep_bwd_dispatch_backward_combine,225,14,16,16,71654000,53689988,71654000,-17964012,0
ep_bwd_dispatch_backward_combine,226,14,16,16,71648000,54502988,71648000,-17145012,0
ep_bwd_dispatch_backward_combine,227,14,16,16,71279000,55878988,71279000,-15400012,0
ep_bwd_dispatch_backward_combine,228,14,16,16,63184000,46631988,63184000,-16552012,0
ep_bwd_dispatch_backward_combine,229,14,16,16,51031000,34299988,51031000,-16731012,0
ep_bwd_dispatch_backward_combine,230,14,16,16,63746000,46726988,63746000,-17019012,0
ep_bwd_dispatch_backward_combine,231,14,16,16,43660000,21138703,43660000,-22521297,0
ep_bwd_dispatch_backward_combine,232,14,16,16,86363000,53594076,86363000,-32768924,0
ep_bwd_dispatch_backward_combine,233,14,16,16,83377000,49957129,83377000,-33419871,0
ep_bwd_dispatch_backward_combine,234,14,16,16,84720000,51300129,84720000,-33419871,0
ep_bwd_dispatch_backward_combine,235,14,16,16,80257000,47766076,80257000,-32490924,0
ep_bwd_dispatch_backward_combine,236,14,16,16,78064000,45015011,78064000,-33048989,0
ep_bwd_dispatch_backward_combine,237,14,16,16,58183000,28502994,58183000,-29680006,0
ep_bwd_dispatch_backward_combine,238,14,16,16,76123000,42703129,76123000,-33419871,0
ep_bwd_dispatch_backward_combine,239,14,16,16,43794000,17693534,43794000,-26100466,0
ep_bwd_dispatch_backward_combine,240,15,8,8,41302000,34538576,41302000,-6763424,0
ep_bwd_dispatch_backward_combine,241,15,8,8,32984000,26220576,32984000,-6763424,0
ep_bwd_dispatch_backward_combine,242,15,8,8,7907000,1143576,7907000,-6763424,0
ep_bwd_dispatch_backward_combine,243,15,8,8,28392000,21628576,28392000,-6763424,0
ep_bwd_dispatch_backward_combine,244,15,8,8,43720000,36956576,43720000,-6763424,0
ep_bwd_dispatch_backward_combine,245,15,8,8,36265000,29501576,36265000,-6763424,0
ep_bwd_dispatch_backward_combine,246,15,8,8,34180000,27416576,34180000,-6763424,0
ep_bwd_dispatch_backward_combine,247,15,8,8,32861000,26097576,32861000,-6763424,0
ep_bwd_dispatch_backward_combine,248,15,8,8,44840000,38098876,44840000,-6741124,0
ep_bwd_dispatch_backward_combine,249,15,8,8,35629000,28887876,35629000,-6741124,0
ep_bwd_dispatch_backward_combine,250,15,8,8,7806000,1064876,7806000,-6741124,0
ep_bwd_dispatch_backward_combine,251,15,8,8,25508000,18766876,25508000,-6741124,0
ep_bwd_dispatch_backward_combine,252,15,8,8,48263000,41521876,48263000,-6741124,0
ep_bwd_dispatch_backward_combine,253,15,8,8,37693000,30951876,37693000,-6741124,0
ep_bwd_dispatch_backward_combine,254,15,8,8,38877000,32135876,38877000,-6741124,0
ep_bwd_dispatch_backward_combine,255,15,8,8,32872000,26130876,32872000,-6741124,0
ep_fwd_combine,0,0,8,8,46297000,38939292,46297000,-7357708,0
ep_fwd_combine,1,0,8,8,15252000,7894292,15252000,-7357708,0
ep_fwd_combine,2,0,8,8,15807000,8449292,15807000,-7357708,0
ep_fwd_combine,3,0,8,8,27674000,20316292,27674000,-7357708,0
ep_fwd_combine,4,0,8,8,39120000,31762292,39120000,-7357708,0
ep_fwd_combine,5,0,8,8,15561000,8203292,15561000,-7357708,0
ep_fwd_combine,6,0,8,8,21848000,14490292,21848000,-7357708,0
ep_fwd_combine,7,0,8,8,11139000,3781292,11139000,-7357708,0
ep_fwd_combine,8,0,8,8,51136000,43323978,51136000,-7812022,0
ep_fwd_combine,9,0,8,8,20075000,12262978,20075000,-7812022,0
ep_fwd_combine,10,0,8,8,18655000,10842978,18655000,-7812022,0
ep_fwd_combine,11,0,8,8,30454000,22641978,30454000,-7812022,0
ep_fwd_combine,12,0,8,8,44783000,36970978,44783000,-7812022,0
ep_fwd_combine,13,0,8,8,21001000,13188978,21001000,-7812022,0
ep_fwd_combine,14,0,8,8,25879000,18066978,25879000,-7812022,0
ep_fwd_combine,15,0,8,8,11063000,3250978,11063000,-7812022,0
ep_fwd_combine,16,1,32,32,106916000,72358490,106916000,-34557510,0
ep_fwd_combine,17,1,32,32,169070000,134512490,169070000,-34557510,0
ep_fwd_combine,18,1,32,32,102568000,68010490,102568000,-34557510,0
ep_fwd_combine,19,1,32,32,96485000,61927490,96485000,-34557510,0
ep_fwd_combine,20,1,32,32,170450000,135892490,170450000,-34557510,0
ep_fwd_combine,21,1,32,32,158782000,124224490,158782000,-34557510,0
ep_fwd_combine,22,1,32,32,137710000,103152490,137710000,-34557510,0
ep_fwd_combine,23,1,32,32,162513000,127955490,162513000,-34557510,0
ep_fwd_combine,24,1,32,32,102640000,67066817,102640000,-35573183,0
ep_fwd_combine,25,1,32,32,161389000,125815817,161389000,-35573183,0
ep_fwd_combine,26,1,32,32,100565000,66184715,100565000,-34380285,0
ep_fwd_combine,27,1,32,32,92576000,57002817,92576000,-35573183,0
ep_fwd_combine,28,1,32,32,165819000,130245817,165819000,-35573183,0
ep_fwd_combine,29,1,32,32,151463000,115889817,151463000,-35573183,0
ep_fwd_combine,30,1,32,32,131023000,96020715,131023000,-35002285,0
ep_fwd_combine,31,1,32,32,159754000,124180817,159754000,-35573183,0
ep_fwd_combine,32,2,32,32,230117000,199881858,230117000,-30235142,0
ep_fwd_combine,33,2,32,32,294021000,263785858,294021000,-30235142,0
ep_fwd_combine,34,2,32,32,255614000,225378858,255614000,-30235142,0
ep_fwd_combine,35,2,32,32,281176000,250940858,281176000,-30235142,0
ep_fwd_combine,36,2,32,32,151408000,121172858,151408000,-30235142,0
ep_fwd_combine,37,2,32,32,215304000,185068858,215304000,-30235142,0
ep_fwd_combine,38,2,32,32,269852000,239616858,269852000,-30235142,0
ep_fwd_combine,39,2,32,32,237977000,207741858,237977000,-30235142,0
ep_fwd_combine,40,2,32,32,98672000,59582087,98672000,-39089913,0
ep_fwd_combine,41,2,32,32,149329000,110224840,149329000,-39104160,0
ep_fwd_combine,42,2,32,32,116635000,77530840,116635000,-39104160,0
ep_fwd_combine,43,2,32,32,143331000,104226840,143331000,-39104160,0
ep_fwd_combine,44,2,32,32,166924000,127819840,166924000,-39104160,0
ep_fwd_combine,45,2,32,32,72092000,32987840,72092000,-39104160,0
ep_fwd_combine,46,2,32,32,129040000,89935840,129040000,-39104160,0
ep_fwd_combine,47,2,32,32,94609000,56274370,94609000,-38334630,0
ep_fwd_combine,48,3,32,32,75075000,46808930,75075000,-28266070,0
ep_fwd_combine,49,3,32,32,96551000,68284930,96551000,-28266070,0
ep_fwd_combine,50,3,32,32,92845000,64578930,92845000,-28266070,0
ep_fwd_combine,51,3,32,32,96002000,67735930,96002000,-28266070,0
ep_fwd_combine,52,3,32,32,118867000,90600930,118867000,-28266070,0
ep_fwd_combine,53,3,32,32,78317000,50050930,78317000,-28266070,0
ep_fwd_combine,54,3,32,32,130566000,102299930,130566000,-28266070,0
ep_fwd_combine,55,3,32,32,94125000,65858930,94125000,-28266070,0
ep_fwd_combine,56,3,32,32,135991000,38724034,135991000,-97266966,0
ep_fwd_combine,57,3,32,32,157895000,60628034,157895000,-97266966,0
ep_fwd_combine,58,3,32,32,166955000,69688034,166955000,-97266966,0
ep_fwd_combine,59,3,32,32,156305000,59038034,156305000,-97266966,0
ep_fwd_combine,60,3,32,32,177805000,80538034,177805000,-97266966,0
ep_fwd_combine,61,3,32,32,129850000,32583034,129850000,-97266966,0
ep_fwd_combine,62,3,32,32,186563000,89296034,186563000,-97266966,0
ep_fwd_combine,63,3,32,32,154772000,57505034,154772000,-97266966,0
ep_fwd_combine,64,4,32,32,126322000,98673500,126322000,-27648500,0
ep_fwd_combine,65,4,32,32,135690000,108041500,135690000,-27648500,0
ep_fwd_combine,66,4,32,32,104526000,76877500,104526000,-27648500,0
ep_fwd_combine,67,4,32,32,128596000,100947500,128596000,-27648500,0
ep_fwd_combine,68,4,32,32,125576000,97927500,125576000,-27648500,0
ep_fwd_combine,69,4,32,32,118931000,91282500,118931000,-27648500,0
ep_fwd_combine,70,4,32,32,99146000,71497500,99146000,-27648500,0
ep_fwd_combine,71,4,32,32,88390000,60741500,88390000,-27648500,0
ep_fwd_combine,72,4,32,32,123998000,94155462,123998000,-29842538,0
ep_fwd_combine,73,4,32,32,122562000,92719462,122562000,-29842538,0
ep_fwd_combine,74,4,32,32,113364000,83521462,113364000,-29842538,0
ep_fwd_combine,75,4,32,32,116612000,86769462,116612000,-29842538,0
ep_fwd_combine,76,4,32,32,114474000,84631462,114474000,-29842538,0
ep_fwd_combine,77,4,32,32,116129000,86286462,116129000,-29842538,0
ep_fwd_combine,78,4,32,32,92297000,63528503,92297000,-28768497,0
ep_fwd_combine,79,4,32,32,83501000,53658462,83501000,-29842538,0
ep_fwd_combine,80,5,32,32,131474000,93953261,131474000,-37520739,0
ep_fwd_combine,81,5,32,32,106505000,68984261,106505000,-37520739,0
ep_fwd_combine,82,5,32,32,87343000,49822261,87343000,-37520739,0
ep_fwd_combine,83,5,32,32,97239000,59718261,97239000,-37520739,0
ep_fwd_combine,84,5,32,32,105934000,68413261,105934000,-37520739,0
ep_fwd_combine,85,5,32,32,102047000,64526261,102047000,-37520739,0
ep_fwd_combine,86,5,32,32,96173000,58652261,96173000,-37520739,0
ep_fwd_combine,87,5,32,32,103293000,65772261,103293000,-37520739,0
ep_fwd_combine,88,5,32,32,117290000,87077015,117290000,-30212985,0
ep_fwd_combine,89,5,32,32,238241000,208503015,238241000,-29737985,0
ep_fwd_combine,90,5,32,32,233754000,195494258,233754000,-38259742,0
ep_fwd_combine,91,5,32,32,236653000,209562015,236653000,-27090985,0
ep_fwd_combine,92,5,32,32,240286000,208635015,240286000,-31650985,0
ep_fwd_combine,93,5,32,32,245219000,217190015,245219000,-28028985,0
ep_fwd_combine,94,5,32,32,237572000,207933015,237572000,-29638985,0
ep_fwd_combine,95,5,32,32,242989000,213813015,242989000,-29175985,0
ep_fwd_combine,96,6,32,32,88244000,59054843,88244000,-29189157,0
ep_fwd_combine,97,6,32,32,85361000,56171843,85361000,-29189157,0
ep_fwd_combine,98,6,32,32,113529000,84339843,113529000,-29189157,0
ep_fwd_combine,99,6,32,32,76515000,47841266,76515000,-28673734,0
ep_fwd_combine,100,6,32,32,154217000,125027843,154217000,-29189157,0
ep_fwd_combine,101,6,32,32,109629000,80439843,109629000,-29189157,0
ep_fwd_combine,102,6,32,32,85379000,56592972,85379000,-28786028,0
ep_fwd_combine,103,6,32,32,98128000,68938843,98128000,-29189157,0
ep_fwd_combine,104,6,32,32,87784000,60310415,87784000,-27473585,0
ep_fwd_combine,105,6,32,32,84747000,56394246,84747000,-28352754,0
ep_fwd_combine,106,6,32,32,126839000,98486246,126839000,-28352754,0
ep_fwd_combine,107,6,32,32,76407000,48962545,76407000,-27444455,0
ep_fwd_combine,108,6,32,32,163544000,135191246,163544000,-28352754,0
ep_fwd_combine,109,6,32,32,113743000,85390246,113743000,-28352754,0
ep_fwd_combine,110,6,32,32,81685000,53332246,81685000,-28352754,0
ep_fwd_combine,111,6,32,32,89261000,60908246,89261000,-28352754,0
ep_fwd_combine,112,7,32,32,90742000,64268344,90742000,-26473656,0
ep_fwd_combine,113,7,32,32,86945000,60471344,86945000,-26473656,0
ep_fwd_combine,114,7,32,32,87697000,61379231,87697000,-26317769,0
ep_fwd_combine,115,7,32,32,79013000,52539344,79013000,-26473656,0
ep_fwd_combine,116,7,32,32,92692000,66218344,92692000,-26473656,0
ep_fwd_combine,117,7,32,32,73798000,47324344,73798000,-26473656,0
ep_fwd_combine,118,7,32,32,96981000,70507344,96981000,-26473656,0
ep_fwd_combine,119,7,32,32,99584000,73110344,99584000,-26473656,0
ep_fwd_combine,120,7,32,32,86344000,60080019,86344000,-26263981,0
ep_fwd_combine,121,7,32,32,63853000,37550069,63853000,-26302931,0
ep_fwd_combine,122,7,32,32,79211000,52908069,79211000,-26302931,0
ep_fwd_combine,123,7,32,32,61131000,34828069,61131000,-26302931,0
ep_fwd_combine,124,7,32,32,79709000,53406069,79709000,-26302931,0
ep_fwd_combine,125,7,32,32,64706000,38403069,64706000,-26302931,0
ep_fwd_combine,126,7,32,32,83458000,57155069,83458000,-26302931,0
ep_fwd_combine,127,7,32,32,84057000,57754069,84057000,-26302931,0
ep_fwd_combine,128,8,32,32,100314000,75230038,100314000,-25083962,0
ep_fwd_combine,129,8,32,32,87018000,61934038,87018000,-25083962,0
ep_fwd_combine,130,8,32,32,111531000,86447038,111531000,-25083962,0
ep_fwd_combine,131,8,32,32,85462000,60378038,85462000,-25083962,0
ep_fwd_combine,132,8,32,32,89406000,64322038,89406000,-25083962,0
ep_fwd_combine,133,8,32,32,96087000,71003038,96087000,-25083962,0
ep_fwd_combine,134,8,32,32,101349000,76265038,101349000,-25083962,0
ep_fwd_combine,135,8,32,32,60072000,34988038,60072000,-25083962,0
ep_fwd_combine,136,8,32,32,108264000,80001216,108264000,-28262784,0
ep_fwd_combine,137,8,32,32,94751000,66488216,94751000,-28262784,0
ep_fwd_combine,138,8,32,32,118275000,90012216,118275000,-28262784,0
ep_fwd_combine,139,8,32,32,85863000,57600216,85863000,-28262784,0
ep_fwd_combine,140,8,32,32,93304000,65041216,93304000,-28262784,0
ep_fwd_combine,141,8,32,32,101306000,73043216,101306000,-28262784,0
ep_fwd_combine,142,8,32,32,105663000,77400216,105663000,-28262784,0
ep_fwd_combine,143,8,32,32,72314000,44051216,72314000,-28262784,0
ep_fwd_combine,144,9,32,32,163305000,132873674,163305000,-30431326,0
ep_fwd_combine,145,9,32,32,123991000,93559674,123991000,-30431326,0
ep_fwd_combine,146,9,32,32,152240000,121808674,152240000,-30431326,0
ep_fwd_combine,147,9,32,32,99727000,69295674,99727000,-30431326,0
ep_fwd_combine,148,9,32,32,168038000,137606674,168038000,-30431326,0
ep_fwd_combine,149,9,32,32,116185000,85753674,116185000,-30431326,0
ep_fwd_combine,150,9,32,32,142014000,111582674,142014000,-30431326,0
ep_fwd_combine,151,9,32,32,109854000,79422674,109854000,-30431326,0
ep_fwd_combine,152,9,32,32,165646000,132578250,165646000,-33067750,0
ep_fwd_combine,153,9,32,32,121050000,87982250,121050000,-33067750,0
ep_fwd_combine,154,9,32,32,152081000,119013250,152081000,-33067750,0
ep_fwd_combine,155,9,32,32,102074000,70490391,102074000,-31583609,0
ep_fwd_combine,156,9,32,32,172944000,139876250,172944000,-33067750,0
ep_fwd_combine,157,9,32,32,115786000,82718250,115786000,-33067750,0
ep_fwd_combine,158,9,32,32,143537000,110469250,143537000,-33067750,0
ep_fwd_combine,159,9,32,32,113518000,80450250,113518000,-33067750,0
ep_fwd_combine,160,10,32,32,103674000,77220629,103674000,-26453371,0
ep_fwd_combine,161,10,32,32,50763000,24344783,50763000,-26418217,0
ep_fwd_combine,162,10,32,32,89598000,63432855,89598000,-26165145,0
ep_fwd_combine,163,10,32,32,114717000,88263629,114717000,-26453371,0
ep_fwd_combine,164,10,32,32,44042000,18285855,44042000,-25756145,0
ep_fwd_combine,165,10,32,32,107990000,81536629,107990000,-26453371,0
ep_fwd_combine,166,10,32,32,110691000,84237629,110691000,-26453371,0
ep_fwd_combine,167,10,32,32,98615000,73279855,98615000,-25335145,0
ep_fwd_combine,168,10,32,32,257189000,231936374,257189000,-25252626,0
ep_fwd_combine,169,10,32,32,201623000,176370374,201623000,-25252626,0
ep_fwd_combine,170,10,32,32,232750000,207497374,232750000,-25252626,0
ep_fwd_combine,171,10,32,32,260735000,235482374,260735000,-25252626,0
ep_fwd_combine,172,10,32,32,187294000,162041374,187294000,-25252626,0
ep_fwd_combine,173,10,32,32,254565000,229312374,254565000,-25252626,0
ep_fwd_combine,174,10,32,32,261460000,236207374,261460000,-25252626,0
ep_fwd_combine,175,10,32,32,94170000,68917374,94170000,-25252626,0
ep_fwd_combine,176,11,32,32,93723000,68775824,93723000,-24947176,0
ep_fwd_combine,177,11,32,32,95902000,70954824,95902000,-24947176,0
ep_fwd_combine,178,11,32,32,58995000,34047824,58995000,-24947176,0
ep_fwd_combine,179,11,32,32,71288000,46340824,71288000,-24947176,0
ep_fwd_combine,180,11,32,32,68110000,43442147,68110000,-24667853,0
ep_fwd_combine,181,11,32,32,73569000,48621824,73569000,-24947176,0
ep_fwd_combine,182,11,32,32,64320000,40322979,64320000,-23997021,0
ep_fwd_combine,183,11,32,32,78830000,53882824,78830000,-24947176,0
ep_fwd_combine,184,11,32,32,104685000,81246227,104685000,-23438773,0
ep_fwd_combine,185,11,32,32,91040000,67601227,91040000,-23438773,0
ep_fwd_combine,186,11,32,32,52052000,28613227,52052000,-23438773,0
ep_fwd_combine,187,11,32,32,72653000,49366531,72653000,-23286469,0
ep_fwd_combine,188,11,32,32,65429000,41990227,65429000,-23438773,0
ep_fwd_combine,189,11,32,32,69633000,46194227,69633000,-23438773,0
ep_fwd_combine,190,11,32,32,60407000,36968227,60407000,-23438773,0
ep_fwd_combine,191,11,32,32,80196000,56757227,80196000,-23438773,0
ep_fwd_combine,192,12,32,32,82149000,58377002,82149000,-23771998,0
ep_fwd_combine,193,12,32,32,74056000,50546002,74056000,-23509998,0
ep_fwd_combine,194,12,32,32,99768000,75289813,99768000,-24478187,0
ep_fwd_combine,195,12,32,32,84086000,59607813,84086000,-24478187,0
ep_fwd_combine,196,12,32,32,73187000,48708813,73187000,-24478187,0
ep_fwd_combine,197,12,32,32,104791000,80312813,104791000,-24478187,0
ep_fwd_combine,198,12,32,32,94750000,70271813,94750000,-24478187,0
ep_fwd_combine,199,12,32,32,85158000,60679813,85158000,-24478187,0
ep_fwd_combine,200,12,32,32,81502000,59367492,81502000,-22134508,0
ep_fwd_combine,201,12,32,32,78021000,55886492,78021000,-22134508,0
ep_fwd_combine,202,12,32,32,103596000,81461492,103596000,-22134508,0
ep_fwd_combine,203,12,32,32,91485000,69350492,91485000,-22134508,0
ep_fwd_combine,204,12,32,32,67472000,45337492,67472000,-22134508,0
ep_fwd_combine,205,12,32,32,110927000,88792492,110927000,-22134508,0
ep_fwd_combine,206,12,32,32,97569000,75434492,97569000,-22134508,0
ep_fwd_combine,207,12,32,32,89265000,67130492,89265000,-22134508,0
ep_fwd_combine,208,13,32,32,107422000,81191902,107422000,-26230098,0
ep_fwd_combine,209,13,32,32,91288000,65057902,91288000,-26230098,0
ep_fwd_combine,210,13,32,32,92955000,66724902,92955000,-26230098,0
ep_fwd_combine,211,13,32,32,113124000,86893902,113124000,-26230098,0
ep_fwd_combine,212,13,32,32,131673000,105442902,131673000,-26230098,0
ep_fwd_combine,213,13,32,32,81048000,54817902,81048000,-26230098,0
ep_fwd_combine,214,13,32,32,87996000,61765902,87996000,-26230098,0
ep_fwd_combine,215,13,32,32,114745000,88514902,114745000,-26230098,0
ep_fwd_combine,216,13,32,32,265521000,238493512,265521000,-27027488,0
ep_fwd_combine,217,13,32,32,241466000,214481429,241466000,-26984571,0
ep_fwd_combine,218,13,32,32,243486000,217098335,243486000,-26387665,0
ep_fwd_combine,219,13,32,32,262930000,235902512,262930000,-27027488,0
ep_fwd_combine,220,13,32,32,127428000,100400512,127428000,-27027488,0
ep_fwd_combine,221,13,32,32,231511000,204483512,231511000,-27027488,0
ep_fwd_combine,222,13,32,32,233214000,206186512,233214000,-27027488,0
ep_fwd_combine,223,13,32,32,267105000,240077512,267105000,-27027488,0
ep_fwd_combine,224,14,32,32,111437000,86606768,111437000,-24830232,0
ep_fwd_combine,225,14,32,32,106130000,81299768,106130000,-24830232,0
ep_fwd_combine,226,14,32,32,117254000,92423768,117254000,-24830232,0
ep_fwd_combine,227,14,32,32,104950000,80119768,104950000,-24830232,0
ep_fwd_combine,228,14,32,32,94317000,69486768,94317000,-24830232,0
ep_fwd_combine,229,14,32,32,72930000,48099768,72930000,-24830232,0
ep_fwd_combine,230,14,32,32,88652000,63821768,88652000,-24830232,0
ep_fwd_combine,231,14,32,32,48654000,23823768,48654000,-24830232,0
ep_fwd_combine,232,14,32,32,118495000,78074139,118495000,-40420861,0
ep_fwd_combine,233,14,32,32,112134000,71734801,112134000,-40399199,0
ep_fwd_combine,234,14,32,32,123886000,84034310,123886000,-39851690,0
ep_fwd_combine,235,14,32,32,110358000,70492139,110358000,-39865861,0
ep_fwd_combine,236,14,32,32,104408000,63439139,104408000,-40968861,0
ep_fwd_combine,237,14,32,32,84241000,44564105,84241000,-39676895,0
ep_fwd_combine,238,14,32,32,96236000,55569443,96236000,-40666557,0
ep_fwd_combine,239,14,32,32,63107000,26982133,63107000,-36124867,0
ep_fwd_combine,240,15,16,16,58547000,45475298,58547000,-13071702,0
ep_fwd_combine,241,15,16,16,45875000,32803298,45875000,-13071702,0
ep_fwd_combine,242,15,16,16,15334000,2262298,15334000,-13071702,0
ep_fwd_combine,243,15,16,16,40950000,27878298,40950000,-13071702,0
ep_fwd_combine,244,15,16,16,65199000,52127298,65199000,-13071702,0
ep_fwd_combine,245,15,16,16,54810000,41738298,54810000,-13071702,0
ep_fwd_combine,246,15,16,16,49140000,36068298,49140000,-13071702,0
ep_fwd_combine,247,15,16,16,47836000,34764298,47836000,-13071702,0
ep_fwd_combine,248,15,16,16,80072000,46066571,80072000,-34005429,0
ep_fwd_combine,249,15,16,16,70320000,36314571,70320000,-34005429,0
ep_fwd_combine,250,15,16,16,35897000,1981744,35897000,-33915256,0
ep_fwd_combine,251,15,16,16,59853000,25847571,59853000,-34005429,0
ep_fwd_combine,252,15,16,16,88685000,54679571,88685000,-34005429,0
ep_fwd_combine,253,15,16,16,76890000,42884571,76890000,-34005429,0
ep_fwd_combine,254,15,16,16,72074000,38068571,72074000,-34005429,0
ep_fwd_combine,255,15,16,16,68132000,34126571,68132000,-34005429,0
ep_fwd_dispatch,0,0,8,8,19559000,4545288,19559000,-15013712,0
ep_fwd_dispatch,1,0,8,8,19735000,4993925,19735000,-14741075,0
ep_fwd_dispatch,2,0,8,8,20780000,5812830,20780000,-14967170,0
ep_fwd_dispatch,3,0,8,8,19672000,4696268,19672000,-14975732,0
ep_fwd_dispatch,4,0,8,8,27007000,11993288,27007000,-15013712,0
ep_fwd_dispatch,5,0,8,8,27620000,12606288,27620000,-15013712,0
ep_fwd_dispatch,6,0,8,8,23089000,8075288,23089000,-15013712,0
ep_fwd_dispatch,7,0,8,8,24519000,9505288,24519000,-15013712,0
ep_fwd_dispatch,8,0,8,8,18384000,3508289,18384000,-14875711,0
ep_fwd_dispatch,9,0,8,8,17643000,2990489,17643000,-14652511,0
ep_fwd_dispatch,10,0,8,8,40226000,25126016,40226000,-15099984,0
ep_fwd_dispatch,11,0,8,8,38597000,23523915,38597000,-15073085,0
ep_fwd_dispatch,12,0,8,8,43380000,28280016,43380000,-15099984,0
ep_fwd_dispatch,13,0,8,8,43984000,28884016,43984000,-15099984,0
ep_fwd_dispatch,14,0,8,8,35453000,20353016,35453000,-15099984,0
ep_fwd_dispatch,15,0,8,8,37562000,22462016,37562000,-15099984,0
ep_fwd_dispatch,16,1,32,32,89583000,27546058,89583000,-62036942,0
ep_fwd_dispatch,17,1,32,32,85576000,23882580,85576000,-61693420,0
ep_fwd_dispatch,18,1,32,32,92434000,30679397,92434000,-61754603,0
ep_fwd_dispatch,19,1,32,32,86066000,24328971,86066000,-61737029,0
ep_fwd_dispatch,20,1,32,32,99555000,37621120,99555000,-61933880,0
ep_fwd_dispatch,21,1,32,32,98748000,36579678,98748000,-62168322,0
ep_fwd_dispatch,22,1,32,32,78169000,15946831,78169000,-62222169,0
ep_fwd_dispatch,23,1,32,32,86005000,23088615,86005000,-62916385,0
ep_fwd_dispatch,24,1,32,32,77460000,17660457,77460000,-59799543,0
ep_fwd_dispatch,25,1,32,32,72503000,13443811,72503000,-59059189,0
ep_fwd_dispatch,26,1,32,32,112141000,51888073,112141000,-60252927,0
ep_fwd_dispatch,27,1,32,32,112515000,52355073,112515000,-60159927,0
ep_fwd_dispatch,28,1,32,32,104149000,44248864,104149000,-59900136,0
ep_fwd_dispatch,29,1,32,32,103213000,43500864,103213000,-59712136,0
ep_fwd_dispatch,30,1,32,32,87843000,28271628,87843000,-59571372,0
ep_fwd_dispatch,31,1,32,32,97122000,36784428,97122000,-60337572,0
ep_fwd_dispatch,32,2,32,32,74001000,20881396,74001000,-53119604,0
ep_fwd_dispatch,33,2,32,32,66574000,14588202,66574000,-51985798,0
ep_fwd_dispatch,34,2,32,32,89012000,35877262,89012000,-53134738,0
ep_fwd_dispatch,35,2,32,32,84754000,31698019,84754000,-53055981,0
ep_fwd_dispatch,36,2,32,32,89357000,36395543,89357000,-52961457,0
ep_fwd_dispatch,37,2,32,32,95429000,42470741,95429000,-52958259,0
ep_fwd_dispatch,38,2,32,32,78996000,26140816,78996000,-52855184,0
ep_fwd_dispatch,39,2,32,32,81999000,28765368,81999000,-53233632,0
ep_fwd_dispatch,40,2,32,32,147796000,70426889,147796000,-77369111,0
ep_fwd_dispatch,41,2,32,32,138826000,62610591,138826000,-76215409,0
ep_fwd_dispatch,42,2,32,32,180435000,103324701,180435000,-77110299,0
ep_fwd_dispatch,43,2,32,32,175393000,98310740,175393000,-77082260,0
ep_fwd_dispatch,44,2,32,32,168180000,90963452,168180000,-77216548,0
ep_fwd_dispatch,45,2,32,32,147843000,71134289,147843000,-76708711,0
ep_fwd_dispatch,46,2,32,32,130635000,54037366,130635000,-76597634,0
ep_fwd_dispatch,47,2,32,32,162205000,84834491,162205000,-77370509,0
ep_fwd_dispatch,48,3,32,32,119650000,67054942,119650000,-52595058,0
ep_fwd_dispatch,49,3,32,32,111146000,59001264,111146000,-52144736,0
ep_fwd_dispatch,50,3,32,32,137381000,84731696,137381000,-52649304,0
ep_fwd_dispatch,51,3,32,32,139675000,87176696,139675000,-52498304,0
ep_fwd_dispatch,52,3,32,32,153286000,100811489,153286000,-52474511,0
ep_fwd_dispatch,53,3,32,32,145410000,91814536,145410000,-53595464,0
ep_fwd_dispatch,54,3,32,32,106794000,54670220,106794000,-52123780,0
ep_fwd_dispatch,55,3,32,32,119036000,65283399,119036000,-53752601,0
ep_fwd_dispatch,56,3,32,32,170956000,89524097,170956000,-81431903,0
ep_fwd_dispatch,57,3,32,32,176702000,94840267,176702000,-81861733,0
ep_fwd_dispatch,58,3,32,32,208793000,126436785,208793000,-82356215,0
ep_fwd_dispatch,59,3,32,32,178195000,96246527,178195000,-81948473,0
ep_fwd_dispatch,60,3,32,32,195860000,113758863,195860000,-82101137,0
ep_fwd_dispatch,61,3,32,32,181470000,99222028,181470000,-82247972,0
ep_fwd_dispatch,62,3,32,32,179531000,97801940,179531000,-81729060,0
ep_fwd_dispatch,63,3,32,32,164067000,81710785,164067000,-82356215,0
ep_fwd_dispatch,64,4,32,32,72305000,21069581,72305000,-51235419,0
ep_fwd_dispatch,65,4,32,32,72687000,21553581,72687000,-51133419,0
ep_fwd_dispatch,66,4,32,32,83918000,32535451,83918000,-51382549,0
ep_fwd_dispatch,67,4,32,32,81580000,30121669,81580000,-51458331,0
ep_fwd_dispatch,68,4,32,32,95526000,43647948,95526000,-51878052,0
ep_fwd_dispatch,69,4,32,32,97784000,45905948,97784000,-51878052,0
ep_fwd_dispatch,70,4,32,32,66621000,15199035,66621000,-51421965,0
ep_fwd_dispatch,71,4,32,32,70231000,18352948,70231000,-51878052,0
ep_fwd_dispatch,72,4,32,32,79149000,25056680,79149000,-54092320,0
ep_fwd_dispatch,73,4,32,32,81347000,26563573,81347000,-54783427,0
ep_fwd_dispatch,74,4,32,32,80196000,25511986,80196000,-54684014,0
ep_fwd_dispatch,75,4,32,32,81875000,26975350,81875000,-54899650,0
ep_fwd_dispatch,76,4,32,32,89801000,35127880,89801000,-54673120,0
ep_fwd_dispatch,77,4,32,32,91191000,36436729,91191000,-54754271,0
ep_fwd_dispatch,78,4,32,32,78199000,23781253,78199000,-54417747,0
ep_fwd_dispatch,79,4,32,32,84017000,28673894,84017000,-55343106,0
ep_fwd_dispatch,80,5,32,32,124218000,69977029,124218000,-54240971,0
ep_fwd_dispatch,81,5,32,32,86479000,32164360,86479000,-54314640,0
ep_fwd_dispatch,82,5,32,32,141729000,86562430,141729000,-55166570,0
ep_fwd_dispatch,83,5,32,32,140504000,85922696,140504000,-54581304,0
ep_fwd_dispatch,84,5,32,32,157053000,102877655,157053000,-54175345,0
ep_fwd_dispatch,85,5,32,32,157349000,101927387,157349000,-55421613,0
ep_fwd_dispatch,86,5,32,32,152052000,96921940,152052000,-55130060,0
ep_fwd_dispatch,87,5,32,32,153019000,97424877,153019000,-55594123,0
ep_fwd_dispatch,88,5,32,32,67956000,20287817,67956000,-47668183,0
ep_fwd_dispatch,89,5,32,32,66745000,19382652,66745000,-47362348,0
ep_fwd_dispatch,90,5,32,32,82442000,31843756,82442000,-50598244,0
ep_fwd_dispatch,91,5,32,32,80927000,31836297,80927000,-49090703,0
ep_fwd_dispatch,92,5,32,32,99191000,49726584,99191000,-49464416,0
ep_fwd_dispatch,93,5,32,32,95742000,46498924,95742000,-49243076,0
ep_fwd_dispatch,94,5,32,32,79680000,30156182,79680000,-49523818,0
ep_fwd_dispatch,95,5,32,32,86557000,36526924,86557000,-50030076,0
ep_fwd_dispatch,96,6,32,32,85083000,34102214,85083000,-50980786,0
ep_fwd_dispatch,97,6,32,32,83956000,33009773,83956000,-50946227,0
ep_fwd_dispatch,98,6,32,32,85187000,33853600,85187000,-51333400,0
ep_fwd_dispatch,99,6,32,32,85644000,34494721,85644000,-51149279,0
ep_fwd_dispatch,100,6,32,32,93410000,42501532,93410000,-50908468,0
ep_fwd_dispatch,101,6,32,32,97569000,46169674,97569000,-51399326,0
ep_fwd_dispatch,102,6,32,32,80520000,29946125,80520000,-50573875,0
ep_fwd_dispatch,103,6,32,32,82909000,31509674,82909000,-51399326,0
ep_fwd_dispatch,104,6,32,32,114317000,61453056,114317000,-52863944,0
ep_fwd_dispatch,105,6,32,32,102379000,49082056,102379000,-53296944,0
ep_fwd_dispatch,106,6,32,32,104754000,52595980,104754000,-52158020,0
ep_fwd_dispatch,107,6,32,32,107580000,54857360,107580000,-52722640,0
ep_fwd_dispatch,108,6,32,32,120243000,66721580,120243000,-53521420,0
ep_fwd_dispatch,109,6,32,32,122694000,69705600,122694000,-52988400,0
ep_fwd_dispatch,110,6,32,32,84851000,32143320,84851000,-52707680,0
ep_fwd_dispatch,111,6,32,32,89062000,34782227,89062000,-54279773,0
ep_fwd_dispatch,112,7,32,32,55677000,9450503,55677000,-46226497,0
ep_fwd_dispatch,113,7,32,32,82616000,36221068,82616000,-46394932,0
ep_fwd_dispatch,114,7,32,32,100924000,53586620,100924000,-47337380,0
ep_fwd_dispatch,115,7,32,32,100471000,53029064,100471000,-47441936,0
ep_fwd_dispatch,116,7,32,32,107970000,60303360,107970000,-47666640,0
ep_fwd_dispatch,117,7,32,32,108940000,61239384,108940000,-47700616,0
ep_fwd_dispatch,118,7,32,32,101352000,53777380,101352000,-47574620,0
ep_fwd_dispatch,119,7,32,32,102039000,54414969,102039000,-47624031,0
ep_fwd_dispatch,120,7,32,32,68400000,24095672,68400000,-44304328,0
ep_fwd_dispatch,121,7,32,32,72308000,27837798,72308000,-44470202,0
ep_fwd_dispatch,122,7,32,32,91589000,46098309,91589000,-45490691,0
ep_fwd_dispatch,123,7,32,32,92113000,46627662,92113000,-45485338,0
ep_fwd_dispatch,124,7,32,32,89803000,44402270,89803000,-45400730,0
ep_fwd_dispatch,125,7,32,32,96975000,51484309,96975000,-45490691,0
ep_fwd_dispatch,126,7,32,32,72448000,27012141,72448000,-45435859,0
ep_fwd_dispatch,127,7,32,32,77335000,31844309,77335000,-45490691,0
ep_fwd_dispatch,128,8,32,32,72529000,23367491,72529000,-49161509,0
ep_fwd_dispatch,129,8,32,32,77399000,27593319,77399000,-49805681,0
ep_fwd_dispatch,130,8,32,32,81780000,31675504,81780000,-50104496,0
ep_fwd_dispatch,131,8,32,32,80981000,30980663,80981000,-50000337,0
ep_fwd_dispatch,132,8,32,32,79354000,29795656,79354000,-49558344,0
ep_fwd_dispatch,133,8,32,32,71857000,22127026,71857000,-49729974,0
ep_fwd_dispatch,134,8,32,32,80605000,30605607,80605000,-49999393,0
ep_fwd_dispatch,135,8,32,32,86078000,35857159,86078000,-50220841,0
ep_fwd_dispatch,136,8,32,32,139908000,49081875,139908000,-90826125,0
ep_fwd_dispatch,137,8,32,32,141775000,50722981,141775000,-91052019,0
ep_fwd_dispatch,138,8,32,32,179751000,88508674,179751000,-91242326,0
ep_fwd_dispatch,139,8,32,32,183042000,91587789,183042000,-91454211,0
ep_fwd_dispatch,140,8,32,32,142704000,51733267,142704000,-90970733,0
ep_fwd_dispatch,141,8,32,32,143493000,52258296,143493000,-91234704,0
ep_fwd_dispatch,142,8,32,32,168731000,77785932,168731000,-90945068,0
ep_fwd_dispatch,143,8,32,32,175256000,83639450,175256000,-91616550,0
ep_fwd_dispatch,144,9,32,32,67201000,16519358,67201000,-50681642,0
ep_fwd_dispatch,145,9,32,32,74962000,22553381,74962000,-52408619,0
ep_fwd_dispatch,146,9,32,32,73569000,21933629,73569000,-51635371,0
ep_fwd_dispatch,147,9,32,32,80619000,27890757,80619000,-52728243,0
ep_fwd_dispatch,148,9,32,32,76761000,24097617,76761000,-52663383,0
ep_fwd_dispatch,149,9,32,32,78045000,25481324,78045000,-52563676,0
ep_fwd_dispatch,150,9,32,32,62448000,11405801,62448000,-51042199,0
ep_fwd_dispatch,151,9,32,32,69232000,16443745,69232000,-52788255,0
ep_fwd_dispatch,152,9,32,32,77795000,26781650,77795000,-51013350,0
ep_fwd_dispatch,153,9,32,32,80153000,28812588,80153000,-51340412,0
ep_fwd_dispatch,154,9,32,32,83550000,32160262,83550000,-51389738,0
ep_fwd_dispatch,155,9,32,32,87583000,36088977,87583000,-51494023,0
ep_fwd_dispatch,156,9,32,32,99290000,48019820,99290000,-51270180,0
ep_fwd_dispatch,157,9,32,32,100295000,49138820,100295000,-51156180,0
ep_fwd_dispatch,158,9,32,32,80491000,29751493,80491000,-50739507,0
ep_fwd_dispatch,159,9,32,32,85584000,33974469,85584000,-51609531,0
ep_fwd_dispatch,160,10,32,32,92915000,46030830,92915000,-46884170,0
ep_fwd_dispatch,161,10,32,32,74207000,27119385,74207000,-47087615,0
ep_fwd_dispatch,162,10,32,32,118377000,71073171,118377000,-47303829,0
ep_fwd_dispatch,163,10,32,32,101028000,53704305,101028000,-47323695,0
ep_fwd_dispatch,164,10,32,32,117041000,69622229,117041000,-47418771,0
ep_fwd_dispatch,165,10,32,32,114591000,67304612,114591000,-47286388,0
ep_fwd_dispatch,166,10,32,32,102562000,55488426,102562000,-47073574,0
ep_fwd_dispatch,167,10,32,32,108790000,61371229,108790000,-47418771,0
ep_fwd_dispatch,168,10,32,32,61011000,14009537,61011000,-47001463,0
ep_fwd_dispatch,169,10,32,32,66143000,18350483,66143000,-47792517,0
ep_fwd_dispatch,170,10,32,32,64419000,17005067,64419000,-47413933,0
ep_fwd_dispatch,171,10,32,32,64248000,17180969,64248000,-47067031,0
ep_fwd_dispatch,172,10,32,32,76724000,28910905,76724000,-47813095,0
ep_fwd_dispatch,173,10,32,32,74369000,26863636,74369000,-47505364,0
ep_fwd_dispatch,174,10,32,32,60545000,13838436,60545000,-46706564,0
ep_fwd_dispatch,175,10,32,32,67742000,19928905,67742000,-47813095,0
ep_fwd_dispatch,176,11,32,32,72168000,24310344,72168000,-47857656,0
ep_fwd_dispatch,177,11,32,32,61607000,15741381,61607000,-45865619,0
ep_fwd_dispatch,178,11,32,32,87562000,39530551,87562000,-48031449,0
ep_fwd_dispatch,179,11,32,32,83344000,35441946,83344000,-47902054,0
ep_fwd_dispatch,180,11,32,32,86320000,38233439,86320000,-48086561,0
ep_fwd_dispatch,181,11,32,32,88363000,40328740,88363000,-48034260,0
ep_fwd_dispatch,182,11,32,32,83515000,35490685,83515000,-48024315,0
ep_fwd_dispatch,183,11,32,32,86291000,38098283,86291000,-48192717,0
ep_fwd_dispatch,184,11,32,32,61445000,16308637,61445000,-45136363,0
ep_fwd_dispatch,185,11,32,32,58110000,13845355,58110000,-44264645,0
ep_fwd_dispatch,186,11,32,32,79888000,34871725,79888000,-45016275,0
ep_fwd_dispatch,187,11,32,32,75250000,30302801,75250000,-44947199,0
ep_fwd_dispatch,188,11,32,32,90464000,45113769,90464000,-45350231,0
ep_fwd_dispatch,189,11,32,32,91029000,46053725,91029000,-44975275,0
ep_fwd_dispatch,190,11,32,32,65139000,20099883,65139000,-45039117,0
ep_fwd_dispatch,191,11,32,32,68685000,23268279,68685000,-45416721,0
ep_fwd_dispatch,192,12,32,32,64011000,18007344,64011000,-46003656,0
ep_fwd_dispatch,193,12,32,32,62641000,16965551,62641000,-45675449,0
ep_fwd_dispatch,194,12,32,32,75972000,28945657,75972000,-47026343,0
ep_fwd_dispatch,195,12,32,32,75575000,28829184,75575000,-46745816,0
ep_fwd_dispatch,196,12,32,32,86359000,39793699,86359000,-46565301,0
ep_fwd_dispatch,197,12,32,32,87772000,40724638,87772000,-47047362,0
ep_fwd_dispatch,198,12,32,32,59288000,13256752,59288000,-46031248,0
ep_fwd_dispatch,199,12,32,32,63104000,15927854,63104000,-47176146,0
ep_fwd_dispatch,200,12,32,32,53685000,8324731,53685000,-45360269,0
ep_fwd_dispatch,201,12,32,32,51219000,6656275,51219000,-44562725,0
ep_fwd_dispatch,202,12,32,32,74643000,28483111,74643000,-46159889,0
ep_fwd_dispatch,203,12,32,32,78354000,32035692,78354000,-46318308,0
ep_fwd_dispatch,204,12,32,32,80947000,34559454,80947000,-46387546,0
ep_fwd_dispatch,205,12,32,32,81834000,35358393,81834000,-46475607,0
ep_fwd_dispatch,206,12,32,32,61908000,16006765,61908000,-45901235,0
ep_fwd_dispatch,207,12,32,32,69046000,22570393,69046000,-46475607,0
ep_fwd_dispatch,208,13,32,32,72770000,26776854,72770000,-45993146,0
ep_fwd_dispatch,209,13,32,32,75495000,29121400,75495000,-46373600,0
ep_fwd_dispatch,210,13,32,32,60692000,15309873,60692000,-45382127,0
ep_fwd_dispatch,211,13,32,32,68074000,22600568,68074000,-45473432,0
ep_fwd_dispatch,212,13,32,32,89264000,42529285,89264000,-46734715,0
ep_fwd_dispatch,213,13,32,32,90601000,43905587,90601000,-46695413,0
ep_fwd_dispatch,214,13,32,32,83563000,36915783,83563000,-46647217,0
ep_fwd_dispatch,215,13,32,32,88065000,41330285,88065000,-46734715,0
ep_fwd_dispatch,216,13,32,32,58595000,12289025,58595000,-46305975,0
ep_fwd_dispatch,217,13,32,32,58354000,11900758,58354000,-46453242,0
ep_fwd_dispatch,218,13,32,32,75872000,28463388,75872000,-47408612,0
ep_fwd_dispatch,219,13,32,32,76998000,29433931,76998000,-47564069,0
ep_fwd_dispatch,220,13,32,32,72971000,25944611,72971000,-47026389,0
ep_fwd_dispatch,221,13,32,32,76220000,28482920,76220000,-47737080,0
ep_fwd_dispatch,222,13,32,32,56858000,9655803,56858000,-47202197,0
ep_fwd_dispatch,223,13,32,32,61102000,13364920,61102000,-47737080,0
ep_fwd_dispatch,224,14,32,32,68524000,23220864,68524000,-45303136,0
ep_fwd_dispatch,225,14,32,32,69368000,24150384,69368000,-45217616,0
ep_fwd_dispatch,226,14,32,32,109148000,62915150,109148000,-46232850,0
ep_fwd_dispatch,227,14,32,32,109563000,63165529,109563000,-46397471,0
ep_fwd_dispatch,228,14,32,32,94441000,48284658,94441000,-46156342,0
ep_fwd_dispatch,229,14,32,32,97214000,50899776,97214000,-46314224,0
ep_fwd_dispatch,230,14,32,32,87322000,41366568,87322000,-45955432,0
ep_fwd_dispatch,231,14,32,32,90552000,44154529,90552000,-46397471,0
ep_fwd_dispatch,232,14,32,32,102806000,38921434,102806000,-63884566,0
ep_fwd_dispatch,233,14,32,32,104630000,40490909,104630000,-64139091,0
ep_fwd_dispatch,234,14,32,32,114934000,52020851,114934000,-62913149,0
ep_fwd_dispatch,235,14,32,32,115376000,52462590,115376000,-62913410,0
ep_fwd_dispatch,236,14,32,32,130205000,65869423,130205000,-64335577,0
ep_fwd_dispatch,237,14,32,32,133858000,69384388,133858000,-64473612,0
ep_fwd_dispatch,238,14,32,32,124521000,60246256,124521000,-64274744,0
ep_fwd_dispatch,239,14,32,32,123289000,59120943,123289000,-64168057,0
ep_fwd_dispatch,240,15,16,16,37940000,14833435,37940000,-23106565,0
ep_fwd_dispatch,241,15,16,16,37204000,14384226,37204000,-22819774,0
ep_fwd_dispatch,242,15,16,16,48958000,25322417,48958000,-23635583,0
ep_fwd_dispatch,243,15,16,16,46522000,22886417,46522000,-23635583,0
ep_fwd_dispatch,244,15,16,16,39851000,16588869,39851000,-23262131,0
ep_fwd_dispatch,245,15,16,16,40394000,16928257,40394000,-23465743,0
ep_fwd_dispatch,246,15,16,16,50293000,26936359,50293000,-23356641,0
ep_fwd_dispatch,247,15,16,16,52687000,29051417,52687000,-23635583,0
ep_fwd_dispatch,248,15,16,16,37885000,11365575,37885000,-26519425,0
ep_fwd_dispatch,249,15,16,16,39947000,13535796,39947000,-26411204,0
ep_fwd_dispatch,250,15,16,16,55611000,28977401,55611000,-26633599,0
ep_fwd_dispatch,251,15,16,16,51806000,25438346,51806000,-26367654,0
ep_fwd_dispatch,252,15,16,16,45960000,19494022,45960000,-26465978,0
ep_fwd_dispatch,253,15,16,16,44275000,17777523,44275000,-26497477,0
ep_fwd_dispatch,254,15,16,16,44445000,18516106,44445000,-25928894,0
ep_fwd_dispatch,255,15,16,16,45878000,19244401,45878000,-26633599,0
