source_rank,source_pp_stage,target_rank,target_pp_stage,target_pp_lane
0,0,0,0,0
1,0,1,0,1
2,0,2,0,2
3,0,3,0,3
4,0,4,0,4
5,0,5,0,5
6,0,6,0,6
7,0,7,0,7
8,0,8,0,8
9,0,9,0,9
10,0,10,0,10
11,0,11,0,11
12,0,12,0,12
13,0,13,0,13
14,0,14,0,14
15,0,15,0,15
32,2,16,1,0
33,2,17,1,1
34,2,18,1,2
35,2,19,1,3
36,2,20,1,4
37,2,21,1,5
38,2,22,1,6
39,2,23,1,7
40,2,24,1,8
41,2,25,1,9
42,2,26,1,10
43,2,27,1,11
44,2,28,1,12
45,2,29,1,13
46,2,30,1,14
47,2,31,1,15
48,3,32,2,0
49,3,33,2,1
50,3,34,2,2
51,3,35,2,3
52,3,36,2,4
53,3,37,2,5
54,3,38,2,6
55,3,39,2,7
56,3,40,2,8
57,3,41,2,9
58,3,42,2,10
59,3,43,2,11
60,3,44,2,12
61,3,45,2,13
62,3,46,2,14
63,3,47,2,15
64,4,48,3,0
65,4,49,3,1
66,4,50,3,2
67,4,51,3,3
68,4,52,3,4
69,4,53,3,5
70,4,54,3,6
71,4,55,3,7
72,4,56,3,8
73,4,57,3,9
74,4,58,3,10
75,4,59,3,11
76,4,60,3,12
77,4,61,3,13
78,4,62,3,14
79,4,63,3,15
80,5,64,4,0
81,5,65,4,1
82,5,66,4,2
83,5,67,4,3
84,5,68,4,4
85,5,69,4,5
86,5,70,4,6
87,5,71,4,7
88,5,72,4,8
89,5,73,4,9
90,5,74,4,10
91,5,75,4,11
92,5,76,4,12
93,5,77,4,13
94,5,78,4,14
95,5,79,4,15
96,6,80,5,0
97,6,81,5,1
98,6,82,5,2
99,6,83,5,3
100,6,84,5,4
101,6,85,5,5
102,6,86,5,6
103,6,87,5,7
104,6,88,5,8
105,6,89,5,9
106,6,90,5,10
107,6,91,5,11
108,6,92,5,12
109,6,93,5,13
110,6,94,5,14
111,6,95,5,15
128,8,96,6,0
129,8,97,6,1
130,8,98,6,2
131,8,99,6,3
132,8,100,6,4
133,8,101,6,5
134,8,102,6,6
135,8,103,6,7
136,8,104,6,8
137,8,105,6,9
138,8,106,6,10
139,8,107,6,11
140,8,108,6,12
141,8,109,6,13
142,8,110,6,14
143,8,111,6,15
144,9,112,7,0
145,9,113,7,1
146,9,114,7,2
147,9,115,7,3
148,9,116,7,4
149,9,117,7,5
150,9,118,7,6
151,9,119,7,7
152,9,120,7,8
153,9,121,7,9
154,9,122,7,10
155,9,123,7,11
156,9,124,7,12
157,9,125,7,13
158,9,126,7,14
159,9,127,7,15
160,10,128,8,0
161,10,129,8,1
162,10,130,8,2
163,10,131,8,3
164,10,132,8,4
165,10,133,8,5
166,10,134,8,6
167,10,135,8,7
168,10,136,8,8
169,10,137,8,9
170,10,138,8,10
171,10,139,8,11
172,10,140,8,12
173,10,141,8,13
174,10,142,8,14
175,10,143,8,15
176,11,144,9,0
177,11,145,9,1
178,11,146,9,2
179,11,147,9,3
180,11,148,9,4
181,11,149,9,5
182,11,150,9,6
183,11,151,9,7
184,11,152,9,8
185,11,153,9,9
186,11,154,9,10
187,11,155,9,11
188,11,156,9,12
189,11,157,9,13
190,11,158,9,14
191,11,159,9,15
192,12,160,10,0
193,12,161,10,1
194,12,162,10,2
195,12,163,10,3
196,12,164,10,4
197,12,165,10,5
198,12,166,10,6
199,12,167,10,7
200,12,168,10,8
201,12,169,10,9
202,12,170,10,10
203,12,171,10,11
204,12,172,10,12
205,12,173,10,13
206,12,174,10,14
207,12,175,10,15
208,13,176,11,0
209,13,177,11,1
210,13,178,11,2
211,13,179,11,3
212,13,180,11,4
213,13,181,11,5
214,13,182,11,6
215,13,183,11,7
216,13,184,11,8
217,13,185,11,9
218,13,186,11,10
219,13,187,11,11
220,13,188,11,12
221,13,189,11,13
222,13,190,11,14
223,13,191,11,15
224,14,192,12,0
225,14,193,12,1
226,14,194,12,2
227,14,195,12,3
228,14,196,12,4
229,14,197,12,5
230,14,198,12,6
231,14,199,12,7
232,14,200,12,8
233,14,201,12,9
234,14,202,12,10
235,14,203,12,11
236,14,204,12,12
237,14,205,12,13
238,14,206,12,14
239,14,207,12,15
240,15,208,13,0
241,15,209,13,1
242,15,210,13,2
243,15,211,13,3
244,15,212,13,4
245,15,213,13,5
246,15,214,13,6
247,15,215,13,7
248,15,216,13,8
249,15,217,13,9
250,15,218,13,10
251,15,219,13,11
252,15,220,13,12
253,15,221,13,13
254,15,222,13,14
255,15,223,13,15
