scenario_id,omitted_source_stages,retained_source_stages,target_world_size,target_pp_size,target_lanes,predicted_profiler_step_ms,predicted_training_log_ms,predicted_mfu_pct,profiler_step_delta_vs_256_ms,profiler_step_delta_vs_256_pct,mfu_relative_delta_vs_256_pct,pp_front_predicted_ms_p50,first_rs_offset_ms,last_ag_offset_ms,compute_route_scale_min,compute_route_scale_p50,compute_route_scale_max,clamped_negative_dependency_lags,fallback_dependencies,dp_ag0_payload_service_scale,dp_ag1_payload_service_scale,dp_rs_payload_service_scale,edp_ag0_payload_service_scale,edp_ag1_payload_service_scale,edp_rs_payload_service_scale
omit_00_01,"0,1","2,3,4,5,6,7,8,9,10,11,12,13,14,15",224,14,16,23109.080039,24411.084614,3.0857426208309375,1492.844212,6.9061247478404475,-30.039448684198643,20109.1350215,9868.25512,23079.541239,1.1044526970169488,1.1179921960910992,1.1213163737796,0,0,1.1751771408700629,1.1751771408700629,1.1751771408700629,1.0925925925925926,1.0925925925925926,1.0925925925925926
omit_00_02,"0,2","1,3,4,5,6,7,8,9,10,11,12,13,14,15",224,14,16,22285.790768,23587.795343,3.193444877691135,669.5549409999985,3.09746315851942,-27.59760236265857,20109.466524,9864.526639,22256.251968,1.1034126588459938,1.1180912564484289,1.14377230782464,0,0,1.1751771408700629,1.1751771408700629,1.1751771408700629,1.0925925925925926,1.0925925925925926,1.0925925925925926
omit_00_03,"0,3","1,2,4,5,6,7,8,9,10,11,12,13,14,15",224,14,16,22280.253306,23582.257881,3.19419474565325,664.0174789999983,3.0718460157184158,-27.580601211723465,20099.9115425,9867.482442,22250.714506,1.1055848624111684,1.1168711606066422,1.1306581055579688,0,0,1.1751771408700629,1.1751771408700629,1.1751771408700629,1.0925925925925926,1.0925925925925926,1.0925925925925926
omit_00_04,"0,4","1,2,3,5,6,7,8,9,10,11,12,13,14,15",224,14,16,22276.796747,23578.801322,3.194663001967261,660.5609199999999,3.055855447204725,-27.569984814340167,20100.289795,9859.858913,22247.257947,1.102398428374741,1.1160579594426234,1.1180253110544107,0,0,1.1751771408700629,1.1751771408700629,1.1751771408700629,1.0925925925925926,1.0925925925925926,1.0925925925925926
omit_00_05,"0,5","1,2,3,4,6,7,8,9,10,11,12,13,14,15",224,14,16,22272.46527,23574.469845,3.1952499763258264,656.2294430000002,3.0358173747361272,-27.55667681857401,20095.961122,9861.286715,22242.92647,1.1053606618987981,1.1160830281824072,1.1406188029743038,0,0,1.1751771408700629,1.1751771408700629,1.1751771408700629,1.0925925925925926,1.0925925925925926,1.0925925925925926
omit_00_06,"0,6","1,2,3,4,5,7,8,9,10,11,12,13,14,15",224,14,16,22275.296387,23577.300962,3.1948662968477635,659.0605599999981,3.048914553276627,-27.565375673634907,20099.37704,9860.861774,22245.757587,1.101982648160306,1.1149325726446713,1.1203046204689318,0,0,1.1751771408700629,1.1751771408700629,1.1751771408700629,1.0925925925925926,1.0925925925925926,1.0925925925925926
omit_00_07,"0,7","1,2,3,4,5,6,8,9,10,11,12,13,14,15",224,14,16,22272.604262,23574.608837,3.195231137659709,656.3684350000003,3.036460372902461,-27.557103932442395,20097.796788,9861.244414,22243.065462,1.1007980764704577,1.1154046598441494,1.1164612379825813,0,0,1.1751771408700629,1.1751771408700629,1.1751771408700629,1.0925925925925926,1.0925925925925926,1.0925925925925926
omit_00_08,"0,8","1,2,3,4,5,6,7,9,10,11,12,13,14,15",224,14,16,22275.2399,23577.244475,3.1948739511948476,659.0040730000001,3.0486532358092733,-27.565202132802835,20095.5154825,9856.738544,22245.7011,1.1021253264564326,1.1128074626801927,1.1203329375049471,0,0,1.1751771408700629,1.1751771408700629,1.1751771408700629,1.0925925925925926,1.0925925925925926,1.0925925925925926
omit_00_09,"0,9","1,2,3,4,5,6,7,8,10,11,12,13,14,15",224,14,16,22276.168256,23578.172831,3.194748157715298,659.9324290000004,3.0529479520930547,-27.56805414681134,20099.0760415,9862.139818,22246.629456,1.1023836830317004,1.114467948631323,1.1198958050948942,0,0,1.1751771408700629,1.1751771408700629,1.1751771408700629,1.0925925925925926,1.0925925925925926,1.0925925925925926
omit_00_10,"0,10","1,2,3,4,5,6,7,8,9,11,12,13,14,15",224,14,16,22291.407427,23593.412002,3.192684644668807,675.1715999999979,3.123446678707431,-27.61483851223614,20104.3717215,9855.689039,22261.868627,1.1006682673935058,1.1151800629211919,1.145766178107272,0,0,1.1751771408700629,1.1751771408700629,1.1751771408700629,1.0925925925925926,1.0925925925925926,1.0925925925925926
omit_00_11,"0,11","1,2,3,4,5,6,7,8,9,10,12,13,14,15",224,14,16,22273.048513,23575.053088,3.195170926358261,656.8126860000011,3.0385155457066215,-27.55846905467142,20094.727853,9852.940976,22243.509713,1.1001316949883748,1.1125830179300598,1.1161584383589982,0,0,1.1751771408700629,1.1751771408700629,1.1751771408700629,1.0925925925925926,1.0925925925925926,1.0925925925925926
omit_00_12,"0,12","1,2,3,4,5,6,7,8,9,10,11,13,14,15",224,14,16,22268.948889,23570.953464,3.195726652686168,652.7130619999989,3.019550060537002,-27.545869520277776,20092.6513165,9854.564719,22239.410089,1.1000061886994696,1.112171233626536,1.1158976007482684,0,0,1.1751771408700629,1.1751771408700629,1.1751771408700629,1.0925925925925926,1.0925925925925926,1.0925925925925926
omit_00_13,"0,13","1,2,3,4,5,6,7,8,9,10,11,12,14,15",224,14,16,22271.43288,23573.437455,3.195389911120204,655.1970529999999,3.031041381319577,-27.55350418995072,20087.9631275,9843.428292,22241.89408,1.1045384336205994,1.1156094263448622,1.13817416473729,0,0,1.1751771408700629,1.1751771408700629,1.1751771408700629,1.0925925925925926,1.0925925925925926,1.0925925925925926
omit_00_14,"0,14","1,2,3,4,5,6,7,8,9,10,11,12,13,15",224,14,16,22238.140261,23540.144836,3.1999091228586414,621.904434,2.8770246539557176,-27.451043750573966,20072.247757,9834.63798,22208.601515,1.1011916420048249,1.1140123361736505,1.1213715638509612,0,0,1.1751771408700629,1.1751771408700629,1.1751771408700629,1.0925925925925926,1.0925925925925926,1.0925925925925926
omit_00_15,"0,15","1,2,3,4,5,6,7,8,9,10,11,12,13,14",224,14,16,22470.307251,23772.311826,3.168657922943154,854.0714239999979,3.951064518519032,-28.15957697710052,20268.406739,10439.512499,22440.768451,1.0730442125093427,1.0794704099686183,1.0817466975173695,0,0,1.2030723890116737,1.2030723890116737,1.2030723890116737,1.0535714285714286,1.0535714285714286,1.0535714285714286
omit_01_02,"1,2","0,3,4,5,6,7,8,9,10,11,12,13,14,15",224,14,16,21885.628513,23187.633088,3.2485559836252884,269.39268599999923,1.2462516053026729,-26.348112749121498,20218.998786,9981.951109,21856.089713,1.1450044982450536,1.1576963171077301,1.1894121245592923,0,0,1.134743528142323,1.134743528142323,1.134743528142323,1.1568627450980393,1.1568627450980393,1.1568627450980393
omit_01_03,"1,3","0,2,4,5,6,7,8,9,10,11,12,13,14,15",224,14,16,21880.085812,23182.090387,3.249332694189281,263.84998500000074,1.220610226089569,-26.330503017544103,20209.095879,9985.154807,21850.547012,1.1483712181283292,1.156736416622514,1.1751499079132002,0,0,1.134743528142323,1.134743528142323,1.134743528142323,1.1568627450980393,1.1568627450980393,1.1568627450980393
omit_01_04,"1,4","0,2,3,5,6,7,8,9,10,11,12,13,14,15",224,14,16,21876.003858,23178.008433,3.249904944675199,259.7680309999996,1.2017264850318288,-26.31752884425588,20209.1070185,9976.950119,21846.465058,1.1439580581035242,1.155895208889274,1.1592430094407509,0,0,1.134743528142323,1.134743528142323,1.134743528142323,1.1568627450980393,1.1568627450980393,1.1568627450980393
omit_01_05,"1,5","0,2,3,4,6,7,8,9,10,11,12,13,14,15",224,14,16,21871.810091,23173.814666,3.250493080219844,255.57426399999895,1.1823254800022553,-26.304194521855152,20205.118877,9978.467162,21842.271291,1.1467473771664896,1.1551993080102252,1.1851699795740733,0,0,1.134743528142323,1.134743528142323,1.134743528142323,1.1568627450980393,1.1568627450980393,1.1568627450980393
omit_01_06,"1,6","0,2,3,4,5,7,8,9,10,11,12,13,14,15",224,14,16,21874.369186,23176.373761,3.250134166410682,258.1333589999995,1.1941642433303645,-26.312331884898434,20208.302526,9978.020181,21844.830386,1.1435118351843803,1.155610749776269,1.1626787804638663,0,0,1.134743528142323,1.134743528142323,1.134743528142323,1.1568627450980393,1.1568627450980393,1.1568627450980393
omit_01_07,"1,7","0,2,3,4,5,6,8,9,10,11,12,13,14,15",224,14,16,21871.512329,23173.516904,3.2505348465742805,255.27650200000062,1.1809479876285556,-26.303247587019086,20206.6367505,9978.492238,21841.973529,1.1421998772455224,1.1540752098433016,1.1611624251079047,0,0,1.134743528142323,1.134743528142323,1.134743528142323,1.1568627450980393,1.1568627450980393,1.1568627450980393
omit_01_08,"1,8","0,2,3,4,5,6,7,9,10,11,12,13,14,15",224,14,16,21875.694905,23177.69948,3.249948265104097,259.45907799999986,1.2002972213872587,-26.31654667514414,20205.355511,9973.607551,21846.156105,1.143616546865241,1.1548003164695475,1.1599165304148147,0,0,1.134743528142323,1.134743528142323,1.134743528142323,1.1568627450980393,1.1568627450980393,1.1568627450980393
omit_01_09,"1,9","0,2,3,4,5,6,7,8,10,11,12,13,14,15",224,14,16,21876.696306,23178.700881,3.2498078559647183,260.4604790000012,1.2049298549688725,-26.31973005820869,20209.041877,9979.402595,21847.157506,1.143785309015656,1.1565263727725568,1.159967400781627,0,0,1.134743528142323,1.134743528142323,1.134743528142323,1.1568627450980393,1.1568627450980393,1.1568627450980393
omit_01_10,"1,10","0,2,3,4,5,6,7,8,9,11,12,13,14,15",224,14,16,21888.685876,23190.690451,3.248127707680304,272.4500489999991,1.260395432305983,-26.35782270387409,20213.672218,9972.48446,21859.147076,1.1420364602102218,1.1543547598394177,1.1866104954823637,0,0,1.134743528142323,1.134743528142323,1.134743528142323,1.1568627450980393,1.1568627450980393,1.1568627450980393
omit_01_11,"1,11","0,2,3,4,5,6,7,8,9,10,12,13,14,15",224,14,16,21871.973455,23173.97803,3.2504701660032653,255.73762799999895,1.1830812267534796,-26.304714037388955,20203.3970895,9969.529754,21842.434655,1.1415213676621014,1.1528438068628313,1.1559647208589336,0,0,1.134743528142323,1.134743528142323,1.134743528142323,1.1568627450980393,1.1568627450980393,1.1568627450980393
omit_01_12,"1,12","0,2,3,4,5,6,7,8,9,10,11,13,14,15",224,14,16,21868.962103,23170.966678,3.2508926045649096,252.72627600000123,1.16915025364559,-26.29513642891631,20201.469945,9971.27756,21839.423303,1.1413427098406896,1.1534605856400257,1.15649821288174,0,0,1.134743528142323,1.134743528142323,1.134743528142323,1.1568627450980393,1.1568627450980393,1.1568627450980393
omit_01_13,"1,13","0,2,3,4,5,6,7,8,9,10,11,12,14,15",224,14,16,21871.622757,23173.627332,3.2505193569810076,255.38693000000058,1.1814588443794127,-26.303598770062585,20196.677459,9960.317041,21842.083957,1.1471959548205704,1.154446454412941,1.1824804845377035,0,0,1.134743528142323,1.134743528142323,1.134743528142323,1.1568627450980393,1.1568627450980393,1.1568627450980393
omit_01_14,"1,14","0,2,3,4,5,6,7,8,9,10,11,12,13,15",224,14,16,21836.578541,23138.583116,3.25544238540877,220.34271399999852,1.0193389624514326,-26.191982920890787,20180.591054,9951.175512,21807.039795,1.1425414445687807,1.1539954955147338,1.1604390403313432,0,0,1.134743528142323,1.134743528142323,1.134743528142323,1.1568627450980393,1.1568627450980393,1.1568627450980393
omit_01_15,"1,15","0,2,3,4,5,6,7,8,9,10,11,12,13,14",224,14,16,22083.339279,23385.343854,3.22109115369051,467.1034519999994,2.1608917285060203,-26.970800665819617,20382.756426,10577.259138,22053.800479,1.1123922661802947,1.1162578896153046,1.1258467874791869,0,0,1.1607310244897229,1.1607310244897229,1.1607310244897229,1.1132075471698113,1.1132075471698113,1.1132075471698113
omit_02_03,"2,3","0,1,4,5,6,7,8,9,10,11,12,13,14,15",224,14,16,21882.13371,23184.138285,3.2490456745966627,265.8978829999978,1.230084114218788,-26.337010381056047,20221.697542,9981.127307,21852.59491,1.1517328836172207,1.1563392145173745,1.1866747324386067,0,0,1.134743528142323,1.134743528142323,1.134743528142323,1.1568627450980393,1.1568627450980393,1.1568627450980393
omit_02_04,"2,4","0,1,3,5,6,7,8,9,10,11,12,13,14,15",224,14,16,21878.435717,23180.440292,3.249563997286396,262.19988999999987,1.2129766352405147,-26.325258869154688,20215.7902015,9972.970167,21848.896917,1.1428881664754116,1.154519432032982,1.1868835753954388,0,0,1.134743528142323,1.134743528142323,1.134743528142323,1.1568627450980393,1.1568627450980393,1.1568627450980393
omit_02_05,"2,5","0,1,3,4,6,7,8,9,10,11,12,13,14,15",224,14,16,21873.897013,23175.901588,3.2502003828464883,257.6611860000012,1.1919798991004926,-26.310830613106074,20213.2248055,9974.256748,21844.358213,1.1515506444215207,1.153827236468679,1.197304551222348,0,0,1.134743528142323,1.134743528142323,1.134743528142323,1.1568627450980393,1.1568627450980393,1.1568627450980393
omit_02_06,"2,6","0,1,3,4,5,7,8,9,10,11,12,13,14,15",224,14,16,21876.642152,23178.646727,3.2498154487330413,260.4063249999999,1.2046793303149395,-26.319557913502155,20215.345581,9973.810014,21847.103352,1.1451852284915338,1.1538953597323411,1.1869645898723773,0,0,1.134743528142323,1.134743528142323,1.134743528142323,1.1568627450980393,1.1568627450980393,1.1568627450980393
omit_02_07,"2,7","0,1,3,4,5,6,8,9,10,11,12,13,14,15",224,14,16,21873.921234,23175.925809,3.2501969860845157,257.68540700000085,1.1920919491363868,-26.31090762514806,20213.689649,9974.280147,21844.382434,1.1411672328363847,1.152603652866847,1.1854920058394718,0,0,1.134743528142323,1.134743528142323,1.134743528142323,1.1568627450980393,1.1568627450980393,1.1568627450980393
omit_02_08,"2,8","0,1,3,4,5,6,7,9,10,11,12,13,14,15",224,14,16,21875.651851,23177.656426,3.249954302093776,259.4160239999983,1.2000980470243228,-26.316409803350826,20211.2339035,9969.435964,21846.113051,1.1425333650542715,1.153329470847337,1.185533172423815,0,0,1.134743528142323,1.134743528142323,1.134743528142323,1.1568627450980393,1.1568627450980393,1.1568627450980393
omit_02_09,"2,9","0,1,3,4,5,6,7,8,10,11,12,13,14,15",224,14,16,21876.65757,23178.662145,3.249813287018345,260.42174299999897,1.2047506563317434,-26.31960692431431,20214.4642115,9975.235139,21847.11877,1.1427397676048305,1.154705627566179,1.187656767131454,0,0,1.134743528142323,1.134743528142323,1.134743528142323,1.1568627450980393,1.1568627450980393,1.1568627450980393
omit_02_10,"2,10","0,1,3,4,5,6,7,8,9,11,12,13,14,15",224,14,16,21889.658895,23191.66347,3.2479914306953392,273.42306800000006,1.2648967664318223,-26.360912401937508,20219.266901,9968.515189,21860.120095,1.1410556307837791,1.1524528949812827,1.1925426259349896,0,0,1.134743528142323,1.134743528142323,1.134743528142323,1.1568627450980393,1.1568627450980393,1.1568627450980393
omit_02_11,"2,11","0,1,3,4,5,6,7,8,9,10,12,13,14,15",224,14,16,21873.89519,23175.899765,3.250200638504968,257.65936299999885,1.1919714656247749,-26.310824816767752,20210.212098,9965.339238,21844.35639,1.1404630229398267,1.1520331969900601,1.184980400186457,0,0,1.134743528142323,1.134743528142323,1.134743528142323,1.1568627450980393,1.1568627450980393,1.1568627450980393
omit_02_12,"2,12","0,1,3,4,5,6,7,8,9,10,11,13,14,15",224,14,16,21869.632354,23171.636929,3.2507985708966882,253.3965270000008,1.1722509368790934,-26.297268378362315,20207.957137,9967.16453,21840.093554,1.1402814643108952,1.151867446135137,1.1859659094104114,0,0,1.134743528142323,1.134743528142323,1.134743528142323,1.1568627450980393,1.1568627450980393,1.1568627450980393
omit_02_13,"2,13","0,1,3,4,5,6,7,8,9,10,11,12,14,15",224,14,16,21872.483125,23174.4877,3.25039867932572,256.2472979999984,1.1854390378177149,-26.306334797117604,20208.330755,9964.145469,21842.944325,1.150557425856715,1.152767714288467,1.1854336991030747,0,0,1.134743528142323,1.134743528142323,1.134743528142323,1.1568627450980393,1.1568627450980393,1.1568627450980393
omit_02_14,"2,14","0,1,3,4,5,6,7,8,9,10,11,12,13,15",224,14,16,21841.523903,23143.528478,3.2547467550479423,225.28807600000073,1.042216960450637,-26.207754386478033,20199.2540805,9958.742637,21811.985157,1.1415113024275791,1.1529621141957076,1.1849966572053654,0,0,1.134743528142323,1.134743528142323,1.134743528142323,1.1568627450980393,1.1568627450980393,1.1568627450980393
omit_02_15,"2,15","0,1,3,4,5,6,7,8,9,10,11,12,13,14",224,14,16,22080.86735,23382.871925,3.22143167253952,464.631523,2.1494562083729907,-26.96308035685757,20385.3164985,10585.266249,22051.32855,1.1109655246280894,1.117008399890526,1.1521179952644587,0,0,1.1607310244897229,1.1607310244897229,1.1607310244897229,1.1132075471698113,1.1132075471698113,1.1132075471698113
omit_03_04,"3,4","0,1,2,5,6,7,8,9,10,11,12,13,14,15",224,14,16,21872.555578,23174.560153,3.2503885172715554,256.3197509999991,1.1857742164333773,-26.30656519316783,20215.1590075,9976.160145,21843.016778,1.1459556129704407,1.1539122684262388,1.173311713495703,0,0,1.134743528142323,1.134743528142323,1.134743528142323,1.1568627450980393,1.1568627450980393,1.1568627450980393
omit_03_05,"3,5","0,1,2,4,6,7,8,9,10,11,12,13,14,15",224,14,16,21868.850666,23170.855241,3.2509082392799593,252.61483899999803,1.168634729107021,-26.29478195564392,20212.599819,9977.551214,21839.311866,1.1468370985939598,1.154889110197912,1.1924865710624424,0,0,1.134743528142323,1.134743528142323,1.134743528142323,1.1568627450980393,1.1568627450980393,1.1568627450980393
omit_03_06,"3,6","0,1,2,4,5,7,8,9,10,11,12,13,14,15",224,14,16,21870.790091,23172.794666,3.2506361576082052,254.5542639999985,1.1776068046132515,-26.30095064373551,20214.727719,9977.111585,21841.251291,1.1460370863755347,1.1540341013516182,1.1726792559329586,0,0,1.134743528142323,1.134743528142323,1.134743528142323,1.1568627450980393,1.1568627450980393,1.1568627450980393
omit_03_07,"3,7","0,1,2,4,5,6,8,9,10,11,12,13,14,15",224,14,16,21868.059154,23170.063729,3.2510192934795676,251.82332699999824,1.1649730740143749,-26.292264113430484,20213.0814865,9977.630868,21838.520354,1.1445484510040949,1.1517123710418593,1.1744205412590965,0,0,1.134743528142323,1.134743528142323,1.134743528142323,1.1568627450980393,1.1568627450980393,1.1568627450980393
omit_03_08,"3,8","0,1,2,4,5,6,7,9,10,11,12,13,14,15",224,14,16,21871.376277,23173.380852,3.2505539306159994,255.14044999999896,1.1803185903501046,-26.30281490994778,20211.0148625,9972.73157,21841.837477,1.1446795403326848,1.153348653024163,1.1724560184858936,0,0,1.134743528142323,1.134743528142323,1.134743528142323,1.1568627450980393,1.1568627450980393,1.1568627450980393
omit_03_09,"3,9","0,1,2,4,5,6,7,8,10,11,12,13,14,15",224,14,16,21872.367384,23174.371959,3.2504149129649402,256.1315570000006,1.184903602319487,-26.305966744921005,20214.123121,9978.544248,21842.828584,1.1465641748808248,1.1541336913348137,1.1744798304454072,0,0,1.134743528142323,1.134743528142323,1.134743528142323,1.1568627450980393,1.1568627450980393,1.1568627450980393
omit_03_10,"3,10","0,1,2,4,5,6,7,8,9,11,12,13,14,15",224,14,16,21887.96063,23189.965205,3.248229290050378,271.724803000001,1.2570403338244551,-26.355519608805047,20220.3497185,9971.70181,21858.42183,1.1487647603414213,1.1531249282809535,1.1867815384436273,0,0,1.134743528142323,1.134743528142323,1.134743528142323,1.1568627450980393,1.1568627450980393,1.1568627450980393
omit_03_11,"3,11","0,1,2,4,5,6,7,8,9,10,12,13,14,15",224,14,16,21868.421998,23170.426573,3.250968383202158,252.1861710000012,1.1666516456348308,-26.293418361050225,20209.6438175,9968.630166,21838.883198,1.1442630275836414,1.151641023474319,1.1718230182413942,0,0,1.134743528142323,1.134743528142323,1.134743528142323,1.1568627450980393,1.1568627450980393,1.1568627450980393
omit_03_12,"3,12","0,1,2,4,5,6,7,8,9,10,11,13,14,15",224,14,16,21864.653775,23166.65835,3.2514971765071223,248.41794799999843,1.149219271977553,-26.281429457342675,20207.391309,9970.456969,21835.114975,1.1450909359737576,1.150949508732254,1.1716003718245764,0,0,1.134743528142323,1.134743528142323,1.134743528142323,1.1568627450980393,1.1568627450980393,1.1568627450980393
omit_03_13,"3,13","0,1,2,4,5,6,7,8,9,10,11,12,14,15",224,14,16,21867.303787,23169.308362,3.251125283380185,251.0679600000003,1.1614786311981318,-26.289861089979638,20203.1373525,9959.167805,21837.764987,1.1445890303717763,1.1524660380908078,1.1896578981258956,0,0,1.134743528142323,1.134743528142323,1.134743528142323,1.1568627450980393,1.1568627450980393,1.1568627450980393
omit_03_14,"3,14","0,1,2,4,5,6,7,8,9,10,11,12,13,15",224,14,16,21838.602323,23140.606898,3.25515767784986,222.36649599999873,1.0287012862907785,-26.198437865528966,20191.9984425,9947.738435,21809.063577,1.1440751853620537,1.1524769886851067,1.1743795366087846,0,0,1.134743528142323,1.134743528142323,1.134743528142323,1.1568627450980393,1.1568627450980393,1.1568627450980393
omit_03_15,"3,15","0,1,2,4,5,6,7,8,9,10,11,12,13,14",224,14,16,22079.876972,23381.881547,3.2215681215695344,463.6411449999978,2.144874568868649,-26.95998675815564,20381.1164255,10573.68271,22050.338172,1.1117449329735638,1.1162311427105027,1.1404614081503512,0,0,1.1607310244897229,1.1607310244897229,1.1607310244897229,1.1132075471698113,1.1132075471698113,1.1132075471698113
omit_04_05,"4,5","0,1,2,3,6,7,8,9,10,11,12,13,14,15",224,14,16,21864.470537,23166.475112,3.2515228946121315,248.23471000000063,1.1483715850746812,-26.28084637151008,20206.7083335,9969.460147,21834.931737,1.1455299710150275,1.1522257547425188,1.1829176324709052,0,0,1.134743528142323,1.134743528142323,1.134743528142323,1.1568627450980393,1.1568627450980393,1.1568627450980393
omit_04_06,"4,6","0,1,2,3,5,7,8,9,10,11,12,13,14,15",224,14,16,21867.07996,23169.084535,3.251156691164886,250.8441329999987,1.1604431733978293,-26.289149006632684,20208.820621,9969.016173,21837.54116,1.1414149030543197,1.152583288829416,1.1570424416936982,0,0,1.134743528142323,1.134743528142323,1.134743528142323,1.1568627450980393,1.1568627450980393,1.1568627450980393
omit_04_07,"4,7","0,1,2,3,5,6,8,9,10,11,12,13,14,15",224,14,16,21864.375783,23166.380358,3.2515361938326217,248.13995599999907,1.1479332386356456,-26.280544849020394,20207.174198,9969.492007,21834.836983,1.13997287448524,1.1505709544136908,1.1585724029159656,0,0,1.134743528142323,1.134743528142323,1.134743528142323,1.1568627450980393,1.1568627450980393,1.1568627450980393
omit_04_08,"4,8","0,1,2,3,5,6,7,9,10,11,12,13,14,15",224,14,16,21867.207297,23169.211872,3.251138822946413,250.9714700000004,1.1610322537586315,-26.289554118325086,20205.7561135,9964.655077,21837.668497,1.1413387780017064,1.1515011536983841,1.1562798894229096,0,0,1.134743528142323,1.134743528142323,1.134743528142323,1.1568627450980393,1.1568627450980393,1.1568627450980393
omit_04_09,"4,9","0,1,2,3,5,6,7,8,10,11,12,13,14,15",224,14,16,21868.205553,23170.210128,3.2509987521909514,251.96972599999935,1.1656503380911287,-26.29272982948425,20208.656615,9970.436202,21838.666753,1.1416896801253824,1.153126684836933,1.1577906190877691,0,0,1.134743528142323,1.134743528142323,1.134743528142323,1.1568627450980393,1.1568627450980393,1.1568627450980393
omit_04_10,"4,10","0,1,2,3,5,6,7,8,9,11,12,13,14,15",224,14,16,21883.687177,23185.691752,3.2488279849417254,267.45134999999937,1.2372706892193275,-26.34194588286114,20214.6048555,9963.554543,21854.148377,1.1399062462989897,1.1509558707453764,1.1878236205775181,0,0,1.134743528142323,1.134743528142323,1.134743528142323,1.1568627450980393,1.1568627450980393,1.1568627450980393
omit_04_11,"4,11","0,1,2,3,5,6,7,8,9,10,12,13,14,15",224,14,16,21864.592362,23166.596937,3.251505795994768,248.35653499999898,1.1489351660837643,-26.281234034657807,20203.859309,9960.570695,21835.053562,1.1392767416057865,1.1498407643819377,1.1552488488768569,0,0,1.134743528142323,1.134743528142323,1.134743528142323,1.1568627450980393,1.1568627450980393,1.1568627450980393
omit_04_12,"4,12","0,1,2,3,5,6,7,8,9,10,11,13,14,15",224,14,16,21860.511006,23162.515581,3.252078728267306,244.2751790000002,1.130054191465124,-26.268244403771945,20201.5979095,9962.353788,21830.972206,1.139235190579028,1.1501977783055748,1.155690965647025,0,0,1.134743528142323,1.134743528142323,1.134743528142323,1.1568627450980393,1.1568627450980393,1.1568627450980393
omit_04_13,"4,13","0,1,2,3,5,6,7,8,9,10,11,12,14,15",224,14,16,21863.159235,23165.16381,3.2517069523856796,246.92340799999874,1.1423053022560747,-26.276673378200645,20197.3603325,9951.399377,21833.620435,1.1448252656099314,1.151280239047351,1.1802234871436075,0,0,1.134743528142323,1.134743528142323,1.134743528142323,1.1568627450980393,1.1568627450980393,1.1568627450980393
omit_04_14,"4,14","0,1,2,3,5,6,7,8,9,10,11,12,13,15",224,14,16,21834.053366,23136.057941,3.2557976992546527,217.81753899999967,1.007657118210803,-26.183927176908682,20187.86266,9942.128575,21804.51462,1.140472154490796,1.1510223503885002,1.1572372299633868,0,0,1.134743528142323,1.134743528142323,1.134743528142323,1.1568627450980393,1.1568627450980393,1.1568627450980393
omit_04_15,"4,15","0,1,2,3,5,6,7,8,9,10,11,12,13,14",224,14,16,22073.66951,23375.674085,3.2224236161158024,457.4336829999993,2.116157903998417,-26.940590820950593,20374.896555,10566.29218,22044.13071,1.1101439952286256,1.113649170421931,1.1239332759693998,0,0,1.1607310244897229,1.1607310244897229,1.1607310244897229,1.1132075471698113,1.1132075471698113,1.1132075471698113
omit_05_06,"5,6","0,1,2,3,4,7,8,9,10,11,12,13,14,15",224,14,16,21862.803066,23164.807641,3.251756948795384,246.56723899999997,1.1406576102025223,-26.27553984996561,20206.281246,9970.251764,21833.264266,1.143786934436778,1.151620206744537,1.183014559376266,0,0,1.134743528142323,1.134743528142323,1.134743528142323,1.1568627450980393,1.1568627450980393,1.1568627450980393
omit_05_07,"5,7","0,1,2,3,4,6,8,9,10,11,12,13,14,15",224,14,16,21859.783511,23161.788086,3.252180873706407,243.54768400000103,1.1266886887669747,-26.26592854269344,20204.6308815,9970.717636,21830.244711,1.1425851012702326,1.1509579909035144,1.1809867072757354,0,0,1.134743528142323,1.134743528142323,1.134743528142323,1.1568627450980393,1.1568627450980393,1.1568627450980393
omit_05_08,"5,8","0,1,2,3,4,6,7,9,10,11,12,13,14,15",224,14,16,21863.137068,23165.141643,3.2517100639828,246.90124099999957,1.1422027543371183,-26.27660283147113,20202.9546815,9965.886354,21833.598268,1.142759296471701,1.1522181818245454,1.182584239734854,0,0,1.134743528142323,1.134743528142323,1.134743528142323,1.1568627450980393,1.1568627450980393,1.1568627450980393
omit_05_09,"5,9","0,1,2,3,4,6,7,8,10,11,12,13,14,15",224,14,16,21864.130747,23166.135322,3.2515705864238647,247.89491999999882,1.146799664770315,-26.279765093564357,20205.9327025,9971.673193,21834.591947,1.1451166439047546,1.1525690044659447,1.1827878190945602,0,0,1.134743528142323,1.134743528142323,1.134743528142323,1.1568627450980393,1.1568627450980393,1.1568627450980393
omit_05_10,"5,10","0,1,2,3,4,6,7,8,9,11,12,13,14,15",224,14,16,21878.043623,23180.048198,3.249618964149927,261.80779600000096,1.211162748664063,-26.324012649832707,20210.9045535,9965.250926,21848.504823,1.1464355783749902,1.1516301015240127,1.1828824880800908,0,0,1.134743528142323,1.134743528142323,1.134743528142323,1.1568627450980393,1.1568627450980393,1.1568627450980393
omit_05_11,"5,11","0,1,2,3,4,6,7,8,9,10,12,13,14,15",224,14,16,21860.74226,23162.746835,3.2520462599154483,244.50643299999865,1.1311240076988582,-26.26898053250185,20201.286305,9961.79751,21831.20346,1.1419030117814508,1.1499251025591875,1.1803349429983483,0,0,1.134743528142323,1.134743528142323,1.134743528142323,1.1568627450980393,1.1568627450980393,1.1568627450980393
omit_05_12,"5,12","0,1,2,3,4,6,7,8,9,10,11,13,14,15",224,14,16,21856.457051,23158.461626,3.2526480139579426,240.2212240000008,1.1112999780468202,-26.255337448893645,20199.026849,9963.619342,21826.918251,1.1423446738390601,1.149741006855147,1.1800512947603243,0,0,1.134743528142323,1.134743528142323,1.134743528142323,1.1568627450980393,1.1568627450980393,1.1568627450980393
omit_05_13,"5,13","0,1,2,3,4,6,7,8,9,10,11,12,14,15",224,14,16,21859.243569,23161.248144,3.252256689527489,243.00774199999796,1.1241908348190055,-26.264209631788315,20194.9996455,9953.088766,21829.704769,1.14424959654317,1.150452698361593,1.223182074714395,0,0,1.134743528142323,1.134743528142323,1.134743528142323,1.1568627450980393,1.1568627450980393,1.1568627450980393
omit_05_14,"5,14","0,1,2,3,4,6,7,8,9,10,11,12,13,15",224,14,16,21830.18147,23132.186045,3.256342658994473,213.9456429999991,0.9897451374617505,-26.17157174467485,20186.603003,9946.232528,21800.642724,1.1476695624038071,1.1511076850244462,1.1814156580490198,0,0,1.134743528142323,1.134743528142323,1.134743528142323,1.1568627450980393,1.1568627450980393,1.1568627450980393
omit_05_15,"5,15","0,1,2,3,4,6,7,8,9,10,11,12,13,14",224,14,16,22078.91786,23380.922435,3.221700273953718,462.68203300000096,2.140437570643461,-26.956990573835927,20377.9965415,10570.17832,22049.37906,1.1109732286974863,1.1138285985470489,1.1493399910800683,0,0,1.1607310244897229,1.1607310244897229,1.1607310244897229,1.1132075471698113,1.1132075471698113,1.1132075471698113
omit_06_07,"6,7","0,1,2,3,4,5,8,9,10,11,12,13,14,15",224,14,16,21862.611719,23164.616294,3.2517838093282316,246.37589200000002,1.1397724098302975,-26.274930862788924,20206.7437545,9970.286917,21833.072919,1.1396169912284577,1.150775009580505,1.1591439775379393,0,0,1.134743528142323,1.134743528142323,1.134743528142323,1.1568627450980393,1.1568627450980393,1.1568627450980393
omit_06_08,"6,8","0,1,2,3,4,5,7,9,10,11,12,13,14,15",224,14,16,21865.681657,23167.686232,3.251352917154361,249.44583000000057,1.1539744106993322,-26.284700133186956,20205.3983475,9965.444139,21836.142857,1.1411044910598607,1.151508952425428,1.156006205851889,0,0,1.134743528142323,1.134743528142323,1.134743528142323,1.1568627450980393,1.1568627450980393,1.1568627450980393
omit_06_09,"6,9","0,1,2,3,4,5,7,8,10,11,12,13,14,15",224,14,16,21866.67638,23168.680955,3.2512133237293375,250.44055300000036,1.1585761508355885,-26.28786502221847,20208.276842,9971.230096,21837.13758,1.1412940384361356,1.153140087935658,1.1560410060483215,0,0,1.134743528142323,1.134743528142323,1.134743528142323,1.1568627450980393,1.1568627450980393,1.1568627450980393
omit_06_10,"6,10","0,1,2,3,4,5,7,8,9,11,12,13,14,15",224,14,16,21880.00701,23182.011585,3.2493437395601292,263.77118300000075,1.2202456760327163,-26.33025259476782,20212.99352,9964.896185,21850.46821,1.139528163038239,1.1509862478425545,1.183676879710057,0,0,1.134743528142323,1.134743528142323,1.134743528142323,1.1568627450980393,1.1568627450980393,1.1568627450980393
omit_06_11,"6,11","0,1,2,3,4,5,7,8,9,10,12,13,14,15",224,14,16,21862.8792,23164.883775,3.251746261529868,246.64337299999897,1.141009817684946,-26.275782153708814,20203.4371315,9961.357496,21833.3404,1.1390100777783194,1.1502135679068402,1.1545587776132542,0,0,1.134743528142323,1.134743528142323,1.134743528142323,1.1568627450980393,1.1568627450980393,1.1568627450980393
omit_06_12,"6,12","0,1,2,3,4,5,7,8,9,10,11,13,14,15",224,14,16,21858.990504,23160.995079,3.252292224802909,242.7546770000008,1.1230201175765453,-26.263403969176412,20201.17696,9963.178179,21829.451704,1.1387459413208751,1.1502834880160882,1.1535740206600835,0,0,1.134743528142323,1.134743528142323,1.134743528142323,1.1568627450980393,1.1568627450980393,1.1568627450980393
omit_06_13,"6,13","0,1,2,3,4,5,7,8,9,10,11,12,14,15",224,14,16,21861.633795,23163.63837,3.2519210933498157,245.39796800000113,1.1352483844272454,-26.27181833299722,20196.9328515,9952.648629,21832.094995,1.1446360716998676,1.1511664797066317,1.1826732399861635,0,0,1.134743528142323,1.134743528142323,1.134743528142323,1.1568627450980393,1.1568627450980393,1.1568627450980393
omit_06_14,"6,14","0,1,2,3,4,5,7,8,9,10,11,12,13,15",224,14,16,21833.238724,23135.243299,3.255912342939832,217.00289699999848,1.0038884602144638,-26.181327953186695,20188.2228755,9944.44407,21803.699978,1.1400164111685633,1.1509910744319718,1.1567057482940952,0,0,1.134743528142323,1.134743528142323,1.134743528142323,1.1568627450980393,1.1568627450980393,1.1568627450980393
omit_06_15,"6,15","0,1,2,3,4,5,7,8,9,10,11,12,13,14",224,14,16,22073.194559,23375.199134,3.2224890912080197,456.95873199999915,2.113960708317353,-26.93910635704292,20376.473121,10568.429708,22043.655759,1.1101209098021383,1.1137990707644516,1.1226715515647612,0,0,1.1607310244897229,1.1607310244897229,1.1607310244897229,1.1132075471698113,1.1132075471698113,1.1132075471698113
omit_07_08,"7,8","0,1,2,3,4,5,6,9,10,11,12,13,14,15",224,14,16,21860.975436,23162.980011,3.2520135223687965,244.7396090000002,1.1322027153974012,-26.269722764468007,20202.0451475,9965.925859,21831.436636,1.1394979234292386,1.150227253037233,1.157868139318338,0,0,1.134743528142323,1.134743528142323,1.134743528142323,1.1568627450980393,1.1568627450980393,1.1568627450980393
omit_07_09,"7,9","0,1,2,3,4,5,6,8,10,11,12,13,14,15",224,14,16,21861.966054,23163.970629,3.251874448494844,245.730227,1.1367854651783027,-26.27287587413751,20205.4171035,9971.717665,21832.427254,1.1397676542109882,1.1515843053734411,1.160077279466389,0,0,1.134743528142323,1.134743528142323,1.134743528142323,1.1568627450980393,1.1568627450980393,1.1568627450980393
omit_07_10,"7,10","0,1,2,3,4,5,6,8,9,11,12,13,14,15",224,14,16,21877.142113,23179.146688,3.2497453520636754,260.9062860000013,1.2069922260660837,-26.32114715869751,20211.5234685,9965.380216,21847.603313,1.1381376508909506,1.1491338847347845,1.1822876519084349,0,0,1.134743528142323,1.134743528142323,1.134743528142323,1.1568627450980393,1.1568627450980393,1.1568627450980393
omit_07_11,"7,11","0,1,2,3,4,5,6,8,9,10,12,13,14,15",224,14,16,21859.793641,23161.798216,3.2521794513387676,243.55781399999978,1.1267355516901834,-26.265960790886645,20201.563104,9961.842625,21830.254841,1.1373247069906254,1.1488648467868625,1.1567363276203564,0,0,1.134743528142323,1.134743528142323,1.134743528142323,1.1568627450980393,1.1568627450980393,1.1568627450980393
omit_07_12,"7,12","0,1,2,3,4,5,6,8,9,10,11,13,14,15",224,14,16,21855.521332,23157.525907,3.252779442702067,239.28550499999983,1.1069711994033504,-26.252357671080805,20199.3012335,9963.66072,21825.982532,1.1373704653249854,1.1486315366397,1.157395597641449,0,0,1.134743528142323,1.134743528142323,1.134743528142323,1.1568627450980393,1.1568627450980393,1.1568627450980393
omit_07_13,"7,13","0,1,2,3,4,5,6,8,9,10,11,12,14,15",224,14,16,21858.335869,23160.340444,3.252384151962863,242.1000419999982,1.119991676338028,-26.261319778891757,20195.047425,9952.786292,21828.797069,1.143303472737976,1.1496687201774205,1.1783883699866922,0,0,1.134743528142323,1.134743528142323,1.134743528142323,1.1568627450980393,1.1568627450980393,1.1568627450980393
omit_07_14,"7,14","0,1,2,3,4,5,6,8,9,10,11,12,13,15",224,14,16,21827.238219,23129.242794,3.2567570363207343,211.0023919999985,0.9761292099545127,-26.162176902084187,20183.0279445,9941.295285,21797.699292,1.138608653168193,1.149739138825577,1.1572112599734574,0,0,1.134743528142323,1.134743528142323,1.134743528142323,1.1568627450980393,1.1568627450980393,1.1568627450980393
omit_07_15,"7,15","0,1,2,3,4,5,6,8,9,10,11,12,13,14",224,14,16,22066.723451,23368.728026,3.2233814408008095,450.48762400000123,2.0840243768867284,-26.918874835121244,20371.820023,10564.944528,22037.184651,1.108514975463546,1.1118394940012848,1.1247690017400853,0,0,1.1607310244897229,1.1607310244897229,1.1607310244897229,1.1132075471698113,1.1132075471698113,1.1132075471698113
omit_08_09,"8,9","0,1,2,3,4,5,6,7,10,11,12,13,14,15",224,14,16,21868.010406,23170.014981,3.2510261333840145,251.7745790000008,1.164747558340018,-26.292109037798827,20208.3131515,9966.863622,21838.471606,1.1412132977330844,1.1519590854942643,1.1584317471958216,0,0,1.134743528142323,1.134743528142323,1.134743528142323,1.1568627450980393,1.1568627450980393,1.1568627450980393
omit_08_10,"8,10","0,1,2,3,4,5,6,7,9,11,12,13,14,15",224,14,16,21879.321223,23181.325798,3.2494398668357882,263.0853959999986,1.217073120896428,-26.328073178650545,20210.6132415,9960.23989,21849.782423,1.1395345326688546,1.1498864041468968,1.182370272421069,0,0,1.134743528142323,1.134743528142323,1.134743528142323,1.1568627450980393,1.1568627450980393,1.1568627450980393
omit_08_11,"8,11","0,1,2,3,4,5,6,7,9,10,12,13,14,15",224,14,16,21857.866976,23159.871551,3.2524499994853255,241.63114900000073,1.1178225058878555,-26.259826871173807,20197.9505985,9957.016724,21828.328176,1.1389843935962414,1.1491322294455797,1.1544783182548444,0,0,1.134743528142323,1.134743528142323,1.134743528142323,1.1568627450980393,1.1568627450980393,1.1568627450980393
omit_08_12,"8,12","0,1,2,3,4,5,6,7,9,10,11,13,14,15",224,14,16,21860.319052,23162.323627,3.252105679342262,244.0832249999985,1.1291661830184374,-26.26763336380713,20199.0528275,9958.832457,21830.780252,1.138823636111886,1.1493697335341935,1.153434266085368,0,0,1.134743528142323,1.134743528142323,1.134743528142323,1.1568627450980393,1.1568627450980393,1.1568627450980393
omit_08_13,"8,13","0,1,2,3,4,5,6,7,9,10,11,12,14,15",224,14,16,21862.96438,23164.968955,3.2517343045206837,246.72855300000083,1.141403873341451,-26.276053245325127,20194.088753,9948.107416,21833.42558,1.1435869712694553,1.1501414310994935,1.1798451299630526,0,0,1.134743528142323,1.134743528142323,1.134743528142323,1.1568627450980393,1.1568627450980393,1.1568627450980393
omit_08_14,"8,14","0,1,2,3,4,5,6,7,9,10,11,12,13,15",224,14,16,21839.574102,23141.578677,3.2550209847608893,223.33827499999825,1.0331968839877081,-26.201536997582597,20188.284709,9938.961471,21810.035356,1.1399967873967323,1.1502977114238175,1.156565874936672,0,0,1.134743528142323,1.134743528142323,1.134743528142323,1.1568627450980393,1.1568627450980393,1.1568627450980393
omit_08_15,"8,15","0,1,2,3,4,5,6,7,9,10,11,12,13,14",224,14,16,22073.570052,23375.574627,3.222437326829362,457.3342249999987,2.1156977961387824,-26.94027996901074,20373.623872,10562.40688,22044.031252,1.10978181302807,1.1134094640632761,1.118174766978833,0,0,1.1607310244897229,1.1607310244897229,1.1607310244897229,1.1132075471698113,1.1132075471698113,1.1132075471698113
omit_09_10,"9,10","0,1,2,3,4,5,6,7,8,11,12,13,14,15",224,14,16,21879.883032,23181.887607,3.2493611172277705,263.6472050000011,1.2196721349176265,-26.329858604938416,20213.097875,9965.989641,21850.344232,1.1398291825080809,1.1517330496218,1.1849413654246854,0,0,1.134743528142323,1.134743528142323,1.134743528142323,1.1568627450980393,1.1568627450980393,1.1568627450980393
omit_09_11,"9,11","0,1,2,3,4,5,6,7,8,10,12,13,14,15",224,14,16,21858.857108,23160.861683,3.2523109565228063,242.62128099999973,1.1224030073587077,-26.262979280013333,20200.3266835,9962.774303,21829.318308,1.1390532714849253,1.1508539930207622,1.1541266107135644,0,0,1.134743528142323,1.134743528142323,1.134743528142323,1.1568627450980393,1.1568627450980393,1.1568627450980393
omit_09_12,"9,12","0,1,2,3,4,5,6,7,8,10,11,13,14,15",224,14,16,21861.306491,23163.311066,3.251967043895422,245.07066399999894,1.1337342262610406,-26.270776533372654,20202.210829,9964.596082,21831.767691,1.139099169019524,1.1510248168018196,1.1528451366841683,0,0,1.134743528142323,1.134743528142323,1.134743528142323,1.1568627450980393,1.1568627450980393,1.1568627450980393
omit_09_13,"9,13","0,1,2,3,4,5,6,7,8,10,11,12,14,15",224,14,16,21863.955597,23165.960172,3.251595170450772,247.7197699999997,1.1459893941875965,-26.279207719769015,20197.013099,9953.532325,21834.416797,1.145535805135911,1.151966972090424,1.1800652349321537,0,0,1.134743528142323,1.134743528142323,1.134743528142323,1.1568627450980393,1.1568627450980393,1.1568627450980393
omit_09_14,"9,14","0,1,2,3,4,5,6,7,8,10,11,12,13,15",224,14,16,21837.661775,23139.66635,3.255289988834699,221.42594800000006,1.0243501679576772,-26.195438085384648,20190.1005785,9943.731548,21808.123029,1.1403322163001344,1.151522360334509,1.1576896928367348,0,0,1.134743528142323,1.134743528142323,1.134743528142323,1.1568627450980393,1.1568627450980393,1.1568627450980393
omit_09_15,"9,15","0,1,2,3,4,5,6,7,8,10,11,12,13,14",224,14,16,22074.236461,23376.241036,3.222345461707283,458.000634,2.118780705694978,-26.94236275276074,20376.134494,10568.252716,22044.697661,1.1100221048111933,1.11453305532209,1.1201887527093524,0,0,1.1607310244897229,1.1607310244897229,1.1607310244897229,1.1132075471698113,1.1132075471698113,1.1132075471698113
omit_10_11,"10,11","0,1,2,3,4,5,6,7,8,9,12,13,14,15",224,14,16,21879.229907,23181.234482,3.249452667096754,262.9940800000004,1.21665067916914,-26.327782968667346,20209.006034,9956.284037,21849.691107,1.1374253093698299,1.1487085829050951,1.1815906643063607,0,0,1.134743528142323,1.134743528142323,1.134743528142323,1.1568627450980393,1.1568627450980393,1.1568627450980393
omit_10_12,"10,12","0,1,2,3,4,5,6,7,8,9,11,13,14,15",224,14,16,21873.409906,23175.414481,3.250268696419011,257.17407900000035,1.189726467911556,-26.30928179462595,20206.302689,9957.928229,21843.871106,1.1373875676175382,1.1487019999215335,1.1819227356262805,0,0,1.134743528142323,1.134743528142323,1.134743528142323,1.1568627450980393,1.1568627450980393,1.1568627450980393
omit_10_13,"10,13","0,1,2,3,4,5,6,7,8,9,11,12,14,15",224,14,16,21870.994261,23172.998836,3.2506075172760234,254.7584339999994,1.1785513261369562,-26.301599982865675,20198.6049775,9946.996967,21841.455461,1.1465157906807273,1.1496938310802274,1.1840035263283584,0,0,1.134743528142323,1.134743528142323,1.134743528142323,1.1568627450980393,1.1568627450980393,1.1568627450980393
omit_10_14,"10,14","0,1,2,3,4,5,6,7,8,9,11,12,13,15",224,14,16,21841.243597,23143.248172,3.254786175834391,225.00777000000016,1.0409202221921987,-26.20686063081137,20189.4946585,9938.758982,21811.704851,1.1385939030948296,1.1494478204575804,1.1876902892130017,0,0,1.134743528142323,1.134743528142323,1.134743528142323,1.1568627450980393,1.1568627450980393,1.1568627450980393
omit_10_15,"10,15","0,1,2,3,4,5,6,7,8,9,11,12,13,14",224,14,16,22079.74734,23381.751915,3.2215859824347186,463.5115130000013,2.14427487148825,-26.959581813178424,20376.5380845,10562.374026,22050.20854,1.1083827930580727,1.112407741395565,1.15039968900308,0,0,1.1607310244897229,1.1607310244897229,1.1607310244897229,1.1132075471698113,1.1132075471698113,1.1132075471698113
omit_11_12,"11,12","0,1,2,3,4,5,6,7,8,9,10,13,14,15",224,14,16,21856.76673,23158.771305,3.252604519561326,240.53090299999894,1.112732600277977,-26.256323562235018,20196.458339,9954.762576,21827.22793,1.1366590835175718,1.1478585302379143,1.1504973011545099,0,0,1.134743528142323,1.134743528142323,1.134743528142323,1.1568627450980393,1.1568627450980393,1.1568627450980393
omit_11_13,"11,13","0,1,2,3,4,5,6,7,8,9,10,12,14,15",224,14,16,21859.603157,23161.607732,3.2522061976751098,243.36733000000095,1.125854343687438,-26.265354392795125,20192.3267545,9943.968932,21830.064357,1.1428940457236498,1.1490899863422004,1.1776374879891687,0,0,1.134743528142323,1.134743528142323,1.134743528142323,1.1568627450980393,1.1568627450980393,1.1568627450980393
omit_11_14,"11,14","0,1,2,3,4,5,6,7,8,9,10,12,13,15",224,14,16,21826.257271,23128.261846,3.2568951664285013,210.02144399999816,0.9715911950667566,-26.159045189663498,20180.5197395,9935.57742,21796.718525,1.137895722124673,1.1488154197535252,1.1544511456054023,0,0,1.134743528142323,1.134743528142323,1.134743528142323,1.1568627450980393,1.1568627450980393,1.1568627450980393
omit_11_15,"11,15","0,1,2,3,4,5,6,7,8,9,10,12,13,14",224,14,16,22064.320089,23366.324664,3.223712984275349,448.0842620000003,2.072906058141344,-26.911358017578724,20367.167369,10558.135079,22034.781289,1.10783260912209,1.1114691788638635,1.1195575635254105,0,0,1.1607310244897229,1.1607310244897229,1.1607310244897229,1.1132075471698113,1.1132075471698113,1.1132075471698113
omit_12_13,"12,13","0,1,2,3,4,5,6,7,8,9,10,11,14,15",224,14,16,21856.279443,23158.284018,3.252672959515568,240.04361599999902,1.1104783363816262,-26.254771878404203,20188.314858,9941.848801,21826.740643,1.1432195019961715,1.1490841557789322,1.1774439013109963,0,0,1.134743528142323,1.134743528142323,1.134743528142323,1.1568627450980393,1.1568627450980393,1.1568627450980393
omit_12_14,"12,14","0,1,2,3,4,5,6,7,8,9,10,11,13,15",224,14,16,21826.870022,23128.874597,3.2568088818251697,210.63419499999873,0.9744258745405743,-26.1610014508171,20181.247346,9936.408116,21797.331276,1.1378984946480182,1.1486969392190778,1.1545365442622157,0,0,1.134743528142323,1.134743528142323,1.134743528142323,1.1568627450980393,1.1568627450980393,1.1568627450980393
omit_12_15,"12,15","0,1,2,3,4,5,6,7,8,9,10,11,13,14",224,14,16,22066.254068,23368.258643,3.2234461867655786,450.01824099999794,2.0818529396218866,-26.91740690213158,20368.5188375,10559.556988,22036.715268,1.1077283110828842,1.111569331137091,1.1180045879949088,0,0,1.1607310244897229,1.1607310244897229,1.1607310244897229,1.1132075471698113,1.1132075471698113,1.1132075471698113
omit_13_14,"13,14","0,1,2,3,4,5,6,7,8,9,10,11,12,15",224,14,16,21799.075512,23101.080087,3.260727374237346,182.839684999999,0.8458442370045782,-26.07216063576272,20156.301252,9918.16391,21769.536766,1.142885243643701,1.1504042480907692,1.1787552540706379,0,0,1.134743528142323,1.134743528142323,1.134743528142323,1.1568627450980393,1.1568627450980393,1.1568627450980393
omit_13_15,"13,15","0,1,2,3,4,5,6,7,8,9,10,11,12,14",224,14,16,22078.481413,23380.485988,3.2217604139106117,462.2455860000009,2.1384185003321843,-26.955627069144395,20365.23801,10546.40025,22048.942613,1.1105355622120248,1.1129859038534222,1.1462352648288776,0,0,1.1607310244897229,1.1607310244897229,1.1607310244897229,1.1132075471698113,1.1132075471698113,1.1132075471698113
omit_14_15,"14,15","0,1,2,3,4,5,6,7,8,9,10,11,12,13",224,14,16,22169.304585,23471.30916,3.2092936827955847,553.0687580000013,2.558580330203397,-27.23827519929799,20413.094665,10529.16395,22139.765839,1.1089523896355633,1.1129539227551501,1.119634065800084,0,0,1.1607310244897229,1.1607310244897229,1.1607310244897229,1.1132075471698113,1.1132075471698113,1.1132075471698113
